drug,candidate,score,raw_path,display_path,candidate_foreground,candidate_sharpness,candidate_contrast,candidate_saturation,candidate_mean_r,candidate_mean_g,candidate_mean_b,candidate_std_r,candidate_std_g,candidate_std_b,candidate_blockiness,real_ref_foreground,real_ref_sharpness,real_ref_contrast,real_ref_saturation,real_ref_mean_r,real_ref_mean_g,real_ref_mean_b,real_ref_std_r,real_ref_std_g,real_ref_std_b,real_ref_blockiness
anisomycin,0,-0.5947360731348292,CPFLOW/comparison_outputs/full44_imageft2_morphology_candidates/images/anisomycin/candidate_000_raw.png,CPFLOW/comparison_outputs/full44_imageft2_morphology_candidates/images/anisomycin/candidate_000_display.png,0.4789276123046875,0.061220213770866394,0.9217615127563477,0.17426863312721252,0.1839800477027893,0.1919175237417221,0.12083937227725983,0.19268815219402313,0.20903445780277252,0.17283795773983002,0.49817103147506714,0.5993461608886719,0.06662949919700623,0.9252108335494995,0.23163125663995743,0.23270731419324875,0.23491361737251282,0.11240071430802345,0.19586677104234695,0.19961078464984894,0.1920841708779335,0.496023565530777
anisomycin,1,-2.199797932247136,CPFLOW/comparison_outputs/full44_imageft2_morphology_candidates/images/anisomycin/candidate_001_raw.png,CPFLOW/comparison_outputs/full44_imageft2_morphology_candidates/images/anisomycin/candidate_001_display.png,0.17909622192382812,0.03157281130552292,0.9411258101463318,0.08354710042476654,0.09348712116479874,0.09530269354581833,0.07315203547477722,0.18888285756111145,0.18732154369354248,0.1360430121421814,0.5018823742866516,0.5993461608886719,0.06662949919700623,0.9252108335494995,0.23163125663995743,0.23270731419324875,0.23491361737251282,0.11240071430802345,0.19586677104234695,0.19961078464984894,0.1920841708779335,0.496023565530777
anisomycin,2,-1.5604078521877354,CPFLOW/comparison_outputs/full44_imageft2_morphology_candidates/images/anisomycin/candidate_002_raw.png,CPFLOW/comparison_outputs/full44_imageft2_morphology_candidates/images/anisomycin/candidate_002_display.png,0.284637451171875,0.04101777449250221,0.9001951217651367,0.1303214579820633,0.14395788311958313,0.142312690615654,0.12833113968372345,0.20432117581367493,0.21047088503837585,0.16010451316833496,0.5028894543647766,0.5993461608886719,0.06662949919700623,0.9252108335494995,0.23163125663995743,0.23270731419324875,0.23491361737251282,0.11240071430802345,0.19586677104234695,0.19961078464984894,0.1920841708779335,0.496023565530777
anisomycin,3,-0.38416853622510677,CPFLOW/comparison_outputs/full44_imageft2_morphology_candidates/images/anisomycin/candidate_003_raw.png,CPFLOW/comparison_outputs/full44_imageft2_morphology_candidates/images/anisomycin/candidate_003_display.png,0.5479507446289062,0.058027900755405426,0.8950462937355042,0.18692120909690857,0.20665407180786133,0.19212794303894043,0.11229357868432999,0.20049801468849182,0.18860706686973572,0.18167896568775177,0.4942868947982788,0.5993461608886719,0.06662949919700623,0.9252108335494995,0.23163125663995743,0.23270731419324875,0.23491361737251282,0.11240071430802345,0.19586677104234695,0.19961078464984894,0.1920841708779335,0.496023565530777
anisomycin,4,-2.376801475611953,CPFLOW/comparison_outputs/full44_imageft2_morphology_candidates/images/anisomycin/candidate_004_raw.png,CPFLOW/comparison_outputs/full44_imageft2_morphology_candidates/images/anisomycin/candidate_004_display.png,0.15743637084960938,0.03213951736688614,0.9062281250953674,0.07648743689060211,0.06065366789698601,0.07724661380052567,0.06310758739709854,0.15429151058197021,0.17342360317707062,0.12782330811023712,0.48332449793815613,0.5993461608886719,0.06662949919700623,0.9252108335494995,0.23163125663995743,0.23270731419324875,0.23491361737251282,0.11240071430802345,0.19586677104234695,0.19961078464984894,0.1920841708779335,0.496023565530777
anisomycin,5,-1.507152120340643,CPFLOW/comparison_outputs/full44_imageft2_morphology_candidates/images/anisomycin/candidate_005_raw.png,CPFLOW/comparison_outputs/full44_imageft2_morphology_candidates/images/anisomycin/candidate_005_display.png,0.2630805969238281,0.05029347911477089,0.9204388856887817,0.12411771714687347,0.14541320502758026,0.13995829224586487,0.1134066954255104,0.20330965518951416,0.21893657743930817,0.15031421184539795,0.490691602230072,0.5993461608886719,0.06662949919700623,0.9252108335494995,0.23163125663995743,0.23270731419324875,0.23491361737251282,0.11240071430802345,0.19586677104234695,0.19961078464984894,0.1920841708779335,0.496023565530777
anisomycin,6,-0.9292141116529461,CPFLOW/comparison_outputs/full44_imageft2_morphology_candidates/images/anisomycin/candidate_006_raw.png,CPFLOW/comparison_outputs/full44_imageft2_morphology_candidates/images/anisomycin/candidate_006_display.png,0.41996002197265625,0.06247815489768982,0.9341195225715637,0.16106624901294708,0.14708423614501953,0.13862167298793793,0.07783277332782745,0.20369598269462585,0.18546096980571747,0.16331396996974945,0.5051943063735962,0.5993461608886719,0.06662949919700623,0.9252108335494995,0.23163125663995743,0.23270731419324875,0.23491361737251282,0.11240071430802345,0.19586677104234695,0.19961078464984894,0.1920841708779335,0.496023565530777
anisomycin,7,-0.9536218678857373,CPFLOW/comparison_outputs/full44_imageft2_morphology_candidates/images/anisomycin/candidate_007_raw.png,CPFLOW/comparison_outputs/full44_imageft2_morphology_candidates/images/anisomycin/candidate_007_display.png,0.8102188110351562,0.055892810225486755,0.8595191836357117,0.25270402431488037,0.29342955350875854,0.25552862882614136,0.1305074542760849,0.1756507307291031,0.16513052582740784,0.18335723876953125,0.5140654444694519,0.5993461608886719,0.06662949919700623,0.9252108335494995,0.23163125663995743,0.23270731419324875,0.23491361737251282,0.11240071430802345,0.19586677104234695,0.19961078464984894,0.1920841708779335,0.496023565530777
anisomycin,8,-0.42948108479089275,CPFLOW/comparison_outputs/full44_imageft2_morphology_candidates/images/anisomycin/candidate_008_raw.png,CPFLOW/comparison_outputs/full44_imageft2_morphology_candidates/images/anisomycin/candidate_008_display.png,0.520477294921875,0.06141365319490433,0.9558131098747253,0.21904899179935455,0.2021784633398056,0.21417953073978424,0.104338139295578,0.22159184515476227,0.2312423288822174,0.18319633603096008,0.5004292130470276,0.5993461608886719,0.06662949919700623,0.9252108335494995,0.23163125663995743,0.23270731419324875,0.23491361737251282,0.11240071430802345,0.19586677104234695,0.19961078464984894,0.1920841708779335,0.496023565530777
anisomycin,9,-0.36110388272879634,CPFLOW/comparison_outputs/full44_imageft2_morphology_candidates/images/anisomycin/candidate_009_raw.png,CPFLOW/comparison_outputs/full44_imageft2_morphology_candidates/images/anisomycin/candidate_009_display.png,0.6074256896972656,0.04986643046140671,0.9218729734420776,0.227838397026062,0.2547636926174164,0.28941646218299866,0.14888326823711395,0.21271227300167084,0.2491748183965683,0.18620313704013824,0.4839736223220825,0.5993461608886719,0.06662949919700623,0.9252108335494995,0.23163125663995743,0.23270731419324875,0.23491361737251282,0.11240071430802345,0.19586677104234695,0.19961078464984894,0.1920841708779335,0.496023565530777
anisomycin,10,-0.2229578631465719,CPFLOW/comparison_outputs/full44_imageft2_morphology_candidates/images/anisomycin/candidate_010_raw.png,CPFLOW/comparison_outputs/full44_imageft2_morphology_candidates/images/anisomycin/candidate_010_display.png,0.6243629455566406,0.05579669028520584,0.9171455502510071,0.22259846329689026,0.22416938841342926,0.24251362681388855,0.11661913245916367,0.19099530577659607,0.2121656835079193,0.17939983308315277,0.5092766284942627,0.5993461608886719,0.06662949919700623,0.9252108335494995,0.23163125663995743,0.23270731419324875,0.23491361737251282,0.11240071430802345,0.19586677104234695,0.19961078464984894,0.1920841708779335,0.496023565530777
anisomycin,11,-1.6923004229260532,CPFLOW/comparison_outputs/full44_imageft2_morphology_candidates/images/anisomycin/candidate_011_raw.png,CPFLOW/comparison_outputs/full44_imageft2_morphology_candidates/images/anisomycin/candidate_011_display.png,0.2519569396972656,0.0404549315571785,0.9276068806648254,0.11240606009960175,0.1252467781305313,0.14005224406719208,0.10275380313396454,0.2002839744091034,0.22345806658267975,0.15036830306053162,0.5245582461357117,0.5993461608886719,0.06662949919700623,0.9252108335494995,0.23163125663995743,0.23270731419324875,0.23491361737251282,0.11240071430802345,0.19586677104234695,0.19961078464984894,0.1920841708779335,0.496023565530777
anisomycin,12,-0.4516794192939235,CPFLOW/comparison_outputs/full44_imageft2_morphology_candidates/images/anisomycin/candidate_012_raw.png,CPFLOW/comparison_outputs/full44_imageft2_morphology_candidates/images/anisomycin/candidate_012_display.png,0.5117225646972656,0.06680791079998016,0.9269950985908508,0.2159498929977417,0.24128776788711548,0.25397351384162903,0.17188438773155212,0.23078525066375732,0.2587372064590454,0.18761798739433289,0.48739537596702576,0.5993461608886719,0.06662949919700623,0.9252108335494995,0.23163125663995743,0.23270731419324875,0.23491361737251282,0.11240071430802345,0.19586677104234695,0.19961078464984894,0.1920841708779335,0.496023565530777
anisomycin,13,-1.1475347342300537,CPFLOW/comparison_outputs/full44_imageft2_morphology_candidates/images/anisomycin/candidate_013_raw.png,CPFLOW/comparison_outputs/full44_imageft2_morphology_candidates/images/anisomycin/candidate_013_display.png,0.8254776000976562,0.06285808235406876,0.9170868396759033,0.30990368127822876,0.3280126452445984,0.3553774356842041,0.17949654161930084,0.1924690157175064,0.21318407356739044,0.2200329303741455,0.5035092234611511,0.5993461608886719,0.06662949919700623,0.9252108335494995,0.23163125663995743,0.23270731419324875,0.23491361737251282,0.11240071430802345,0.19586677104234695,0.19961078464984894,0.1920841708779335,0.496023565530777
anisomycin,14,-2.8544107083391603,CPFLOW/comparison_outputs/full44_imageft2_morphology_candidates/images/anisomycin/candidate_014_raw.png,CPFLOW/comparison_outputs/full44_imageft2_morphology_candidates/images/anisomycin/candidate_014_display.png,0.09369659423828125,0.021398348733782768,0.8753970861434937,0.0552840456366539,0.06760961562395096,0.062097299844026566,0.06540122628211975,0.15225626528263092,0.1471296101808548,0.10715769976377487,0.48645731806755066,0.5993461608886719,0.06662949919700623,0.9252108335494995,0.23163125663995743,0.23270731419324875,0.23491361737251282,0.11240071430802345,0.19586677104234695,0.19961078464984894,0.1920841708779335,0.496023565530777
anisomycin,15,-1.405575179011379,CPFLOW/comparison_outputs/full44_imageft2_morphology_candidates/images/anisomycin/candidate_015_raw.png,CPFLOW/comparison_outputs/full44_imageft2_morphology_candidates/images/anisomycin/candidate_015_display.png,0.8706512451171875,0.07831891626119614,0.9471405148506165,0.39616158604621887,0.3091917335987091,0.39253997802734375,0.14440268278121948,0.19832082092761993,0.22317399084568024,0.22655726969242096,0.5128849148750305,0.5993461608886719,0.06662949919700623,0.9252108335494995,0.23163125663995743,0.23270731419324875,0.23491361737251282,0.11240071430802345,0.19586677104234695,0.19961078464984894,0.1920841708779335,0.496023565530777
anisomycin,16,-2.5274639933126597,CPFLOW/comparison_outputs/full44_imageft2_morphology_candidates/images/anisomycin/candidate_016_raw.png,CPFLOW/comparison_outputs/full44_imageft2_morphology_candidates/images/anisomycin/candidate_016_display.png,0.14012908935546875,0.025046728551387787,0.9182463884353638,0.06031737104058266,0.0777869001030922,0.07816004008054733,0.05923553556203842,0.175965815782547,0.17057396471500397,0.1264883577823639,0.491567999124527,0.5993461608886719,0.06662949919700623,0.9252108335494995,0.23163125663995743,0.23270731419324875,0.23491361737251282,0.11240071430802345,0.19586677104234695,0.19961078464984894,0.1920841708779335,0.496023565530777
anisomycin,17,-2.041063238444845,CPFLOW/comparison_outputs/full44_imageft2_morphology_candidates/images/anisomycin/candidate_017_raw.png,CPFLOW/comparison_outputs/full44_imageft2_morphology_candidates/images/anisomycin/candidate_017_display.png,0.2012939453125,0.034833066165447235,0.9366271495819092,0.08757425844669342,0.10450799763202667,0.10723472386598587,0.07412190735340118,0.18026746809482574,0.199646458029747,0.14308790862560272,0.5268106460571289,0.5993461608886719,0.06662949919700623,0.9252108335494995,0.23163125663995743,0.23270731419324875,0.23491361737251282,0.11240071430802345,0.19586677104234695,0.19961078464984894,0.1920841708779335,0.496023565530777
anisomycin,18,-1.1849298071291514,CPFLOW/comparison_outputs/full44_imageft2_morphology_candidates/images/anisomycin/candidate_018_raw.png,CPFLOW/comparison_outputs/full44_imageft2_morphology_candidates/images/anisomycin/candidate_018_display.png,0.8717803955078125,0.06246664375066757,0.8770216703414917,0.2916107475757599,0.3090395927429199,0.27844470739364624,0.1542661041021347,0.16981874406337738,0.1640080064535141,0.20865167677402496,0.507635235786438,0.5993461608886719,0.06662949919700623,0.9252108335494995,0.23163125663995743,0.23270731419324875,0.23491361737251282,0.11240071430802345,0.19586677104234695,0.19961078464984894,0.1920841708779335,0.496023565530777
anisomycin,19,-1.7292613100645142,CPFLOW/comparison_outputs/full44_imageft2_morphology_candidates/images/anisomycin/candidate_019_raw.png,CPFLOW/comparison_outputs/full44_imageft2_morphology_candidates/images/anisomycin/candidate_019_display.png,0.2724418640136719,0.038869112730026245,0.8730182647705078,0.1075480580329895,0.11708546429872513,0.13740305602550507,0.09112992137670517,0.17141607403755188,0.2092294991016388,0.14506399631500244,0.5054308772087097,0.5993461608886719,0.06662949919700623,0.9252108335494995,0.23163125663995743,0.23270731419324875,0.23491361737251282,0.11240071430802345,0.19586677104234695,0.19961078464984894,0.1920841708779335,0.496023565530777
anisomycin,20,-3.089182029765687,CPFLOW/comparison_outputs/full44_imageft2_morphology_candidates/images/anisomycin/candidate_020_raw.png,CPFLOW/comparison_outputs/full44_imageft2_morphology_candidates/images/anisomycin/candidate_020_display.png,0.04898834228515625,0.023262962698936462,0.9003778100013733,0.05058927461504936,0.025311261415481567,0.031246881932020187,0.047128066420555115,0.12237998843193054,0.12178931385278702,0.09245514869689941,0.4590142071247101,0.5993461608886719,0.06662949919700623,0.9252108335494995,0.23163125663995743,0.23270731419324875,0.23491361737251282,0.11240071430802345,0.19586677104234695,0.19961078464984894,0.1920841708779335,0.496023565530777
anisomycin,21,-1.5095246744635662,CPFLOW/comparison_outputs/full44_imageft2_morphology_candidates/images/anisomycin/candidate_021_raw.png,CPFLOW/comparison_outputs/full44_imageft2_morphology_candidates/images/anisomycin/candidate_021_display.png,0.9053306579589844,0.07622135430574417,0.8745761513710022,0.35524609684944153,0.353503942489624,0.37731248140335083,0.1518258899450302,0.17509721219539642,0.19747993350028992,0.20030824840068817,0.5090780854225159,0.5993461608886719,0.06662949919700623,0.9252108335494995,0.23163125663995743,0.23270731419324875,0.23491361737251282,0.11240071430802345,0.19586677104234695,0.19961078464984894,0.1920841708779335,0.496023565530777
anisomycin,22,-3.1789082922065504,CPFLOW/comparison_outputs/full44_imageft2_morphology_candidates/images/anisomycin/candidate_022_raw.png,CPFLOW/comparison_outputs/full44_imageft2_morphology_candidates/images/anisomycin/candidate_022_display.png,0.078125,0.01746036671102047,0.8559033274650574,0.04810519888997078,0.028918350115418434,0.03358948603272438,0.03991072624921799,0.11834894865751266,0.12797214090824127,0.09804088622331619,0.4946995973587036,0.5993461608886719,0.06662949919700623,0.9252108335494995,0.23163125663995743,0.23270731419324875,0.23491361737251282,0.11240071430802345,0.19586677104234695,0.19961078464984894,0.1920841708779335,0.496023565530777
anisomycin,23,-1.0525121531484467,CPFLOW/comparison_outputs/full44_imageft2_morphology_candidates/images/anisomycin/candidate_023_raw.png,CPFLOW/comparison_outputs/full44_imageft2_morphology_candidates/images/anisomycin/candidate_023_display.png,0.8502235412597656,0.06533227860927582,0.891715407371521,0.3004142642021179,0.3043268024921417,0.26844465732574463,0.13646893203258514,0.17596960067749023,0.16443882882595062,0.21295315027236938,0.5084064602851868,0.5993461608886719,0.06662949919700623,0.9252108335494995,0.23163125663995743,0.23270731419324875,0.23491361737251282,0.11240071430802345,0.19586677104234695,0.19961078464984894,0.1920841708779335,0.496023565530777
anisomycin,24,-2.183452039482538,CPFLOW/comparison_outputs/full44_imageft2_morphology_candidates/images/anisomycin/candidate_024_raw.png,CPFLOW/comparison_outputs/full44_imageft2_morphology_candidates/images/anisomycin/candidate_024_display.png,0.17446136474609375,0.03359239548444748,0.9452257752418518,0.09079965949058533,0.08112286031246185,0.10331977903842926,0.07042107731103897,0.18179374933242798,0.19871550798416138,0.13919596374034882,0.5002241730690002,0.5993461608886719,0.06662949919700623,0.9252108335494995,0.23163125663995743,0.23270731419324875,0.23491361737251282,0.11240071430802345,0.19586677104234695,0.19961078464984894,0.1920841708779335,0.496023565530777
anisomycin,25,-1.6225775229381687,CPFLOW/comparison_outputs/full44_imageft2_morphology_candidates/images/anisomycin/candidate_025_raw.png,CPFLOW/comparison_outputs/full44_imageft2_morphology_candidates/images/anisomycin/candidate_025_display.png,0.2626152038574219,0.04196669161319733,0.9068382382392883,0.12289005517959595,0.1398972123861313,0.13726408779621124,0.11856381595134735,0.20639470219612122,0.20788617432117462,0.1485971361398697,0.5115143656730652,0.5993461608886719,0.06662949919700623,0.9252108335494995,0.23163125663995743,0.23270731419324875,0.23491361737251282,0.11240071430802345,0.19586677104234695,0.19961078464984894,0.1920841708779335,0.496023565530777
anisomycin,26,-2.762777757058483,CPFLOW/comparison_outputs/full44_imageft2_morphology_candidates/images/anisomycin/candidate_026_raw.png,CPFLOW/comparison_outputs/full44_imageft2_morphology_candidates/images/anisomycin/candidate_026_display.png,0.109039306640625,0.021435920149087906,0.9326182007789612,0.05369514599442482,0.06454751640558243,0.059883732348680496,0.054792653769254684,0.16572357714176178,0.1574845314025879,0.12781372666358948,0.46493279933929443,0.5993461608886719,0.06662949919700623,0.9252108335494995,0.23163125663995743,0.23270731419324875,0.23491361737251282,0.11240071430802345,0.19586677104234695,0.19961078464984894,0.1920841708779335,0.496023565530777
anisomycin,27,-4.6608815627984725,CPFLOW/comparison_outputs/full44_imageft2_morphology_candidates/images/anisomycin/candidate_027_raw.png,CPFLOW/comparison_outputs/full44_imageft2_morphology_candidates/images/anisomycin/candidate_027_display.png,0.9333419799804688,0.08045056462287903,0.8979142308235168,0.40755200386047363,0.35609400272369385,0.386537104845047,0.1423167884349823,0.18024371564388275,0.19614507257938385,0.22466467320919037,0.5012935400009155,0.5993461608886719,0.06662949919700623,0.9252108335494995,0.23163125663995743,0.23270731419324875,0.23491361737251282,0.11240071430802345,0.19586677104234695,0.19961078464984894,0.1920841708779335,0.496023565530777
anisomycin,28,-0.313320825416915,CPFLOW/comparison_outputs/full44_imageft2_morphology_candidates/images/anisomycin/candidate_028_raw.png,CPFLOW/comparison_outputs/full44_imageft2_morphology_candidates/images/anisomycin/candidate_028_display.png,0.5554046630859375,0.0631696879863739,0.9003262519836426,0.2079528272151947,0.24012812972068787,0.24934306740760803,0.15350094437599182,0.21331742405891418,0.23809300363063812,0.19025075435638428,0.4983806908130646,0.5993461608886719,0.06662949919700623,0.9252108335494995,0.23163125663995743,0.23270731419324875,0.23491361737251282,0.11240071430802345,0.19586677104234695,0.19961078464984894,0.1920841708779335,0.496023565530777
anisomycin,29,-1.263217707628658,CPFLOW/comparison_outputs/full44_imageft2_morphology_candidates/images/anisomycin/candidate_029_raw.png,CPFLOW/comparison_outputs/full44_imageft2_morphology_candidates/images/anisomycin/candidate_029_display.png,0.3690299987792969,0.04270389676094055,0.8665388226509094,0.13695740699768066,0.15387558937072754,0.16286370158195496,0.12197040021419525,0.18893958628177643,0.20525595545768738,0.15520678460597992,0.48632991313934326,0.5993461608886719,0.06662949919700623,0.9252108335494995,0.23163125663995743,0.23270731419324875,0.23491361737251282,0.11240071430802345,0.19586677104234695,0.19961078464984894,0.1920841708779335,0.496023565530777
anisomycin,30,-0.36332359932124136,CPFLOW/comparison_outputs/full44_imageft2_morphology_candidates/images/anisomycin/candidate_030_raw.png,CPFLOW/comparison_outputs/full44_imageft2_morphology_candidates/images/anisomycin/candidate_030_display.png,0.6860771179199219,0.0671958178281784,0.8928573727607727,0.24403494596481323,0.24576617777347565,0.257009893655777,0.1229366809129715,0.18801382184028625,0.20167729258537292,0.19018736481666565,0.5090844035148621,0.5993461608886719,0.06662949919700623,0.9252108335494995,0.23163125663995743,0.23270731419324875,0.23491361737251282,0.11240071430802345,0.19586677104234695,0.19961078464984894,0.1920841708779335,0.496023565530777
anisomycin,31,-0.546637495978802,CPFLOW/comparison_outputs/full44_imageft2_morphology_candidates/images/anisomycin/candidate_031_raw.png,CPFLOW/comparison_outputs/full44_imageft2_morphology_candidates/images/anisomycin/candidate_031_display.png,0.5185890197753906,0.05639126896858215,0.9061834812164307,0.1637427657842636,0.19637298583984375,0.17751505970954895,0.11950226873159409,0.1898925006389618,0.18376298248767853,0.17046619951725006,0.49549850821495056,0.5993461608886719,0.06662949919700623,0.9252108335494995,0.23163125663995743,0.23270731419324875,0.23491361737251282,0.11240071430802345,0.19586677104234695,0.19961078464984894,0.1920841708779335,0.496023565530777
monastrol,0,-0.316454000455466,CPFLOW/comparison_outputs/full44_imageft2_morphology_candidates/images/monastrol/candidate_000_raw.png,CPFLOW/comparison_outputs/full44_imageft2_morphology_candidates/images/monastrol/candidate_000_display.png,0.7981376647949219,0.0678001269698143,0.8618572950363159,0.238083153963089,0.27842774987220764,0.22715960443019867,0.19573980569839478,0.17070618271827698,0.1980166733264923,0.18524758517742157,0.502757728099823,0.7861499786376953,0.07624828442931175,0.9046584367752075,0.2784271240234375,0.2948877215385437,0.2723431885242462,0.1459544077515602,0.17427128553390503,0.185806043446064,0.2002406045794487,0.4988616853952408
monastrol,1,-3.8050864578021537,CPFLOW/comparison_outputs/full44_imageft2_morphology_candidates/images/monastrol/candidate_001_raw.png,CPFLOW/comparison_outputs/full44_imageft2_morphology_candidates/images/monastrol/candidate_001_display.png,0.9326629638671875,0.06974233686923981,0.8556886315345764,0.2588948905467987,0.34811922907829285,0.32998213171958923,0.23538029193878174,0.1560579389333725,0.17658331990242004,0.19083377718925476,0.5077379941940308,0.7861499786376953,0.07624828442931175,0.9046584367752075,0.2784271240234375,0.2948877215385437,0.2723431885242462,0.1459544077515602,0.17427128553390503,0.185806043446064,0.2002406045794487,0.4988616853952408
monastrol,2,-4.180126592026962,CPFLOW/comparison_outputs/full44_imageft2_morphology_candidates/images/monastrol/candidate_002_raw.png,CPFLOW/comparison_outputs/full44_imageft2_morphology_candidates/images/monastrol/candidate_002_display.png,0.9752845764160156,0.06895852088928223,0.7095862627029419,0.28801417350769043,0.38685551285743713,0.35358867049217224,0.2618861794471741,0.1481788158416748,0.1583544909954071,0.22065363824367523,0.5089125037193298,0.7861499786376953,0.07624828442931175,0.9046584367752075,0.2784271240234375,0.2948877215385437,0.2723431885242462,0.1459544077515602,0.17427128553390503,0.185806043446064,0.2002406045794487,0.4988616853952408
monastrol,3,-0.6799098608358826,CPFLOW/comparison_outputs/full44_imageft2_morphology_candidates/images/monastrol/candidate_003_raw.png,CPFLOW/comparison_outputs/full44_imageft2_morphology_candidates/images/monastrol/candidate_003_display.png,0.8874931335449219,0.06771109998226166,0.8774881362915039,0.28301674127578735,0.39579567313194275,0.3282463848590851,0.2131192982196808,0.18622194230556488,0.19422604143619537,0.18872231245040894,0.49639689922332764,0.7861499786376953,0.07624828442931175,0.9046584367752075,0.2784271240234375,0.2948877215385437,0.2723431885242462,0.1459544077515602,0.17427128553390503,0.185806043446064,0.2002406045794487,0.4988616853952408
monastrol,4,-0.6840931608076622,CPFLOW/comparison_outputs/full44_imageft2_morphology_candidates/images/monastrol/candidate_004_raw.png,CPFLOW/comparison_outputs/full44_imageft2_morphology_candidates/images/monastrol/candidate_004_display.png,0.8945121765136719,0.05880851671099663,0.8275586366653442,0.24072931706905365,0.283363938331604,0.2941347360610962,0.19218972325325012,0.14178965985774994,0.16350184381008148,0.1952449530363083,0.5044881105422974,0.7861499786376953,0.07624828442931175,0.9046584367752075,0.2784271240234375,0.2948877215385437,0.2723431885242462,0.1459544077515602,0.17427128553390503,0.185806043446064,0.2002406045794487,0.4988616853952408
monastrol,5,-3.737924198458771,CPFLOW/comparison_outputs/full44_imageft2_morphology_candidates/images/monastrol/candidate_005_raw.png,CPFLOW/comparison_outputs/full44_imageft2_morphology_candidates/images/monastrol/candidate_005_display.png,0.9460258483886719,0.06932826340198517,0.8123978972434998,0.27208471298217773,0.32449784874916077,0.2694655954837799,0.19076146185398102,0.14575466513633728,0.16348832845687866,0.20523886382579803,0.509905219078064,0.7861499786376953,0.07624828442931175,0.9046584367752075,0.2784271240234375,0.2948877215385437,0.2723431885242462,0.1459544077515602,0.17427128553390503,0.185806043446064,0.2002406045794487,0.4988616853952408
monastrol,6,-0.48840678979582575,CPFLOW/comparison_outputs/full44_imageft2_morphology_candidates/images/monastrol/candidate_006_raw.png,CPFLOW/comparison_outputs/full44_imageft2_morphology_candidates/images/monastrol/candidate_006_display.png,0.86834716796875,0.06809545308351517,0.8992469310760498,0.2967996299266815,0.3513077199459076,0.31038856506347656,0.18127955496311188,0.18404945731163025,0.19086241722106934,0.20008859038352966,0.5068951845169067,0.7861499786376953,0.07624828442931175,0.9046584367752075,0.2784271240234375,0.2948877215385437,0.2723431885242462,0.1459544077515602,0.17427128553390503,0.185806043446064,0.2002406045794487,0.4988616853952408
monastrol,7,-0.6308171445337812,CPFLOW/comparison_outputs/full44_imageft2_morphology_candidates/images/monastrol/candidate_007_raw.png,CPFLOW/comparison_outputs/full44_imageft2_morphology_candidates/images/monastrol/candidate_007_display.png,0.8601455688476562,0.06156449764966965,0.807356595993042,0.22752201557159424,0.29627159237861633,0.32054466009140015,0.22858069837093353,0.16515125334262848,0.19228495657444,0.18062594532966614,0.5223963260650635,0.7861499786376953,0.07624828442931175,0.9046584367752075,0.2784271240234375,0.2948877215385437,0.2723431885242462,0.1459544077515602,0.17427128553390503,0.185806043446064,0.2002406045794487,0.4988616853952408
monastrol,8,-0.6577558888728491,CPFLOW/comparison_outputs/full44_imageft2_morphology_candidates/images/monastrol/candidate_008_raw.png,CPFLOW/comparison_outputs/full44_imageft2_morphology_candidates/images/monastrol/candidate_008_display.png,0.9180335998535156,0.06800974905490875,0.868937611579895,0.2893522083759308,0.3394933044910431,0.2510296404361725,0.1899295598268509,0.16350160539150238,0.1554083675146103,0.2101256400346756,0.5126771330833435,0.7861499786376953,0.07624828442931175,0.9046584367752075,0.2784271240234375,0.2948877215385437,0.2723431885242462,0.1459544077515602,0.17427128553390503,0.185806043446064,0.2002406045794487,0.4988616853952408
monastrol,9,-3.6722629718511905,CPFLOW/comparison_outputs/full44_imageft2_morphology_candidates/images/monastrol/candidate_009_raw.png,CPFLOW/comparison_outputs/full44_imageft2_morphology_candidates/images/monastrol/candidate_009_display.png,0.9329605102539062,0.06641361117362976,0.8674228191375732,0.2789119780063629,0.32024574279785156,0.2293533980846405,0.14819203317165375,0.15675367414951324,0.15145905315876007,0.18367739021778107,0.5018022656440735,0.7861499786376953,0.07624828442931175,0.9046584367752075,0.2784271240234375,0.2948877215385437,0.2723431885242462,0.1459544077515602,0.17427128553390503,0.185806043446064,0.2002406045794487,0.4988616853952408
monastrol,10,-3.911641312798989,CPFLOW/comparison_outputs/full44_imageft2_morphology_candidates/images/monastrol/candidate_010_raw.png,CPFLOW/comparison_outputs/full44_imageft2_morphology_candidates/images/monastrol/candidate_010_display.png,0.9627113342285156,0.06371266394853592,0.7464920878410339,0.2735407054424286,0.3408330976963043,0.27575764060020447,0.18963953852653503,0.14937476813793182,0.1457982212305069,0.19364674389362335,0.5116354823112488,0.7861499786376953,0.07624828442931175,0.9046584367752075,0.2784271240234375,0.2948877215385437,0.2723431885242462,0.1459544077515602,0.17427128553390503,0.185806043446064,0.2002406045794487,0.4988616853952408
monastrol,11,-0.5176103442336799,CPFLOW/comparison_outputs/full44_imageft2_morphology_candidates/images/monastrol/candidate_011_raw.png,CPFLOW/comparison_outputs/full44_imageft2_morphology_candidates/images/monastrol/candidate_011_display.png,0.8904342651367188,0.08038303256034851,0.9059044718742371,0.29839614033699036,0.3381955623626709,0.31680434942245483,0.18469955027103424,0.1789022982120514,0.18578366935253143,0.2092599719762802,0.4991520941257477,0.7861499786376953,0.07624828442931175,0.9046584367752075,0.2784271240234375,0.2948877215385437,0.2723431885242462,0.1459544077515602,0.17427128553390503,0.185806043446064,0.2002406045794487,0.4988616853952408
monastrol,12,-4.061201783014631,CPFLOW/comparison_outputs/full44_imageft2_morphology_candidates/images/monastrol/candidate_012_raw.png,CPFLOW/comparison_outputs/full44_imageft2_morphology_candidates/images/monastrol/candidate_012_display.png,0.9824295043945312,0.06861934065818787,0.7248009443283081,0.28242895007133484,0.31019794940948486,0.35956674814224243,0.2397223860025406,0.14574339985847473,0.16673564910888672,0.2054949402809143,0.5010043978691101,0.7861499786376953,0.07624828442931175,0.9046584367752075,0.2784271240234375,0.2948877215385437,0.2723431885242462,0.1459544077515602,0.17427128553390503,0.185806043446064,0.2002406045794487,0.4988616853952408
monastrol,13,-3.8807765689903215,CPFLOW/comparison_outputs/full44_imageft2_morphology_candidates/images/monastrol/candidate_013_raw.png,CPFLOW/comparison_outputs/full44_imageft2_morphology_candidates/images/monastrol/candidate_013_display.png,0.9563331604003906,0.06581546366214752,0.7497738599777222,0.27936887741088867,0.3182796835899353,0.30778321623802185,0.19267144799232483,0.14949071407318115,0.14864681661128998,0.19742251932621002,0.4958000183105469,0.7861499786376953,0.07624828442931175,0.9046584367752075,0.2784271240234375,0.2948877215385437,0.2723431885242462,0.1459544077515602,0.17427128553390503,0.185806043446064,0.2002406045794487,0.4988616853952408
monastrol,14,-3.8781232936211723,CPFLOW/comparison_outputs/full44_imageft2_morphology_candidates/images/monastrol/candidate_014_raw.png,CPFLOW/comparison_outputs/full44_imageft2_morphology_candidates/images/monastrol/candidate_014_display.png,0.9491424560546875,0.07327739894390106,0.8006672859191895,0.28940895199775696,0.36562028527259827,0.3517199158668518,0.20441846549510956,0.15137049555778503,0.17167440056800842,0.20178182423114777,0.5008124113082886,0.7861499786376953,0.07624828442931175,0.9046584367752075,0.2784271240234375,0.2948877215385437,0.2723431885242462,0.1459544077515602,0.17427128553390503,0.185806043446064,0.2002406045794487,0.4988616853952408
monastrol,15,-4.042494296034782,CPFLOW/comparison_outputs/full44_imageft2_morphology_candidates/images/monastrol/candidate_015_raw.png,CPFLOW/comparison_outputs/full44_imageft2_morphology_candidates/images/monastrol/candidate_015_display.png,0.96484375,0.07077592611312866,0.7405351400375366,0.28795740008354187,0.40253782272338867,0.328558087348938,0.23311279714107513,0.15878897905349731,0.1618175059556961,0.20222333073616028,0.5019649863243103,0.7861499786376953,0.07624828442931175,0.9046584367752075,0.2784271240234375,0.2948877215385437,0.2723431885242462,0.1459544077515602,0.17427128553390503,0.185806043446064,0.2002406045794487,0.4988616853952408
monastrol,16,-0.6900929556383189,CPFLOW/comparison_outputs/full44_imageft2_morphology_candidates/images/monastrol/candidate_016_raw.png,CPFLOW/comparison_outputs/full44_imageft2_morphology_candidates/images/monastrol/candidate_016_display.png,0.8976478576660156,0.06848190724849701,0.8754181861877441,0.2898552715778351,0.35555803775787354,0.3387281000614166,0.2308267056941986,0.17411746084690094,0.1926264762878418,0.21474112570285797,0.5151606798171997,0.7861499786376953,0.07624828442931175,0.9046584367752075,0.2784271240234375,0.2948877215385437,0.2723431885242462,0.1459544077515602,0.17427128553390503,0.185806043446064,0.2002406045794487,0.4988616853952408
monastrol,17,-0.36151042487308577,CPFLOW/comparison_outputs/full44_imageft2_morphology_candidates/images/monastrol/candidate_017_raw.png,CPFLOW/comparison_outputs/full44_imageft2_morphology_candidates/images/monastrol/candidate_017_display.png,0.8423385620117188,0.07193298637866974,0.8659014105796814,0.2605646848678589,0.3136482834815979,0.2971522808074951,0.19894936680793762,0.17290478944778442,0.1878506988286972,0.2005937695503235,0.497322678565979,0.7861499786376953,0.07624828442931175,0.9046584367752075,0.2784271240234375,0.2948877215385437,0.2723431885242462,0.1459544077515602,0.17427128553390503,0.185806043446064,0.2002406045794487,0.4988616853952408
monastrol,18,-0.5755867885051841,CPFLOW/comparison_outputs/full44_imageft2_morphology_candidates/images/monastrol/candidate_018_raw.png,CPFLOW/comparison_outputs/full44_imageft2_morphology_candidates/images/monastrol/candidate_018_display.png,0.8746604919433594,0.06372328847646713,0.895718514919281,0.27447351813316345,0.3374709188938141,0.33709362149238586,0.2038555145263672,0.17344339191913605,0.196585014462471,0.2053905576467514,0.5013899803161621,0.7861499786376953,0.07624828442931175,0.9046584367752075,0.2784271240234375,0.2948877215385437,0.2723431885242462,0.1459544077515602,0.17427128553390503,0.185806043446064,0.2002406045794487,0.4988616853952408
monastrol,19,-4.1100105190703395,CPFLOW/comparison_outputs/full44_imageft2_morphology_candidates/images/monastrol/candidate_019_raw.png,CPFLOW/comparison_outputs/full44_imageft2_morphology_candidates/images/monastrol/candidate_019_display.png,0.988494873046875,0.07586895674467087,0.7268025279045105,0.31909674406051636,0.3357912600040436,0.3838667869567871,0.2363174557685852,0.16072583198547363,0.1700231283903122,0.21992219984531403,0.5024110078811646,0.7861499786376953,0.07624828442931175,0.9046584367752075,0.2784271240234375,0.2948877215385437,0.2723431885242462,0.1459544077515602,0.17427128553390503,0.185806043446064,0.2002406045794487,0.4988616853952408
monastrol,20,-4.0462410085183524,CPFLOW/comparison_outputs/full44_imageft2_morphology_candidates/images/monastrol/candidate_020_raw.png,CPFLOW/comparison_outputs/full44_imageft2_morphology_candidates/images/monastrol/candidate_020_display.png,0.9733695983886719,0.07447206974029541,0.742022693157196,0.30000370740890503,0.3781369924545288,0.3470129072666168,0.23210759460926056,0.15887679159641266,0.16823497414588928,0.21375180780887604,0.5113732218742371,0.7861499786376953,0.07624828442931175,0.9046584367752075,0.2784271240234375,0.2948877215385437,0.2723431885242462,0.1459544077515602,0.17427128553390503,0.185806043446064,0.2002406045794487,0.4988616853952408
monastrol,21,-0.4694814892137309,CPFLOW/comparison_outputs/full44_imageft2_morphology_candidates/images/monastrol/candidate_021_raw.png,CPFLOW/comparison_outputs/full44_imageft2_morphology_candidates/images/monastrol/candidate_021_display.png,0.866607666015625,0.06673230975866318,0.8643864393234253,0.24304459989070892,0.29564008116722107,0.23131141066551208,0.1531749665737152,0.15789644420146942,0.15517403185367584,0.18707634508609772,0.5078091025352478,0.7861499786376953,0.07624828442931175,0.9046584367752075,0.2784271240234375,0.2948877215385437,0.2723431885242462,0.1459544077515602,0.17427128553390503,0.185806043446064,0.2002406045794487,0.4988616853952408
monastrol,22,-3.938783732701753,CPFLOW/comparison_outputs/full44_imageft2_morphology_candidates/images/monastrol/candidate_022_raw.png,CPFLOW/comparison_outputs/full44_imageft2_morphology_candidates/images/monastrol/candidate_022_display.png,0.9586181640625,0.06751397252082825,0.7414669990539551,0.2856980264186859,0.3101397454738617,0.35259363055229187,0.2058720737695694,0.14551801979541779,0.1640920490026474,0.19689583778381348,0.4995785057544708,0.7861499786376953,0.07624828442931175,0.9046584367752075,0.2784271240234375,0.2948877215385437,0.2723431885242462,0.1459544077515602,0.17427128553390503,0.185806043446064,0.2002406045794487,0.4988616853952408
monastrol,23,-4.201137669633342,CPFLOW/comparison_outputs/full44_imageft2_morphology_candidates/images/monastrol/candidate_023_raw.png,CPFLOW/comparison_outputs/full44_imageft2_morphology_candidates/images/monastrol/candidate_023_display.png,0.9607963562011719,0.06298652291297913,0.7605127096176147,0.28314709663391113,0.41793105006217957,0.3972037732601166,0.26257142424583435,0.1564519852399826,0.16830217838287354,0.19965343177318573,0.5027243494987488,0.7861499786376953,0.07624828442931175,0.9046584367752075,0.2784271240234375,0.2948877215385437,0.2723431885242462,0.1459544077515602,0.17427128553390503,0.185806043446064,0.2002406045794487,0.4988616853952408
monastrol,24,-4.009486710175235,CPFLOW/comparison_outputs/full44_imageft2_morphology_candidates/images/monastrol/candidate_024_raw.png,CPFLOW/comparison_outputs/full44_imageft2_morphology_candidates/images/monastrol/candidate_024_display.png,0.9932098388671875,0.0851411297917366,0.7364204525947571,0.3100184202194214,0.30306166410446167,0.3367830216884613,0.19718679785728455,0.1612919718027115,0.16384752094745636,0.2005559206008911,0.5026611685752869,0.7861499786376953,0.07624828442931175,0.9046584367752075,0.2784271240234375,0.2948877215385437,0.2723431885242462,0.1459544077515602,0.17427128553390503,0.185806043446064,0.2002406045794487,0.4988616853952408
monastrol,25,-4.071926297899367,CPFLOW/comparison_outputs/full44_imageft2_morphology_candidates/images/monastrol/candidate_025_raw.png,CPFLOW/comparison_outputs/full44_imageft2_morphology_candidates/images/monastrol/candidate_025_display.png,0.9533882141113281,0.06119278818368912,0.7781676650047302,0.24851849675178528,0.3590860664844513,0.3564063310623169,0.24262163043022156,0.14823223650455475,0.16280196607112885,0.19044333696365356,0.5025197863578796,0.7861499786376953,0.07624828442931175,0.9046584367752075,0.2784271240234375,0.2948877215385437,0.2723431885242462,0.1459544077515602,0.17427128553390503,0.185806043446064,0.2002406045794487,0.4988616853952408
monastrol,26,-0.6156387981751162,CPFLOW/comparison_outputs/full44_imageft2_morphology_candidates/images/monastrol/candidate_026_raw.png,CPFLOW/comparison_outputs/full44_imageft2_morphology_candidates/images/monastrol/candidate_026_display.png,0.9079017639160156,0.07069826126098633,0.8148967027664185,0.26514732837677,0.2871696949005127,0.22326137125492096,0.1386556476354599,0.15384238958358765,0.14937253296375275,0.1810481995344162,0.4955376088619232,0.7861499786376953,0.07624828442931175,0.9046584367752075,0.2784271240234375,0.2948877215385437,0.2723431885242462,0.1459544077515602,0.17427128553390503,0.185806043446064,0.2002406045794487,0.4988616853952408
monastrol,27,-0.32487123747246227,CPFLOW/comparison_outputs/full44_imageft2_morphology_candidates/images/monastrol/candidate_027_raw.png,CPFLOW/comparison_outputs/full44_imageft2_morphology_candidates/images/monastrol/candidate_027_display.png,0.8418807983398438,0.07198704779148102,0.8696253895759583,0.27435311675071716,0.3214004635810852,0.24895814061164856,0.16121381521224976,0.18014344573020935,0.1939224898815155,0.18645265698432922,0.49468591809272766,0.7861499786376953,0.07624828442931175,0.9046584367752075,0.2784271240234375,0.2948877215385437,0.2723431885242462,0.1459544077515602,0.17427128553390503,0.185806043446064,0.2002406045794487,0.4988616853952408
monastrol,28,-3.898777805782066,CPFLOW/comparison_outputs/full44_imageft2_morphology_candidates/images/monastrol/candidate_028_raw.png,CPFLOW/comparison_outputs/full44_imageft2_morphology_candidates/images/monastrol/candidate_028_display.png,0.9423751831054688,0.06285719573497772,0.8342441916465759,0.2843996584415436,0.41086122393608093,0.2883077561855316,0.20973235368728638,0.16667824983596802,0.16214314103126526,0.17783619463443756,0.4953603744506836,0.7861499786376953,0.07624828442931175,0.9046584367752075,0.2784271240234375,0.2948877215385437,0.2723431885242462,0.1459544077515602,0.17427128553390503,0.185806043446064,0.2002406045794487,0.4988616853952408
monastrol,29,-3.618325018182778,CPFLOW/comparison_outputs/full44_imageft2_morphology_candidates/images/monastrol/candidate_029_raw.png,CPFLOW/comparison_outputs/full44_imageft2_morphology_candidates/images/monastrol/candidate_029_display.png,0.9225349426269531,0.06399285793304443,0.8841089606285095,0.27211272716522217,0.309414803981781,0.2906326353549957,0.1690773367881775,0.15159772336483002,0.1683703064918518,0.193302184343338,0.494061678647995,0.7861499786376953,0.07624828442931175,0.9046584367752075,0.2784271240234375,0.2948877215385437,0.2723431885242462,0.1459544077515602,0.17427128553390503,0.185806043446064,0.2002406045794487,0.4988616853952408
monastrol,30,-0.7073765453755649,CPFLOW/comparison_outputs/full44_imageft2_morphology_candidates/images/monastrol/candidate_030_raw.png,CPFLOW/comparison_outputs/full44_imageft2_morphology_candidates/images/monastrol/candidate_030_display.png,0.910247802734375,0.0660354346036911,0.85337895154953,0.29763203859329224,0.3825172185897827,0.29107463359832764,0.19814231991767883,0.17843398451805115,0.19177940487861633,0.18676429986953735,0.5137279629707336,0.7861499786376953,0.07624828442931175,0.9046584367752075,0.2784271240234375,0.2948877215385437,0.2723431885242462,0.1459544077515602,0.17427128553390503,0.185806043446064,0.2002406045794487,0.4988616853952408
monastrol,31,-4.088701454819599,CPFLOW/comparison_outputs/full44_imageft2_morphology_candidates/images/monastrol/candidate_031_raw.png,CPFLOW/comparison_outputs/full44_imageft2_morphology_candidates/images/monastrol/candidate_031_display.png,0.9554977416992188,0.06273412704467773,0.771399736404419,0.2865678668022156,0.4091542959213257,0.33851462602615356,0.2461475431919098,0.15549634397029877,0.16143502295017242,0.1959151178598404,0.5030646920204163,0.7861499786376953,0.07624828442931175,0.9046584367752075,0.2784271240234375,0.2948877215385437,0.2723431885242462,0.1459544077515602,0.17427128553390503,0.185806043446064,0.2002406045794487,0.4988616853952408
puromycin,0,-0.46373667508328315,CPFLOW/comparison_outputs/full44_imageft2_morphology_candidates/images/puromycin/candidate_000_raw.png,CPFLOW/comparison_outputs/full44_imageft2_morphology_candidates/images/puromycin/candidate_000_display.png,0.7828292846679688,0.06463649868965149,0.8686688542366028,0.24132630228996277,0.3265925645828247,0.2389649897813797,0.15371036529541016,0.19744902849197388,0.17573027312755585,0.17735333740711212,0.4933266043663025,0.7003211975097656,0.06551515683531761,0.9086706042289734,0.22955626249313354,0.2615959346294403,0.21597379446029663,0.11967161670327187,0.18439260125160217,0.17828943580389023,0.1926010698080063,0.49808932840824127
puromycin,1,-0.1911769851417992,CPFLOW/comparison_outputs/full44_imageft2_morphology_candidates/images/puromycin/candidate_001_raw.png,CPFLOW/comparison_outputs/full44_imageft2_morphology_candidates/images/puromycin/candidate_001_display.png,0.7037506103515625,0.06542182713747025,0.9042696356773376,0.2468511164188385,0.3079163134098053,0.2357301414012909,0.159226194024086,0.2208404690027237,0.18968501687049866,0.19626349210739136,0.5086372494697571,0.7003211975097656,0.06551515683531761,0.9086706042289734,0.22955626249313354,0.2615959346294403,0.21597379446029663,0.11967161670327187,0.18439260125160217,0.17828943580389023,0.1926010698080063,0.49808932840824127
puromycin,2,-0.6140355882102401,CPFLOW/comparison_outputs/full44_imageft2_morphology_candidates/images/puromycin/candidate_002_raw.png,CPFLOW/comparison_outputs/full44_imageft2_morphology_candidates/images/puromycin/candidate_002_display.png,0.8367042541503906,0.06527914106845856,0.8595738410949707,0.25067684054374695,0.27629217505455017,0.27218636870384216,0.15042579174041748,0.1588110774755478,0.17178337275981903,0.18911030888557434,0.5012347102165222,0.7003211975097656,0.06551515683531761,0.9086706042289734,0.22955626249313354,0.2615959346294403,0.21597379446029663,0.11967161670327187,0.18439260125160217,0.17828943580389023,0.1926010698080063,0.49808932840824127
puromycin,3,-0.8163503981964189,CPFLOW/comparison_outputs/full44_imageft2_morphology_candidates/images/puromycin/candidate_003_raw.png,CPFLOW/comparison_outputs/full44_imageft2_morphology_candidates/images/puromycin/candidate_003_display.png,0.8722877502441406,0.07442989200353622,0.8861672878265381,0.2772000730037689,0.3179395794868469,0.2722304165363312,0.1466445028781891,0.17660093307495117,0.1719859093427658,0.18803222477436066,0.5003575682640076,0.7003211975097656,0.06551515683531761,0.9086706042289734,0.22955626249313354,0.2615959346294403,0.21597379446029663,0.11967161670327187,0.18439260125160217,0.17828943580389023,0.1926010698080063,0.49808932840824127
puromycin,4,-1.4278981115394156,CPFLOW/comparison_outputs/full44_imageft2_morphology_candidates/images/puromycin/candidate_004_raw.png,CPFLOW/comparison_outputs/full44_imageft2_morphology_candidates/images/puromycin/candidate_004_display.png,0.389068603515625,0.049217820167541504,0.8744760751724243,0.1390678733587265,0.16769222915172577,0.14490178227424622,0.1200263723731041,0.20090897381305695,0.18669456243515015,0.14184126257896423,0.4858301877975464,0.7003211975097656,0.06551515683531761,0.9086706042289734,0.22955626249313354,0.2615959346294403,0.21597379446029663,0.11967161670327187,0.18439260125160217,0.17828943580389023,0.1926010698080063,0.49808932840824127
puromycin,5,-0.27439325061848086,CPFLOW/comparison_outputs/full44_imageft2_morphology_candidates/images/puromycin/candidate_005_raw.png,CPFLOW/comparison_outputs/full44_imageft2_morphology_candidates/images/puromycin/candidate_005_display.png,0.6722602844238281,0.05656919628381729,0.9031305313110352,0.21005848050117493,0.26844191551208496,0.23291805386543274,0.15468841791152954,0.20134533941745758,0.19748146831989288,0.1913234293460846,0.510355532169342,0.7003211975097656,0.06551515683531761,0.9086706042289734,0.22955626249313354,0.2615959346294403,0.21597379446029663,0.11967161670327187,0.18439260125160217,0.17828943580389023,0.1926010698080063,0.49808932840824127
puromycin,6,-0.2345739474389799,CPFLOW/comparison_outputs/full44_imageft2_morphology_candidates/images/puromycin/candidate_006_raw.png,CPFLOW/comparison_outputs/full44_imageft2_morphology_candidates/images/puromycin/candidate_006_display.png,0.7179489135742188,0.06122615188360214,0.8572258949279785,0.2030249536037445,0.26715171337127686,0.22844837605953217,0.15730559825897217,0.179642915725708,0.17820990085601807,0.17078515887260437,0.5003964304924011,0.7003211975097656,0.06551515683531761,0.9086706042289734,0.22955626249313354,0.2615959346294403,0.21597379446029663,0.11967161670327187,0.18439260125160217,0.17828943580389023,0.1926010698080063,0.49808932840824127
puromycin,7,-0.09752318400763901,CPFLOW/comparison_outputs/full44_imageft2_morphology_candidates/images/puromycin/candidate_007_raw.png,CPFLOW/comparison_outputs/full44_imageft2_morphology_candidates/images/puromycin/candidate_007_display.png,0.6888885498046875,0.06681546568870544,0.8996145129203796,0.2185375839471817,0.2552041709423065,0.21075353026390076,0.12576399743556976,0.19258081912994385,0.18140892684459686,0.1809070110321045,0.491577684879303,0.7003211975097656,0.06551515683531761,0.9086706042289734,0.22955626249313354,0.2615959346294403,0.21597379446029663,0.11967161670327187,0.18439260125160217,0.17828943580389023,0.1926010698080063,0.49808932840824127
puromycin,8,-1.096855935669294,CPFLOW/comparison_outputs/full44_imageft2_morphology_candidates/images/puromycin/candidate_008_raw.png,CPFLOW/comparison_outputs/full44_imageft2_morphology_candidates/images/puromycin/candidate_008_display.png,0.4544219970703125,0.05484648793935776,0.8785423040390015,0.16749367117881775,0.20160572230815887,0.14678603410720825,0.11767314374446869,0.21405479311943054,0.1737707108259201,0.1709040254354477,0.49138307571411133,0.7003211975097656,0.06551515683531761,0.9086706042289734,0.22955626249313354,0.2615959346294403,0.21597379446029663,0.11967161670327187,0.18439260125160217,0.17828943580389023,0.1926010698080063,0.49808932840824127
puromycin,9,-2.325192726809259,CPFLOW/comparison_outputs/full44_imageft2_morphology_candidates/images/puromycin/candidate_009_raw.png,CPFLOW/comparison_outputs/full44_imageft2_morphology_candidates/images/puromycin/candidate_009_display.png,0.20306396484375,0.042359933257102966,0.9037279486656189,0.10893584787845612,0.09416385740041733,0.0695648267865181,0.06291262060403824,0.19597379863262177,0.16546104848384857,0.1167197898030281,0.47976234555244446,0.7003211975097656,0.06551515683531761,0.9086706042289734,0.22955626249313354,0.2615959346294403,0.21597379446029663,0.11967161670327187,0.18439260125160217,0.17828943580389023,0.1926010698080063,0.49808932840824127
puromycin,10,-0.5426300947292644,CPFLOW/comparison_outputs/full44_imageft2_morphology_candidates/images/puromycin/candidate_010_raw.png,CPFLOW/comparison_outputs/full44_imageft2_morphology_candidates/images/puromycin/candidate_010_display.png,0.8123703002929688,0.0665687620639801,0.8865664005279541,0.2394913285970688,0.2849159240722656,0.2779152989387512,0.16319429874420166,0.16887785494327545,0.1817619949579239,0.19981524348258972,0.5238146185874939,0.7003211975097656,0.06551515683531761,0.9086706042289734,0.22955626249313354,0.2615959346294403,0.21597379446029663,0.11967161670327187,0.18439260125160217,0.17828943580389023,0.1926010698080063,0.49808932840824127
puromycin,11,-0.7260256075616824,CPFLOW/comparison_outputs/full44_imageft2_morphology_candidates/images/puromycin/candidate_011_raw.png,CPFLOW/comparison_outputs/full44_imageft2_morphology_candidates/images/puromycin/candidate_011_display.png,0.8747749328613281,0.06967362761497498,0.8852810859680176,0.2606765925884247,0.29751870036125183,0.19426405429840088,0.13313889503479004,0.16341851651668549,0.1405513733625412,0.19528068602085114,0.5099276304244995,0.7003211975097656,0.06551515683531761,0.9086706042289734,0.22955626249313354,0.2615959346294403,0.21597379446029663,0.11967161670327187,0.18439260125160217,0.17828943580389023,0.1926010698080063,0.49808932840824127
puromycin,12,-0.18842919328900626,CPFLOW/comparison_outputs/full44_imageft2_morphology_candidates/images/puromycin/candidate_012_raw.png,CPFLOW/comparison_outputs/full44_imageft2_morphology_candidates/images/puromycin/candidate_012_display.png,0.7312278747558594,0.06423227488994598,0.9096911549568176,0.2305402308702469,0.24744126200675964,0.24735528230667114,0.12866544723510742,0.1815788894891739,0.19275160133838654,0.18305684626102448,0.515940248966217,0.7003211975097656,0.06551515683531761,0.9086706042289734,0.22955626249313354,0.2615959346294403,0.21597379446029663,0.11967161670327187,0.18439260125160217,0.17828943580389023,0.1926010698080063,0.49808932840824127
puromycin,13,-0.3689330441001118,CPFLOW/comparison_outputs/full44_imageft2_morphology_candidates/images/puromycin/candidate_013_raw.png,CPFLOW/comparison_outputs/full44_imageft2_morphology_candidates/images/puromycin/candidate_013_display.png,0.6362075805664062,0.0583437904715538,0.8699074387550354,0.20888471603393555,0.24107398092746735,0.20750702917575836,0.12280214577913284,0.19452624022960663,0.1943051815032959,0.17227987945079803,0.50400310754776,0.7003211975097656,0.06551515683531761,0.9086706042289734,0.22955626249313354,0.2615959346294403,0.21597379446029663,0.11967161670327187,0.18439260125160217,0.17828943580389023,0.1926010698080063,0.49808932840824127
puromycin,14,-0.3719132645888567,CPFLOW/comparison_outputs/full44_imageft2_morphology_candidates/images/puromycin/candidate_014_raw.png,CPFLOW/comparison_outputs/full44_imageft2_morphology_candidates/images/puromycin/candidate_014_display.png,0.7809104919433594,0.06089022010564804,0.8891068696975708,0.2385137677192688,0.27139365673065186,0.24613049626350403,0.1203884705901146,0.17176802456378937,0.177044078707695,0.1751699298620224,0.494679719209671,0.7003211975097656,0.06551515683531761,0.9086706042289734,0.22955626249313354,0.2615959346294403,0.21597379446029663,0.11967161670327187,0.18439260125160217,0.17828943580389023,0.1926010698080063,0.49808932840824127
puromycin,15,-4.239711982490292,CPFLOW/comparison_outputs/full44_imageft2_morphology_candidates/images/puromycin/candidate_015_raw.png,CPFLOW/comparison_outputs/full44_imageft2_morphology_candidates/images/puromycin/candidate_015_display.png,0.9420852661132812,0.06532320380210876,0.8072952032089233,0.25783196091651917,0.3345441520214081,0.3518124520778656,0.21240678429603577,0.14014354348182678,0.16209712624549866,0.19987072050571442,0.5030944347381592,0.7003211975097656,0.06551515683531761,0.9086706042289734,0.22955626249313354,0.2615959346294403,0.21597379446029663,0.11967161670327187,0.18439260125160217,0.17828943580389023,0.1926010698080063,0.49808932840824127
puromycin,16,-0.9739103277056175,CPFLOW/comparison_outputs/full44_imageft2_morphology_candidates/images/puromycin/candidate_016_raw.png,CPFLOW/comparison_outputs/full44_imageft2_morphology_candidates/images/puromycin/candidate_016_display.png,0.49462127685546875,0.06020742654800415,0.9129214286804199,0.16949959099292755,0.19807544350624084,0.13471147418022156,0.08831175416707993,0.20313319563865662,0.1608830690383911,0.1548297107219696,0.49433988332748413,0.7003211975097656,0.06551515683531761,0.9086706042289734,0.22955626249313354,0.2615959346294403,0.21597379446029663,0.11967161670327187,0.18439260125160217,0.17828943580389023,0.1926010698080063,0.49808932840824127
puromycin,17,-0.5675116353642594,CPFLOW/comparison_outputs/full44_imageft2_morphology_candidates/images/puromycin/candidate_017_raw.png,CPFLOW/comparison_outputs/full44_imageft2_morphology_candidates/images/puromycin/candidate_017_display.png,0.5763931274414062,0.062074463814496994,0.8916593194007874,0.21549078822135925,0.24288776516914368,0.19473539292812347,0.08938202261924744,0.21303702890872955,0.20003798604011536,0.15784893929958344,0.5046336054801941,0.7003211975097656,0.06551515683531761,0.9086706042289734,0.22955626249313354,0.2615959346294403,0.21597379446029663,0.11967161670327187,0.18439260125160217,0.17828943580389023,0.1926010698080063,0.49808932840824127
puromycin,18,-0.31718765680541516,CPFLOW/comparison_outputs/full44_imageft2_morphology_candidates/images/puromycin/candidate_018_raw.png,CPFLOW/comparison_outputs/full44_imageft2_morphology_candidates/images/puromycin/candidate_018_display.png,0.7480010986328125,0.06784320622682571,0.8773385286331177,0.2327042818069458,0.28763964772224426,0.2483624964952469,0.15794634819030762,0.18477749824523926,0.19247251749038696,0.1885060966014862,0.5022993087768555,0.7003211975097656,0.06551515683531761,0.9086706042289734,0.22955626249313354,0.2615959346294403,0.21597379446029663,0.11967161670327187,0.18439260125160217,0.17828943580389023,0.1926010698080063,0.49808932840824127
puromycin,19,-1.0714051182149147,CPFLOW/comparison_outputs/full44_imageft2_morphology_candidates/images/puromycin/candidate_019_raw.png,CPFLOW/comparison_outputs/full44_imageft2_morphology_candidates/images/puromycin/candidate_019_display.png,0.9168777465820312,0.07148745656013489,0.882305383682251,0.282425194978714,0.33738765120506287,0.3203827738761902,0.17731061577796936,0.16219212114810944,0.16418595612049103,0.19819411635398865,0.50918048620224,0.7003211975097656,0.06551515683531761,0.9086706042289734,0.22955626249313354,0.2615959346294403,0.21597379446029663,0.11967161670327187,0.18439260125160217,0.17828943580389023,0.1926010698080063,0.49808932840824127
puromycin,20,-0.43960562029540073,CPFLOW/comparison_outputs/full44_imageft2_morphology_candidates/images/puromycin/candidate_020_raw.png,CPFLOW/comparison_outputs/full44_imageft2_morphology_candidates/images/puromycin/candidate_020_display.png,0.7610588073730469,0.06845783442258835,0.8961590528488159,0.27452677488327026,0.3085883557796478,0.28693515062332153,0.13490638136863708,0.20081113278865814,0.20172357559204102,0.1901390552520752,0.5073041319847107,0.7003211975097656,0.06551515683531761,0.9086706042289734,0.22955626249313354,0.2615959346294403,0.21597379446029663,0.11967161670327187,0.18439260125160217,0.17828943580389023,0.1926010698080063,0.49808932840824127
puromycin,21,-0.13523235506105633,CPFLOW/comparison_outputs/full44_imageft2_morphology_candidates/images/puromycin/candidate_021_raw.png,CPFLOW/comparison_outputs/full44_imageft2_morphology_candidates/images/puromycin/candidate_021_display.png,0.7326431274414062,0.06649608910083771,0.9068288803100586,0.2242952287197113,0.26366710662841797,0.21107082068920135,0.12571623921394348,0.1855931580066681,0.17420823872089386,0.1842561662197113,0.5016198754310608,0.7003211975097656,0.06551515683531761,0.9086706042289734,0.22955626249313354,0.2615959346294403,0.21597379446029663,0.11967161670327187,0.18439260125160217,0.17828943580389023,0.1926010698080063,0.49808932840824127
puromycin,22,-1.0231660938524862,CPFLOW/comparison_outputs/full44_imageft2_morphology_candidates/images/puromycin/candidate_022_raw.png,CPFLOW/comparison_outputs/full44_imageft2_morphology_candidates/images/puromycin/candidate_022_display.png,0.9047050476074219,0.06453415751457214,0.8745724558830261,0.27184441685676575,0.35798823833465576,0.319787859916687,0.18577413260936737,0.16760385036468506,0.17440584301948547,0.20304840803146362,0.5027817487716675,0.7003211975097656,0.06551515683531761,0.9086706042289734,0.22955626249313354,0.2615959346294403,0.21597379446029663,0.11967161670327187,0.18439260125160217,0.17828943580389023,0.1926010698080063,0.49808932840824127
puromycin,23,-0.6421639326895625,CPFLOW/comparison_outputs/full44_imageft2_morphology_candidates/images/puromycin/candidate_023_raw.png,CPFLOW/comparison_outputs/full44_imageft2_morphology_candidates/images/puromycin/candidate_023_display.png,0.8137855529785156,0.056817036122083664,0.8342621922492981,0.21267852187156677,0.2833315134048462,0.23206813633441925,0.18049250543117523,0.16659125685691833,0.1531394124031067,0.17965145409107208,0.5087162852287292,0.7003211975097656,0.06551515683531761,0.9086706042289734,0.22955626249313354,0.2615959346294403,0.21597379446029663,0.11967161670327187,0.18439260125160217,0.17828943580389023,0.1926010698080063,0.49808932840824127
puromycin,24,-1.7896750870598175,CPFLOW/comparison_outputs/full44_imageft2_morphology_candidates/images/puromycin/candidate_024_raw.png,CPFLOW/comparison_outputs/full44_imageft2_morphology_candidates/images/puromycin/candidate_024_display.png,0.32061767578125,0.04430229216814041,0.9195689558982849,0.115960031747818,0.1340496689081192,0.11970691382884979,0.08081366866827011,0.18406251072883606,0.184947207570076,0.14225555956363678,0.5024208426475525,0.7003211975097656,0.06551515683531761,0.9086706042289734,0.22955626249313354,0.2615959346294403,0.21597379446029663,0.11967161670327187,0.18439260125160217,0.17828943580389023,0.1926010698080063,0.49808932840824127
puromycin,25,-0.43310061537804956,CPFLOW/comparison_outputs/full44_imageft2_morphology_candidates/images/puromycin/candidate_025_raw.png,CPFLOW/comparison_outputs/full44_imageft2_morphology_candidates/images/puromycin/candidate_025_display.png,0.78363037109375,0.0703452005982399,0.8983360528945923,0.27080240845680237,0.2900394797325134,0.2529259920120239,0.12669022381305695,0.18613363802433014,0.19440248608589172,0.18266597390174866,0.49254488945007324,0.7003211975097656,0.06551515683531761,0.9086706042289734,0.22955626249313354,0.2615959346294403,0.21597379446029663,0.11967161670327187,0.18439260125160217,0.17828943580389023,0.1926010698080063,0.49808932840824127
puromycin,26,-1.6879158713590288,CPFLOW/comparison_outputs/full44_imageft2_morphology_candidates/images/puromycin/candidate_026_raw.png,CPFLOW/comparison_outputs/full44_imageft2_morphology_candidates/images/puromycin/candidate_026_display.png,0.3476448059082031,0.043209709227085114,0.8370684385299683,0.12708811461925507,0.16105866432189941,0.1279657632112503,0.12279286235570908,0.20217278599739075,0.16972234845161438,0.1439271867275238,0.5002729296684265,0.7003211975097656,0.06551515683531761,0.9086706042289734,0.22955626249313354,0.2615959346294403,0.21597379446029663,0.11967161670327187,0.18439260125160217,0.17828943580389023,0.1926010698080063,0.49808932840824127
puromycin,27,-4.117082652391529,CPFLOW/comparison_outputs/full44_imageft2_morphology_candidates/images/puromycin/candidate_027_raw.png,CPFLOW/comparison_outputs/full44_imageft2_morphology_candidates/images/puromycin/candidate_027_display.png,0.9291801452636719,0.0631030797958374,0.819086492061615,0.2709716260433197,0.33705177903175354,0.30991673469543457,0.16728386282920837,0.14838187396526337,0.15924015641212463,0.18119052052497864,0.5170552134513855,0.7003211975097656,0.06551515683531761,0.9086706042289734,0.22955626249313354,0.2615959346294403,0.21597379446029663,0.11967161670327187,0.18439260125160217,0.17828943580389023,0.1926010698080063,0.49808932840824127
puromycin,28,-0.35575109401200616,CPFLOW/comparison_outputs/full44_imageft2_morphology_candidates/images/puromycin/candidate_028_raw.png,CPFLOW/comparison_outputs/full44_imageft2_morphology_candidates/images/puromycin/candidate_028_display.png,0.6810493469238281,0.055748432874679565,0.8204149007797241,0.18329814076423645,0.23708978295326233,0.20063325762748718,0.13951964676380157,0.17589032649993896,0.1648390144109726,0.16031508147716522,0.5004493594169617,0.7003211975097656,0.06551515683531761,0.9086706042289734,0.22955626249313354,0.2615959346294403,0.21597379446029663,0.11967161670327187,0.18439260125160217,0.17828943580389023,0.1926010698080063,0.49808932840824127
puromycin,29,-0.672530244980207,CPFLOW/comparison_outputs/full44_imageft2_morphology_candidates/images/puromycin/candidate_029_raw.png,CPFLOW/comparison_outputs/full44_imageft2_morphology_candidates/images/puromycin/candidate_029_display.png,0.8212013244628906,0.06417489051818848,0.8731299638748169,0.24104401469230652,0.3134790360927582,0.2956297695636749,0.19165252149105072,0.17894069850444794,0.19341623783111572,0.197309210896492,0.5003186464309692,0.7003211975097656,0.06551515683531761,0.9086706042289734,0.22955626249313354,0.2615959346294403,0.21597379446029663,0.11967161670327187,0.18439260125160217,0.17828943580389023,0.1926010698080063,0.49808932840824127
puromycin,30,-0.7606886688748579,CPFLOW/comparison_outputs/full44_imageft2_morphology_candidates/images/puromycin/candidate_030_raw.png,CPFLOW/comparison_outputs/full44_imageft2_morphology_candidates/images/puromycin/candidate_030_display.png,0.8676910400390625,0.0675533264875412,0.9170489311218262,0.28396686911582947,0.27310842275619507,0.29615336656570435,0.16272470355033875,0.16676250100135803,0.18156735599040985,0.21646955609321594,0.5023066997528076,0.7003211975097656,0.06551515683531761,0.9086706042289734,0.22955626249313354,0.2615959346294403,0.21597379446029663,0.11967161670327187,0.18439260125160217,0.17828943580389023,0.1926010698080063,0.49808932840824127
puromycin,31,-1.033260272565206,CPFLOW/comparison_outputs/full44_imageft2_morphology_candidates/images/puromycin/candidate_031_raw.png,CPFLOW/comparison_outputs/full44_imageft2_morphology_candidates/images/puromycin/candidate_031_display.png,0.86328125,0.07861749827861786,0.8973454833030701,0.30883485078811646,0.3610273599624634,0.3466002941131592,0.18048253655433655,0.19014187157154083,0.20036451518535614,0.2100706845521927,0.5008524656295776,0.7003211975097656,0.06551515683531761,0.9086706042289734,0.22955626249313354,0.2615959346294403,0.21597379446029663,0.11967161670327187,0.18439260125160217,0.17828943580389023,0.1926010698080063,0.49808932840824127
tunicamycin,0,-0.9758577051106767,CPFLOW/comparison_outputs/full44_imageft2_morphology_candidates/images/tunicamycin/candidate_000_raw.png,CPFLOW/comparison_outputs/full44_imageft2_morphology_candidates/images/tunicamycin/candidate_000_display.png,0.7151260375976562,0.06346575915813446,0.8751130104064941,0.22887879610061646,0.31500551104545593,0.2698837220668793,0.19631215929985046,0.21623966097831726,0.190906822681427,0.2002285271883011,0.47570115327835083,0.52923583984375,0.06249499320983887,0.9403663873672485,0.20920784026384354,0.21108217537403107,0.20952602475881577,0.09580767899751663,0.20481278747320175,0.19672831147909164,0.1820397675037384,0.4996701776981354
tunicamycin,1,-1.6426136179281292,CPFLOW/comparison_outputs/full44_imageft2_morphology_candidates/images/tunicamycin/candidate_001_raw.png,CPFLOW/comparison_outputs/full44_imageft2_morphology_candidates/images/tunicamycin/candidate_001_display.png,0.22153854370117188,0.032123953104019165,0.9202976226806641,0.08762097358703613,0.11741161346435547,0.11452870070934296,0.07979640364646912,0.2025504857301712,0.19414255023002625,0.14712785184383392,0.4788045585155487,0.52923583984375,0.06249499320983887,0.9403663873672485,0.20920784026384354,0.21108217537403107,0.20952602475881577,0.09580767899751663,0.20481278747320175,0.19672831147909164,0.1820397675037384,0.4996701776981354
tunicamycin,2,-0.22338177712690288,CPFLOW/comparison_outputs/full44_imageft2_morphology_candidates/images/tunicamycin/candidate_002_raw.png,CPFLOW/comparison_outputs/full44_imageft2_morphology_candidates/images/tunicamycin/candidate_002_display.png,0.554473876953125,0.06466677784919739,0.950890839099884,0.23440560698509216,0.17469052970409393,0.23257096111774445,0.09299580752849579,0.21022982895374298,0.22694675624370575,0.18543167412281036,0.5001165270805359,0.52923583984375,0.06249499320983887,0.9403663873672485,0.20920784026384354,0.21108217537403107,0.20952602475881577,0.09580767899751663,0.20481278747320175,0.19672831147909164,0.1820397675037384,0.4996701776981354
tunicamycin,3,-2.152036259899118,CPFLOW/comparison_outputs/full44_imageft2_morphology_candidates/images/tunicamycin/candidate_003_raw.png,CPFLOW/comparison_outputs/full44_imageft2_morphology_candidates/images/tunicamycin/candidate_003_display.png,0.1479339599609375,0.026132918894290924,0.883029043674469,0.06627704948186874,0.08699151128530502,0.08261880278587341,0.07457590848207474,0.17397312819957733,0.16349004209041595,0.12427885085344315,0.4828437566757202,0.52923583984375,0.06249499320983887,0.9403663873672485,0.20920784026384354,0.21108217537403107,0.20952602475881577,0.09580767899751663,0.20481278747320175,0.19672831147909164,0.1820397675037384,0.4996701776981354
tunicamycin,4,-0.4714451861103056,CPFLOW/comparison_outputs/full44_imageft2_morphology_candidates/images/tunicamycin/candidate_004_raw.png,CPFLOW/comparison_outputs/full44_imageft2_morphology_candidates/images/tunicamycin/candidate_004_display.png,0.61871337890625,0.059798628091812134,0.9465330839157104,0.23614716529846191,0.24444876611232758,0.2446630448102951,0.12389832735061646,0.2139253467321396,0.22043462097644806,0.20429915189743042,0.5157197713851929,0.52923583984375,0.06249499320983887,0.9403663873672485,0.20920784026384354,0.21108217537403107,0.20952602475881577,0.09580767899751663,0.20481278747320175,0.19672831147909164,0.1820397675037384,0.4996701776981354
tunicamycin,5,-2.3441614774321664,CPFLOW/comparison_outputs/full44_imageft2_morphology_candidates/images/tunicamycin/candidate_005_raw.png,CPFLOW/comparison_outputs/full44_imageft2_morphology_candidates/images/tunicamycin/candidate_005_display.png,0.113555908203125,0.022464357316493988,0.9163883328437805,0.05803798511624336,0.07449562847614288,0.07055643945932388,0.07164435088634491,0.17393741011619568,0.15920008718967438,0.12793801724910736,0.4905824065208435,0.52923583984375,0.06249499320983887,0.9403663873672485,0.20920784026384354,0.21108217537403107,0.20952602475881577,0.09580767899751663,0.20481278747320175,0.19672831147909164,0.1820397675037384,0.4996701776981354
tunicamycin,6,-1.782462425487762,CPFLOW/comparison_outputs/full44_imageft2_morphology_candidates/images/tunicamycin/candidate_006_raw.png,CPFLOW/comparison_outputs/full44_imageft2_morphology_candidates/images/tunicamycin/candidate_006_display.png,0.8944206237792969,0.07256373018026352,0.9289342761039734,0.3624228835105896,0.3376763164997101,0.39015787839889526,0.15651899576187134,0.18322739005088806,0.20557059347629547,0.20730379223823547,0.5024411678314209,0.52923583984375,0.06249499320983887,0.9403663873672485,0.20920784026384354,0.21108217537403107,0.20952602475881577,0.09580767899751663,0.20481278747320175,0.19672831147909164,0.1820397675037384,0.4996701776981354
tunicamycin,7,-6.113341095667245,CPFLOW/comparison_outputs/full44_imageft2_morphology_candidates/images/tunicamycin/candidate_007_raw.png,CPFLOW/comparison_outputs/full44_imageft2_morphology_candidates/images/tunicamycin/candidate_007_display.png,0.028728485107421875,0.015971079468727112,0.8485929369926453,0.04106466472148895,0.026900261640548706,0.018859198316931725,0.04388157278299332,0.10725461691617966,0.09900683909654617,0.07789874076843262,0.4841092824935913,0.52923583984375,0.06249499320983887,0.9403663873672485,0.20920784026384354,0.21108217537403107,0.20952602475881577,0.09580767899751663,0.20481278747320175,0.19672831147909164,0.1820397675037384,0.4996701776981354
tunicamycin,8,-0.9320382863580011,CPFLOW/comparison_outputs/full44_imageft2_morphology_candidates/images/tunicamycin/candidate_008_raw.png,CPFLOW/comparison_outputs/full44_imageft2_morphology_candidates/images/tunicamycin/candidate_008_display.png,0.7386207580566406,0.05662611126899719,0.924025297164917,0.27737629413604736,0.2796231508255005,0.2695533037185669,0.11232063174247742,0.19510240852832794,0.20180287957191467,0.18562957644462585,0.5173869729042053,0.52923583984375,0.06249499320983887,0.9403663873672485,0.20920784026384354,0.21108217537403107,0.20952602475881577,0.09580767899751663,0.20481278747320175,0.19672831147909164,0.1820397675037384,0.4996701776981354
tunicamycin,9,-2.022713546270391,CPFLOW/comparison_outputs/full44_imageft2_morphology_candidates/images/tunicamycin/candidate_009_raw.png,CPFLOW/comparison_outputs/full44_imageft2_morphology_candidates/images/tunicamycin/candidate_009_display.png,0.18138504028320312,0.026401765644550323,0.9361030459403992,0.06646382808685303,0.07746376842260361,0.08515436947345734,0.04829578846693039,0.1721842736005783,0.18829983472824097,0.13150084018707275,0.4929223656654358,0.52923583984375,0.06249499320983887,0.9403663873672485,0.20920784026384354,0.21108217537403107,0.20952602475881577,0.09580767899751663,0.20481278747320175,0.19672831147909164,0.1820397675037384,0.4996701776981354
tunicamycin,10,-2.7595320356801665,CPFLOW/comparison_outputs/full44_imageft2_morphology_candidates/images/tunicamycin/candidate_010_raw.png,CPFLOW/comparison_outputs/full44_imageft2_morphology_candidates/images/tunicamycin/candidate_010_display.png,0.07544708251953125,0.015762902796268463,0.9012573957443237,0.03797262907028198,0.05921946465969086,0.05728014558553696,0.05445524677634239,0.14788608253002167,0.14082546532154083,0.113989919424057,0.4989861249923706,0.52923583984375,0.06249499320983887,0.9403663873672485,0.20920784026384354,0.21108217537403107,0.20952602475881577,0.09580767899751663,0.20481278747320175,0.19672831147909164,0.1820397675037384,0.4996701776981354
tunicamycin,11,-0.33600748924564405,CPFLOW/comparison_outputs/full44_imageft2_morphology_candidates/images/tunicamycin/candidate_011_raw.png,CPFLOW/comparison_outputs/full44_imageft2_morphology_candidates/images/tunicamycin/candidate_011_display.png,0.589019775390625,0.05291898176074028,0.9457198977470398,0.21005983650684357,0.18299080431461334,0.2032443881034851,0.09941858798265457,0.1912912130355835,0.20452255010604858,0.1934959590435028,0.5239126682281494,0.52923583984375,0.06249499320983887,0.9403663873672485,0.20920784026384354,0.21108217537403107,0.20952602475881577,0.09580767899751663,0.20481278747320175,0.19672831147909164,0.1820397675037384,0.4996701776981354
tunicamycin,12,-1.8019397695709978,CPFLOW/comparison_outputs/full44_imageft2_morphology_candidates/images/tunicamycin/candidate_012_raw.png,CPFLOW/comparison_outputs/full44_imageft2_morphology_candidates/images/tunicamycin/candidate_012_display.png,0.207061767578125,0.031043533235788345,0.9403666257858276,0.08582744747400284,0.08378294110298157,0.10226959735155106,0.04918619990348816,0.18160320818424225,0.20522373914718628,0.1431097537279129,0.4977748990058899,0.52923583984375,0.06249499320983887,0.9403663873672485,0.20920784026384354,0.21108217537403107,0.20952602475881577,0.09580767899751663,0.20481278747320175,0.19672831147909164,0.1820397675037384,0.4996701776981354
tunicamycin,13,-0.6879363492843945,CPFLOW/comparison_outputs/full44_imageft2_morphology_candidates/images/tunicamycin/candidate_013_raw.png,CPFLOW/comparison_outputs/full44_imageft2_morphology_candidates/images/tunicamycin/candidate_013_display.png,0.4035758972167969,0.050148945301771164,0.9492707848548889,0.14603713154792786,0.1677406132221222,0.15175120532512665,0.08715081959962845,0.21663177013397217,0.1947353631258011,0.17940017580986023,0.496504008769989,0.52923583984375,0.06249499320983887,0.9403663873672485,0.20920784026384354,0.21108217537403107,0.20952602475881577,0.09580767899751663,0.20481278747320175,0.19672831147909164,0.1820397675037384,0.4996701776981354
tunicamycin,14,-1.2432422967828356,CPFLOW/comparison_outputs/full44_imageft2_morphology_candidates/images/tunicamycin/candidate_014_raw.png,CPFLOW/comparison_outputs/full44_imageft2_morphology_candidates/images/tunicamycin/candidate_014_display.png,0.29479217529296875,0.037542521953582764,0.928225576877594,0.10440590977668762,0.14966526627540588,0.14560741186141968,0.11040884256362915,0.21828673779964447,0.21265806257724762,0.17770208418369293,0.5038325786590576,0.52923583984375,0.06249499320983887,0.9403663873672485,0.20920784026384354,0.21108217537403107,0.20952602475881577,0.09580767899751663,0.20481278747320175,0.19672831147909164,0.1820397675037384,0.4996701776981354
tunicamycin,15,-0.5148847340313664,CPFLOW/comparison_outputs/full44_imageft2_morphology_candidates/images/tunicamycin/candidate_015_raw.png,CPFLOW/comparison_outputs/full44_imageft2_morphology_candidates/images/tunicamycin/candidate_015_display.png,0.4493408203125,0.04637638479471207,0.9443815350532532,0.16454443335533142,0.20693247020244598,0.18127620220184326,0.11249666661024094,0.2282416969537735,0.20535273849964142,0.17381513118743896,0.48290568590164185,0.52923583984375,0.06249499320983887,0.9403663873672485,0.20920784026384354,0.21108217537403107,0.20952602475881577,0.09580767899751663,0.20481278747320175,0.19672831147909164,0.1820397675037384,0.4996701776981354
tunicamycin,16,-2.096336347417596,CPFLOW/comparison_outputs/full44_imageft2_morphology_candidates/images/tunicamycin/candidate_016_raw.png,CPFLOW/comparison_outputs/full44_imageft2_morphology_candidates/images/tunicamycin/candidate_016_display.png,0.14650726318359375,0.02573874033987522,0.9519938826560974,0.06564626097679138,0.08316301554441452,0.0914645865559578,0.06169607862830162,0.18438895046710968,0.19444048404693604,0.1414141058921814,0.5010218024253845,0.52923583984375,0.06249499320983887,0.9403663873672485,0.20920784026384354,0.21108217537403107,0.20952602475881577,0.09580767899751663,0.20481278747320175,0.19672831147909164,0.1820397675037384,0.4996701776981354
tunicamycin,17,-2.3257790039949913,CPFLOW/comparison_outputs/full44_imageft2_morphology_candidates/images/tunicamycin/candidate_017_raw.png,CPFLOW/comparison_outputs/full44_imageft2_morphology_candidates/images/tunicamycin/candidate_017_display.png,0.14674758911132812,0.022297464311122894,0.9058560729026794,0.05972695350646973,0.0635635107755661,0.0631147027015686,0.06552785634994507,0.14047853648662567,0.13921409845352173,0.12280997633934021,0.5000278353691101,0.52923583984375,0.06249499320983887,0.9403663873672485,0.20920784026384354,0.21108217537403107,0.20952602475881577,0.09580767899751663,0.20481278747320175,0.19672831147909164,0.1820397675037384,0.4996701776981354
tunicamycin,18,-1.9061451406791496,CPFLOW/comparison_outputs/full44_imageft2_morphology_candidates/images/tunicamycin/candidate_018_raw.png,CPFLOW/comparison_outputs/full44_imageft2_morphology_candidates/images/tunicamycin/candidate_018_display.png,0.19572830200195312,0.027991153299808502,0.9133418202400208,0.08241944760084152,0.07830813527107239,0.10404757410287857,0.05959248170256615,0.1712024211883545,0.1950288712978363,0.14362962543964386,0.518645703792572,0.52923583984375,0.06249499320983887,0.9403663873672485,0.20920784026384354,0.21108217537403107,0.20952602475881577,0.09580767899751663,0.20481278747320175,0.19672831147909164,0.1820397675037384,0.4996701776981354
tunicamycin,19,-0.52080252383204,CPFLOW/comparison_outputs/full44_imageft2_morphology_candidates/images/tunicamycin/candidate_019_raw.png,CPFLOW/comparison_outputs/full44_imageft2_morphology_candidates/images/tunicamycin/candidate_019_display.png,0.45135498046875,0.04594961553812027,0.9303348660469055,0.16722482442855835,0.17017439007759094,0.18425999581813812,0.09617096930742264,0.20267771184444427,0.2094486653804779,0.17985904216766357,0.49116766452789307,0.52923583984375,0.06249499320983887,0.9403663873672485,0.20920784026384354,0.21108217537403107,0.20952602475881577,0.09580767899751663,0.20481278747320175,0.19672831147909164,0.1820397675037384,0.4996701776981354
tunicamycin,20,-2.5052962880985943,CPFLOW/comparison_outputs/full44_imageft2_morphology_candidates/images/tunicamycin/candidate_020_raw.png,CPFLOW/comparison_outputs/full44_imageft2_morphology_candidates/images/tunicamycin/candidate_020_display.png,0.09943771362304688,0.022123049944639206,0.9124525785446167,0.04761897400021553,0.05798851326107979,0.05242544412612915,0.05404435470700264,0.1482716053724289,0.13744156062602997,0.12256842851638794,0.4978982210159302,0.52923583984375,0.06249499320983887,0.9403663873672485,0.20920784026384354,0.21108217537403107,0.20952602475881577,0.09580767899751663,0.20481278747320175,0.19672831147909164,0.1820397675037384,0.4996701776981354
tunicamycin,21,-0.457471765843126,CPFLOW/comparison_outputs/full44_imageft2_morphology_candidates/images/tunicamycin/candidate_021_raw.png,CPFLOW/comparison_outputs/full44_imageft2_morphology_candidates/images/tunicamycin/candidate_021_display.png,0.5023002624511719,0.04541266709566116,0.8787209987640381,0.15348504483699799,0.17220963537693024,0.20213264226913452,0.12103412300348282,0.17356447875499725,0.20474810898303986,0.16798792779445648,0.49405637383461,0.52923583984375,0.06249499320983887,0.9403663873672485,0.20920784026384354,0.21108217537403107,0.20952602475881577,0.09580767899751663,0.20481278747320175,0.19672831147909164,0.1820397675037384,0.4996701776981354
tunicamycin,22,-0.8492162020573684,CPFLOW/comparison_outputs/full44_imageft2_morphology_candidates/images/tunicamycin/candidate_022_raw.png,CPFLOW/comparison_outputs/full44_imageft2_morphology_candidates/images/tunicamycin/candidate_022_display.png,0.3586997985839844,0.04876119643449783,0.9468827247619629,0.15068385004997253,0.15781524777412415,0.1647605150938034,0.08772041648626328,0.22049163281917572,0.22130723297595978,0.17351414263248444,0.4931044280529022,0.52923583984375,0.06249499320983887,0.9403663873672485,0.20920784026384354,0.21108217537403107,0.20952602475881577,0.09580767899751663,0.20481278747320175,0.19672831147909164,0.1820397675037384,0.4996701776981354
tunicamycin,23,-2.0042834746074023,CPFLOW/comparison_outputs/full44_imageft2_morphology_candidates/images/tunicamycin/candidate_023_raw.png,CPFLOW/comparison_outputs/full44_imageft2_morphology_candidates/images/tunicamycin/candidate_023_display.png,0.14484786987304688,0.02847629226744175,0.9027073979377747,0.07816435396671295,0.10146572440862656,0.09817460179328918,0.0962379202246666,0.18974493443965912,0.18421846628189087,0.1275252252817154,0.48042863607406616,0.52923583984375,0.06249499320983887,0.9403663873672485,0.20920784026384354,0.21108217537403107,0.20952602475881577,0.09580767899751663,0.20481278747320175,0.19672831147909164,0.1820397675037384,0.4996701776981354
tunicamycin,24,-1.041076078655097,CPFLOW/comparison_outputs/full44_imageft2_morphology_candidates/images/tunicamycin/candidate_024_raw.png,CPFLOW/comparison_outputs/full44_imageft2_morphology_candidates/images/tunicamycin/candidate_024_display.png,0.7679214477539062,0.05501392483711243,0.9141642451286316,0.266184538602829,0.29494553804397583,0.2522871196269989,0.1188923567533493,0.19934676587581635,0.1817195862531662,0.18308953940868378,0.5034895539283752,0.52923583984375,0.06249499320983887,0.9403663873672485,0.20920784026384354,0.21108217537403107,0.20952602475881577,0.09580767899751663,0.20481278747320175,0.19672831147909164,0.1820397675037384,0.4996701776981354
tunicamycin,25,-0.8250657031390086,CPFLOW/comparison_outputs/full44_imageft2_morphology_candidates/images/tunicamycin/candidate_025_raw.png,CPFLOW/comparison_outputs/full44_imageft2_morphology_candidates/images/tunicamycin/candidate_025_display.png,0.39794158935546875,0.03857581689953804,0.9200520515441895,0.16753138601779938,0.19581592082977295,0.1933174729347229,0.1424441784620285,0.2337646633386612,0.23286812007427216,0.18053385615348816,0.5129247307777405,0.52923583984375,0.06249499320983887,0.9403663873672485,0.20920784026384354,0.21108217537403107,0.20952602475881577,0.09580767899751663,0.20481278747320175,0.19672831147909164,0.1820397675037384,0.4996701776981354
tunicamycin,26,-0.2576236883411661,CPFLOW/comparison_outputs/full44_imageft2_morphology_candidates/images/tunicamycin/candidate_026_raw.png,CPFLOW/comparison_outputs/full44_imageft2_morphology_candidates/images/tunicamycin/candidate_026_display.png,0.515228271484375,0.048529304563999176,0.9424721002578735,0.1926964670419693,0.22455552220344543,0.19858619570732117,0.10713254660367966,0.23199929296970367,0.21059788763523102,0.18577562272548676,0.5146687030792236,0.52923583984375,0.06249499320983887,0.9403663873672485,0.20920784026384354,0.21108217537403107,0.20952602475881577,0.09580767899751663,0.20481278747320175,0.19672831147909164,0.1820397675037384,0.4996701776981354
tunicamycin,27,-1.359482925367453,CPFLOW/comparison_outputs/full44_imageft2_morphology_candidates/images/tunicamycin/candidate_027_raw.png,CPFLOW/comparison_outputs/full44_imageft2_morphology_candidates/images/tunicamycin/candidate_027_display.png,0.27176666259765625,0.03778143972158432,0.9176424145698547,0.10465018451213837,0.12655627727508545,0.13228633999824524,0.11336605250835419,0.19495916366577148,0.19989149272441864,0.1687435656785965,0.4985305964946747,0.52923583984375,0.06249499320983887,0.9403663873672485,0.20920784026384354,0.21108217537403107,0.20952602475881577,0.09580767899751663,0.20481278747320175,0.19672831147909164,0.1820397675037384,0.4996701776981354
tunicamycin,28,-0.4237132698699297,CPFLOW/comparison_outputs/full44_imageft2_morphology_candidates/images/tunicamycin/candidate_028_raw.png,CPFLOW/comparison_outputs/full44_imageft2_morphology_candidates/images/tunicamycin/candidate_028_display.png,0.5724334716796875,0.054289091378450394,0.9450533986091614,0.1870538890361786,0.24042466282844543,0.25172823667526245,0.1555541753768921,0.21877920627593994,0.2308432012796402,0.19782789051532745,0.4860738217830658,0.52923583984375,0.06249499320983887,0.9403663873672485,0.20920784026384354,0.21108217537403107,0.20952602475881577,0.09580767899751663,0.20481278747320175,0.19672831147909164,0.1820397675037384,0.4996701776981354
tunicamycin,29,-1.139363855099542,CPFLOW/comparison_outputs/full44_imageft2_morphology_candidates/images/tunicamycin/candidate_029_raw.png,CPFLOW/comparison_outputs/full44_imageft2_morphology_candidates/images/tunicamycin/candidate_029_display.png,0.3291740417480469,0.03967602550983429,0.8798235654830933,0.12103256583213806,0.1595282405614853,0.14083409309387207,0.11497163027524948,0.2061103731393814,0.1879776120185852,0.15532442927360535,0.5123931765556335,0.52923583984375,0.06249499320983887,0.9403663873672485,0.20920784026384354,0.21108217537403107,0.20952602475881577,0.09580767899751663,0.20481278747320175,0.19672831147909164,0.1820397675037384,0.4996701776981354
tunicamycin,30,-2.05658880206908,CPFLOW/comparison_outputs/full44_imageft2_morphology_candidates/images/tunicamycin/candidate_030_raw.png,CPFLOW/comparison_outputs/full44_imageft2_morphology_candidates/images/tunicamycin/candidate_030_display.png,0.15346908569335938,0.029050514101982117,0.9164294004440308,0.06454440206289291,0.08251234889030457,0.0886131003499031,0.06625422835350037,0.1657738983631134,0.17333129048347473,0.13514478504657745,0.49544766545295715,0.52923583984375,0.06249499320983887,0.9403663873672485,0.20920784026384354,0.21108217537403107,0.20952602475881577,0.09580767899751663,0.20481278747320175,0.19672831147909164,0.1820397675037384,0.4996701776981354
tunicamycin,31,-1.339546793252284,CPFLOW/comparison_outputs/full44_imageft2_morphology_candidates/images/tunicamycin/candidate_031_raw.png,CPFLOW/comparison_outputs/full44_imageft2_morphology_candidates/images/tunicamycin/candidate_031_display.png,0.2981224060058594,0.03256390243768692,0.924683690071106,0.10639455169439316,0.1293235421180725,0.13943205773830414,0.08430389314889908,0.1905868947505951,0.20026324689388275,0.15775343775749207,0.4976356029510498,0.52923583984375,0.06249499320983887,0.9403663873672485,0.20920784026384354,0.21108217537403107,0.20952602475881577,0.09580767899751663,0.20481278747320175,0.19672831147909164,0.1820397675037384,0.4996701776981354
neomycin,0,-0.2938419492407149,CPFLOW/comparison_outputs/full44_imageft2_morphology_candidates/images/neomycin/candidate_000_raw.png,CPFLOW/comparison_outputs/full44_imageft2_morphology_candidates/images/neomycin/candidate_000_display.png,0.8352279663085938,0.07173202186822891,0.919823408126831,0.33146804571151733,0.3485635221004486,0.3713535964488983,0.16373400390148163,0.19555659592151642,0.2151048183441162,0.20734235644340515,0.4812174439430237,0.8270702362060547,0.08066688477993011,0.9217456877231598,0.316100537776947,0.3128754496574402,0.29708626866340637,0.13431470096111298,0.18112003803253174,0.19001365453004837,0.2100798413157463,0.5004386603832245
neomycin,1,-0.32137594611268516,CPFLOW/comparison_outputs/full44_imageft2_morphology_candidates/images/neomycin/candidate_001_raw.png,CPFLOW/comparison_outputs/full44_imageft2_morphology_candidates/images/neomycin/candidate_001_display.png,0.856842041015625,0.06226939707994461,0.914127767086029,0.29599425196647644,0.31650447845458984,0.320800244808197,0.16491800546646118,0.17470774054527283,0.19264298677444458,0.20353522896766663,0.48402661085128784,0.8270702362060547,0.08066688477993011,0.9217456877231598,0.316100537776947,0.3128754496574402,0.29708626866340637,0.13431470096111298,0.18112003803253174,0.19001365453004837,0.2100798413157463,0.5004386603832245
neomycin,2,-0.20502340518262385,CPFLOW/comparison_outputs/full44_imageft2_morphology_candidates/images/neomycin/candidate_002_raw.png,CPFLOW/comparison_outputs/full44_imageft2_morphology_candidates/images/neomycin/candidate_002_display.png,0.831207275390625,0.060224153101444244,0.9212274551391602,0.29178255796432495,0.31247907876968384,0.2993444502353668,0.14657242596149445,0.17608101665973663,0.18884782493114471,0.20383460819721222,0.500361442565918,0.8270702362060547,0.08066688477993011,0.9217456877231598,0.316100537776947,0.3128754496574402,0.29708626866340637,0.13431470096111298,0.18112003803253174,0.19001365453004837,0.2100798413157463,0.5004386603832245
neomycin,3,-0.28978075972094863,CPFLOW/comparison_outputs/full44_imageft2_morphology_candidates/images/neomycin/candidate_003_raw.png,CPFLOW/comparison_outputs/full44_imageft2_morphology_candidates/images/neomycin/candidate_003_display.png,0.7923240661621094,0.0709519237279892,0.9063865542411804,0.28258660435676575,0.33086636662483215,0.2998833954334259,0.1580834537744522,0.20456825196743011,0.1985570192337036,0.20091909170150757,0.5185903906822205,0.8270702362060547,0.08066688477993011,0.9217456877231598,0.316100537776947,0.3128754496574402,0.29708626866340637,0.13431470096111298,0.18112003803253174,0.19001365453004837,0.2100798413157463,0.5004386603832245
neomycin,4,-0.40697889948751853,CPFLOW/comparison_outputs/full44_imageft2_morphology_candidates/images/neomycin/candidate_004_raw.png,CPFLOW/comparison_outputs/full44_imageft2_morphology_candidates/images/neomycin/candidate_004_display.png,0.8780288696289062,0.067034050822258,0.8881826400756836,0.30299198627471924,0.3049442768096924,0.3433421850204468,0.16359201073646545,0.16433030366897583,0.1932639479637146,0.19577911496162415,0.48313602805137634,0.8270702362060547,0.08066688477993011,0.9217456877231598,0.316100537776947,0.3128754496574402,0.29708626866340637,0.13431470096111298,0.18112003803253174,0.19001365453004837,0.2100798413157463,0.5004386603832245
neomycin,5,-0.418976684515447,CPFLOW/comparison_outputs/full44_imageft2_morphology_candidates/images/neomycin/candidate_005_raw.png,CPFLOW/comparison_outputs/full44_imageft2_morphology_candidates/images/neomycin/candidate_005_display.png,0.8571510314941406,0.05651070922613144,0.8993920683860779,0.27084165811538696,0.3282279670238495,0.2819058895111084,0.1592993140220642,0.17602409422397614,0.17118948698043823,0.19104552268981934,0.4964466094970703,0.8270702362060547,0.08066688477993011,0.9217456877231598,0.316100537776947,0.3128754496574402,0.29708626866340637,0.13431470096111298,0.18112003803253174,0.19001365453004837,0.2100798413157463,0.5004386603832245
neomycin,6,-0.40516705151751264,CPFLOW/comparison_outputs/full44_imageft2_morphology_candidates/images/neomycin/candidate_006_raw.png,CPFLOW/comparison_outputs/full44_imageft2_morphology_candidates/images/neomycin/candidate_006_display.png,0.882904052734375,0.06898705661296844,0.9124215841293335,0.32849815487861633,0.34039631485939026,0.35155564546585083,0.16335642337799072,0.1771639883518219,0.1964467614889145,0.21231789886951447,0.490107923746109,0.8270702362060547,0.08066688477993011,0.9217456877231598,0.316100537776947,0.3128754496574402,0.29708626866340637,0.13431470096111298,0.18112003803253174,0.19001365453004837,0.2100798413157463,0.5004386603832245
neomycin,7,-0.7355992507869568,CPFLOW/comparison_outputs/full44_imageft2_morphology_candidates/images/neomycin/candidate_007_raw.png,CPFLOW/comparison_outputs/full44_imageft2_morphology_candidates/images/neomycin/candidate_007_display.png,0.6680259704589844,0.07247385382652283,0.9079775810241699,0.24145196378231049,0.2795901894569397,0.2616426944732666,0.13964974880218506,0.20922918617725372,0.20633317530155182,0.18979549407958984,0.4966593384742737,0.8270702362060547,0.08066688477993011,0.9217456877231598,0.316100537776947,0.3128754496574402,0.29708626866340637,0.13431470096111298,0.18112003803253174,0.19001365453004837,0.2100798413157463,0.5004386603832245
neomycin,8,-1.0612650397131511,CPFLOW/comparison_outputs/full44_imageft2_morphology_candidates/images/neomycin/candidate_008_raw.png,CPFLOW/comparison_outputs/full44_imageft2_morphology_candidates/images/neomycin/candidate_008_display.png,0.62457275390625,0.05575668066740036,0.9287801384925842,0.2440420389175415,0.2548498511314392,0.24757981300354004,0.12028712779283524,0.2177591770887375,0.2125207483768463,0.18357603251934052,0.4789181351661682,0.8270702362060547,0.08066688477993011,0.9217456877231598,0.316100537776947,0.3128754496574402,0.29708626866340637,0.13431470096111298,0.18112003803253174,0.19001365453004837,0.2100798413157463,0.5004386603832245
neomycin,9,-0.49860811584183923,CPFLOW/comparison_outputs/full44_imageft2_morphology_candidates/images/neomycin/candidate_009_raw.png,CPFLOW/comparison_outputs/full44_imageft2_morphology_candidates/images/neomycin/candidate_009_display.png,0.7656745910644531,0.07195921242237091,0.9039353728294373,0.2690352499485016,0.23450350761413574,0.2507624924182892,0.10782869905233383,0.17396774888038635,0.18562982976436615,0.18735581636428833,0.512772262096405,0.8270702362060547,0.08066688477993011,0.9217456877231598,0.316100537776947,0.3128754496574402,0.29708626866340637,0.13431470096111298,0.18112003803253174,0.19001365453004837,0.2100798413157463,0.5004386603832245
neomycin,10,-0.3705993473114293,CPFLOW/comparison_outputs/full44_imageft2_morphology_candidates/images/neomycin/candidate_010_raw.png,CPFLOW/comparison_outputs/full44_imageft2_morphology_candidates/images/neomycin/candidate_010_display.png,0.7566261291503906,0.07227303087711334,0.9165499210357666,0.29596927762031555,0.2887938916683197,0.30769333243370056,0.13384808599948883,0.19844041764736176,0.22060330212116241,0.19816933572292328,0.5032901167869568,0.8270702362060547,0.08066688477993011,0.9217456877231598,0.316100537776947,0.3128754496574402,0.29708626866340637,0.13431470096111298,0.18112003803253174,0.19001365453004837,0.2100798413157463,0.5004386603832245
neomycin,11,-1.0406008992302664,CPFLOW/comparison_outputs/full44_imageft2_morphology_candidates/images/neomycin/candidate_011_raw.png,CPFLOW/comparison_outputs/full44_imageft2_morphology_candidates/images/neomycin/candidate_011_display.png,0.6582603454589844,0.05503346025943756,0.8981958627700806,0.22152718901634216,0.24348631501197815,0.2042827308177948,0.12144950032234192,0.19302208721637726,0.17305220663547516,0.18408097326755524,0.4770144522190094,0.8270702362060547,0.08066688477993011,0.9217456877231598,0.316100537776947,0.3128754496574402,0.29708626866340637,0.13431470096111298,0.18112003803253174,0.19001365453004837,0.2100798413157463,0.5004386603832245
neomycin,12,-0.39465727042787424,CPFLOW/comparison_outputs/full44_imageft2_morphology_candidates/images/neomycin/candidate_012_raw.png,CPFLOW/comparison_outputs/full44_imageft2_morphology_candidates/images/neomycin/candidate_012_display.png,0.7657203674316406,0.0717032253742218,0.9131647348403931,0.27615079283714294,0.2528538703918457,0.2811124324798584,0.13057208061218262,0.18151932954788208,0.200005441904068,0.19590654969215393,0.5165687203407288,0.8270702362060547,0.08066688477993011,0.9217456877231598,0.316100537776947,0.3128754496574402,0.29708626866340637,0.13431470096111298,0.18112003803253174,0.19001365453004837,0.2100798413157463,0.5004386603832245
neomycin,13,-0.1515054889818874,CPFLOW/comparison_outputs/full44_imageft2_morphology_candidates/images/neomycin/candidate_013_raw.png,CPFLOW/comparison_outputs/full44_imageft2_morphology_candidates/images/neomycin/candidate_013_display.png,0.8329238891601562,0.06780135631561279,0.9183958172798157,0.30502697825431824,0.32840341329574585,0.29403769969940186,0.1352543830871582,0.1857309490442276,0.1889306902885437,0.19847777485847473,0.5083131790161133,0.8270702362060547,0.08066688477993011,0.9217456877231598,0.316100537776947,0.3128754496574402,0.29708626866340637,0.13431470096111298,0.18112003803253174,0.19001365453004837,0.2100798413157463,0.5004386603832245
neomycin,14,-0.3385969884932079,CPFLOW/comparison_outputs/full44_imageft2_morphology_candidates/images/neomycin/candidate_014_raw.png,CPFLOW/comparison_outputs/full44_imageft2_morphology_candidates/images/neomycin/candidate_014_display.png,0.8658790588378906,0.06817197054624557,0.8960427641868591,0.30232205986976624,0.32869213819503784,0.33266690373420715,0.16202276945114136,0.17243917286396027,0.1895887404680252,0.2027493268251419,0.5088164210319519,0.8270702362060547,0.08066688477993011,0.9217456877231598,0.316100537776947,0.3128754496574402,0.29708626866340637,0.13431470096111298,0.18112003803253174,0.19001365453004837,0.2100798413157463,0.5004386603832245
neomycin,15,-0.40914659304826084,CPFLOW/comparison_outputs/full44_imageft2_morphology_candidates/images/neomycin/candidate_015_raw.png,CPFLOW/comparison_outputs/full44_imageft2_morphology_candidates/images/neomycin/candidate_015_display.png,0.9073219299316406,0.07890093326568604,0.8992428779602051,0.3326498866081238,0.30542173981666565,0.3553698658943176,0.1636793464422226,0.17103266716003418,0.1830914169549942,0.2101469486951828,0.5039079189300537,0.8270702362060547,0.08066688477993011,0.9217456877231598,0.316100537776947,0.3128754496574402,0.29708626866340637,0.13431470096111298,0.18112003803253174,0.19001365453004837,0.2100798413157463,0.5004386603832245
neomycin,16,-0.8102018228252985,CPFLOW/comparison_outputs/full44_imageft2_morphology_candidates/images/neomycin/candidate_016_raw.png,CPFLOW/comparison_outputs/full44_imageft2_morphology_candidates/images/neomycin/candidate_016_display.png,0.6686515808105469,0.06482423841953278,0.9119683504104614,0.24554488062858582,0.25626224279403687,0.26341331005096436,0.1284046620130539,0.19983436167240143,0.21439868211746216,0.1875884234905243,0.48744267225265503,0.8270702362060547,0.08066688477993011,0.9217456877231598,0.316100537776947,0.3128754496574402,0.29708626866340637,0.13431470096111298,0.18112003803253174,0.19001365453004837,0.2100798413157463,0.5004386603832245
neomycin,17,-0.25009877914511,CPFLOW/comparison_outputs/full44_imageft2_morphology_candidates/images/neomycin/candidate_017_raw.png,CPFLOW/comparison_outputs/full44_imageft2_morphology_candidates/images/neomycin/candidate_017_display.png,0.8056831359863281,0.07545008510351181,0.9259476661682129,0.30572083592414856,0.296671599149704,0.340951532125473,0.1680155247449875,0.18685372173786163,0.21672537922859192,0.21808242797851562,0.49778637290000916,0.8270702362060547,0.08066688477993011,0.9217456877231598,0.316100537776947,0.3128754496574402,0.29708626866340637,0.13431470096111298,0.18112003803253174,0.19001365453004837,0.2100798413157463,0.5004386603832245
neomycin,18,-0.4854284937022688,CPFLOW/comparison_outputs/full44_imageft2_morphology_candidates/images/neomycin/candidate_018_raw.png,CPFLOW/comparison_outputs/full44_imageft2_morphology_candidates/images/neomycin/candidate_018_display.png,0.9084625244140625,0.06722244620323181,0.8968165516853333,0.32873228192329407,0.3458210527896881,0.33436062932014465,0.14879809319972992,0.169770285487175,0.18499810993671417,0.20017051696777344,0.49613192677497864,0.8270702362060547,0.08066688477993011,0.9217456877231598,0.316100537776947,0.3128754496574402,0.29708626866340637,0.13431470096111298,0.18112003803253174,0.19001365453004837,0.2100798413157463,0.5004386603832245
neomycin,19,-0.6108958768080148,CPFLOW/comparison_outputs/full44_imageft2_morphology_candidates/images/neomycin/candidate_019_raw.png,CPFLOW/comparison_outputs/full44_imageft2_morphology_candidates/images/neomycin/candidate_019_display.png,0.7683448791503906,0.051374055445194244,0.9098107814788818,0.24324512481689453,0.2517102360725403,0.26235729455947876,0.1370382457971573,0.16958947479724884,0.18141989409923553,0.19742895662784576,0.4904853105545044,0.8270702362060547,0.08066688477993011,0.9217456877231598,0.316100537776947,0.3128754496574402,0.29708626866340637,0.13431470096111298,0.18112003803253174,0.19001365453004837,0.2100798413157463,0.5004386603832245
neomycin,20,-0.18306528247588202,CPFLOW/comparison_outputs/full44_imageft2_morphology_candidates/images/neomycin/candidate_020_raw.png,CPFLOW/comparison_outputs/full44_imageft2_morphology_candidates/images/neomycin/candidate_020_display.png,0.8299980163574219,0.07432910799980164,0.9060327410697937,0.31593000888824463,0.27385491132736206,0.31573277711868286,0.11380236595869064,0.18067438900470734,0.2010578215122223,0.18322543799877167,0.5144660472869873,0.8270702362060547,0.08066688477993011,0.9217456877231598,0.316100537776947,0.3128754496574402,0.29708626866340637,0.13431470096111298,0.18112003803253174,0.19001365453004837,0.2100798413157463,0.5004386603832245
neomycin,21,-0.1464078587966307,CPFLOW/comparison_outputs/full44_imageft2_morphology_candidates/images/neomycin/candidate_021_raw.png,CPFLOW/comparison_outputs/full44_imageft2_morphology_candidates/images/neomycin/candidate_021_display.png,0.8214569091796875,0.07149317860603333,0.9325497150421143,0.31733080744743347,0.31246691942214966,0.32114294171333313,0.14138849079608917,0.19700711965560913,0.20279525220394135,0.20771366357803345,0.5126461982727051,0.8270702362060547,0.08066688477993011,0.9217456877231598,0.316100537776947,0.3128754496574402,0.29708626866340637,0.13431470096111298,0.18112003803253174,0.19001365453004837,0.2100798413157463,0.5004386603832245
neomycin,22,-0.5051457367324874,CPFLOW/comparison_outputs/full44_imageft2_morphology_candidates/images/neomycin/candidate_022_raw.png,CPFLOW/comparison_outputs/full44_imageft2_morphology_candidates/images/neomycin/candidate_022_display.png,0.7629585266113281,0.06569435447454453,0.9058411717414856,0.25408294796943665,0.3310178816318512,0.31148868799209595,0.19148388504981995,0.21065787971019745,0.21082627773284912,0.20306986570358276,0.48642808198928833,0.8270702362060547,0.08066688477993011,0.9217456877231598,0.316100537776947,0.3128754496574402,0.29708626866340637,0.13431470096111298,0.18112003803253174,0.19001365453004837,0.2100798413157463,0.5004386603832245
neomycin,23,-0.24002569421185965,CPFLOW/comparison_outputs/full44_imageft2_morphology_candidates/images/neomycin/candidate_023_raw.png,CPFLOW/comparison_outputs/full44_imageft2_morphology_candidates/images/neomycin/candidate_023_display.png,0.7863998413085938,0.07433503866195679,0.920517086982727,0.3007253408432007,0.3168524503707886,0.30519360303878784,0.14595355093479156,0.20405158400535583,0.2104838490486145,0.20293216407299042,0.5123569369316101,0.8270702362060547,0.08066688477993011,0.9217456877231598,0.316100537776947,0.3128754496574402,0.29708626866340637,0.13431470096111298,0.18112003803253174,0.19001365453004837,0.2100798413157463,0.5004386603832245
neomycin,24,-0.33577879370058994,CPFLOW/comparison_outputs/full44_imageft2_morphology_candidates/images/neomycin/candidate_024_raw.png,CPFLOW/comparison_outputs/full44_imageft2_morphology_candidates/images/neomycin/candidate_024_display.png,0.8735809326171875,0.0643245130777359,0.9291635751724243,0.3396819829940796,0.33547118306159973,0.29647472500801086,0.12037307769060135,0.18636374175548553,0.18708837032318115,0.19872213900089264,0.5085593461990356,0.8270702362060547,0.08066688477993011,0.9217456877231598,0.316100537776947,0.3128754496574402,0.29708626866340637,0.13431470096111298,0.18112003803253174,0.19001365453004837,0.2100798413157463,0.5004386603832245
neomycin,25,-0.6604572544856921,CPFLOW/comparison_outputs/full44_imageft2_morphology_candidates/images/neomycin/candidate_025_raw.png,CPFLOW/comparison_outputs/full44_imageft2_morphology_candidates/images/neomycin/candidate_025_display.png,0.7161788940429688,0.06615419685840607,0.9485631585121155,0.29218462109565735,0.2787597179412842,0.25520259141921997,0.0972614511847496,0.20806191861629486,0.20865647494792938,0.1808685064315796,0.5072400569915771,0.8270702362060547,0.08066688477993011,0.9217456877231598,0.316100537776947,0.3128754496574402,0.29708626866340637,0.13431470096111298,0.18112003803253174,0.19001365453004837,0.2100798413157463,0.5004386603832245
neomycin,26,-0.3853588935585082,CPFLOW/comparison_outputs/full44_imageft2_morphology_candidates/images/neomycin/candidate_026_raw.png,CPFLOW/comparison_outputs/full44_imageft2_morphology_candidates/images/neomycin/candidate_026_display.png,0.7764129638671875,0.06909602880477905,0.9289830923080444,0.2983262240886688,0.26854974031448364,0.2856391668319702,0.10580728948116302,0.18723101913928986,0.21027030050754547,0.18670490384101868,0.5178996324539185,0.8270702362060547,0.08066688477993011,0.9217456877231598,0.316100537776947,0.3128754496574402,0.29708626866340637,0.13431470096111298,0.18112003803253174,0.19001365453004837,0.2100798413157463,0.5004386603832245
neomycin,27,-0.9181213115591775,CPFLOW/comparison_outputs/full44_imageft2_morphology_candidates/images/neomycin/candidate_027_raw.png,CPFLOW/comparison_outputs/full44_imageft2_morphology_candidates/images/neomycin/candidate_027_display.png,0.684844970703125,0.05275709927082062,0.8820545077323914,0.21938569843769073,0.27208617329597473,0.2469862401485443,0.15104874968528748,0.19805172085762024,0.19985780119895935,0.17849627137184143,0.4795001447200775,0.8270702362060547,0.08066688477993011,0.9217456877231598,0.316100537776947,0.3128754496574402,0.29708626866340637,0.13431470096111298,0.18112003803253174,0.19001365453004837,0.2100798413157463,0.5004386603832245
neomycin,28,-0.3649369848071752,CPFLOW/comparison_outputs/full44_imageft2_morphology_candidates/images/neomycin/candidate_028_raw.png,CPFLOW/comparison_outputs/full44_imageft2_morphology_candidates/images/neomycin/candidate_028_display.png,0.8014907836914062,0.06284355372190475,0.9246978759765625,0.287817120552063,0.3374082148075104,0.3255923092365265,0.1717822253704071,0.2002306431531906,0.2069883942604065,0.20365595817565918,0.48732617497444153,0.8270702362060547,0.08066688477993011,0.9217456877231598,0.316100537776947,0.3128754496574402,0.29708626866340637,0.13431470096111298,0.18112003803253174,0.19001365453004837,0.2100798413157463,0.5004386603832245
neomycin,29,-0.2746700101247782,CPFLOW/comparison_outputs/full44_imageft2_morphology_candidates/images/neomycin/candidate_029_raw.png,CPFLOW/comparison_outputs/full44_imageft2_morphology_candidates/images/neomycin/candidate_029_display.png,0.8235664367675781,0.06382735818624496,0.8860004544258118,0.27308619022369385,0.2725151479244232,0.300462007522583,0.1331387460231781,0.16517135500907898,0.19094344973564148,0.18384797871112823,0.5166561603546143,0.8270702362060547,0.08066688477993011,0.9217456877231598,0.316100537776947,0.3128754496574402,0.29708626866340637,0.13431470096111298,0.18112003803253174,0.19001365453004837,0.2100798413157463,0.5004386603832245
neomycin,30,-0.22677935854100373,CPFLOW/comparison_outputs/full44_imageft2_morphology_candidates/images/neomycin/candidate_030_raw.png,CPFLOW/comparison_outputs/full44_imageft2_morphology_candidates/images/neomycin/candidate_030_display.png,0.8464584350585938,0.06982602179050446,0.9174619317054749,0.3213830292224884,0.3006649613380432,0.3357442021369934,0.14341720938682556,0.17512881755828857,0.20470061898231506,0.20671552419662476,0.5141065716743469,0.8270702362060547,0.08066688477993011,0.9217456877231598,0.316100537776947,0.3128754496574402,0.29708626866340637,0.13431470096111298,0.18112003803253174,0.19001365453004837,0.2100798413157463,0.5004386603832245
neomycin,31,-0.4130818788621327,CPFLOW/comparison_outputs/full44_imageft2_morphology_candidates/images/neomycin/candidate_031_raw.png,CPFLOW/comparison_outputs/full44_imageft2_morphology_candidates/images/neomycin/candidate_031_display.png,0.8869361877441406,0.06812426447868347,0.9242903590202332,0.3320445120334625,0.3354004919528961,0.34584203362464905,0.16201522946357727,0.17479300498962402,0.1945670247077942,0.22121652960777283,0.5128008127212524,0.8270702362060547,0.08066688477993011,0.9217456877231598,0.316100537776947,0.3128754496574402,0.29708626866340637,0.13431470096111298,0.18112003803253174,0.19001365453004837,0.2100798413157463,0.5004386603832245
nocodazole,0,-0.407187651639525,CPFLOW/comparison_outputs/full44_imageft2_morphology_candidates/images/nocodazole/candidate_000_raw.png,CPFLOW/comparison_outputs/full44_imageft2_morphology_candidates/images/nocodazole/candidate_000_display.png,0.377716064453125,0.052180659025907516,0.842789888381958,0.15449826419353485,0.16995462775230408,0.13048537075519562,0.13234739005565643,0.20944596827030182,0.18152333796024323,0.12361083179712296,0.49938374757766724,0.3471832275390625,0.06679897010326385,0.9335898458957672,0.1666000783443451,0.18529897183179855,0.14054517447948456,0.0967303179204464,0.19399391114711761,0.19132834672927856,0.15056362003087997,0.4982589781284332
nocodazole,1,-1.8914210158801534,CPFLOW/comparison_outputs/full44_imageft2_morphology_candidates/images/nocodazole/candidate_001_raw.png,CPFLOW/comparison_outputs/full44_imageft2_morphology_candidates/images/nocodazole/candidate_001_display.png,0.7858009338378906,0.06604170799255371,0.8575497269630432,0.28130242228507996,0.34146469831466675,0.22105735540390015,0.1773562729358673,0.2066628634929657,0.18625979125499725,0.1849707067012787,0.49900227785110474,0.3471832275390625,0.06679897010326385,0.9335898458957672,0.1666000783443451,0.18529897183179855,0.14054517447948456,0.0967303179204464,0.19399391114711761,0.19132834672927856,0.15056362003087997,0.4982589781284332
nocodazole,2,-1.314132633794666,CPFLOW/comparison_outputs/full44_imageft2_morphology_candidates/images/nocodazole/candidate_002_raw.png,CPFLOW/comparison_outputs/full44_imageft2_morphology_candidates/images/nocodazole/candidate_002_display.png,0.6386566162109375,0.06302575767040253,0.8343057036399841,0.22430358827114105,0.2740204930305481,0.18848930299282074,0.1739106923341751,0.22130320966243744,0.18880495429039001,0.16134171187877655,0.514462947845459,0.3471832275390625,0.06679897010326385,0.9335898458957672,0.1666000783443451,0.18529897183179855,0.14054517447948456,0.0967303179204464,0.19399391114711761,0.19132834672927856,0.15056362003087997,0.4982589781284332
nocodazole,3,-0.34350940183919665,CPFLOW/comparison_outputs/full44_imageft2_morphology_candidates/images/nocodazole/candidate_003_raw.png,CPFLOW/comparison_outputs/full44_imageft2_morphology_candidates/images/nocodazole/candidate_003_display.png,0.3573150634765625,0.05410676822066307,0.8584854602813721,0.17199401557445526,0.15387031435966492,0.10408727824687958,0.1318613737821579,0.2049923986196518,0.18443039059638977,0.1402851641178131,0.5111197829246521,0.3471832275390625,0.06679897010326385,0.9335898458957672,0.1666000783443451,0.18529897183179855,0.14054517447948456,0.0967303179204464,0.19399391114711761,0.19132834672927856,0.15056362003087997,0.4982589781284332
nocodazole,4,-1.4241560759823426,CPFLOW/comparison_outputs/full44_imageft2_morphology_candidates/images/nocodazole/candidate_004_raw.png,CPFLOW/comparison_outputs/full44_imageft2_morphology_candidates/images/nocodazole/candidate_004_display.png,0.6805572509765625,0.059667401015758514,0.8634157776832581,0.22868332266807556,0.2660243809223175,0.19076047837734222,0.1615857034921646,0.2012508362531662,0.1925191581249237,0.18042221665382385,0.5042123794555664,0.3471832275390625,0.06679897010326385,0.9335898458957672,0.1666000783443451,0.18529897183179855,0.14054517447948456,0.0967303179204464,0.19399391114711761,0.19132834672927856,0.15056362003087997,0.4982589781284332
nocodazole,5,-1.2763366956075983,CPFLOW/comparison_outputs/full44_imageft2_morphology_candidates/images/nocodazole/candidate_005_raw.png,CPFLOW/comparison_outputs/full44_imageft2_morphology_candidates/images/nocodazole/candidate_005_display.png,0.6379661560058594,0.05253168195486069,0.8451700806617737,0.19667761027812958,0.19095590710639954,0.16879397630691528,0.18673577904701233,0.21852879226207733,0.2187173217535019,0.1448395550251007,0.4911738634109497,0.3471832275390625,0.06679897010326385,0.9335898458957672,0.1666000783443451,0.18529897183179855,0.14054517447948456,0.0967303179204464,0.19399391114711761,0.19132834672927856,0.15056362003087997,0.4982589781284332
nocodazole,6,-0.8861844818445066,CPFLOW/comparison_outputs/full44_imageft2_morphology_candidates/images/nocodazole/candidate_006_raw.png,CPFLOW/comparison_outputs/full44_imageft2_morphology_candidates/images/nocodazole/candidate_006_display.png,0.24637222290039062,0.041973553597927094,0.8141613602638245,0.13227546215057373,0.1157054454088211,0.09843799471855164,0.1415378898382187,0.18330127000808716,0.17382483184337616,0.12074890732765198,0.5076971650123596,0.3471832275390625,0.06679897010326385,0.9335898458957672,0.1666000783443451,0.18529897183179855,0.14054517447948456,0.0967303179204464,0.19399391114711761,0.19132834672927856,0.15056362003087997,0.4982589781284332
nocodazole,7,-0.33471996660865183,CPFLOW/comparison_outputs/full44_imageft2_morphology_candidates/images/nocodazole/candidate_007_raw.png,CPFLOW/comparison_outputs/full44_imageft2_morphology_candidates/images/nocodazole/candidate_007_display.png,0.3497314453125,0.049581192433834076,0.8826272487640381,0.1748296022415161,0.17659872770309448,0.11492187529802322,0.13591676950454712,0.23438037931919098,0.19075004756450653,0.13086539506912231,0.5023114085197449,0.3471832275390625,0.06679897010326385,0.9335898458957672,0.1666000783443451,0.18529897183179855,0.14054517447948456,0.0967303179204464,0.19399391114711761,0.19132834672927856,0.15056362003087997,0.4982589781284332
nocodazole,8,-0.5736605847320514,CPFLOW/comparison_outputs/full44_imageft2_morphology_candidates/images/nocodazole/candidate_008_raw.png,CPFLOW/comparison_outputs/full44_imageft2_morphology_candidates/images/nocodazole/candidate_008_display.png,0.3683586120605469,0.04906131327152252,0.8000375628471375,0.14508235454559326,0.12058445811271667,0.0779590755701065,0.10191421955823898,0.17099666595458984,0.14092910289764404,0.1199871152639389,0.4834924042224884,0.3471832275390625,0.06679897010326385,0.9335898458957672,0.1666000783443451,0.18529897183179855,0.14054517447948456,0.0967303179204464,0.19399391114711761,0.19132834672927856,0.15056362003087997,0.4982589781284332
nocodazole,9,-1.251744900264972,CPFLOW/comparison_outputs/full44_imageft2_morphology_candidates/images/nocodazole/candidate_009_raw.png,CPFLOW/comparison_outputs/full44_imageft2_morphology_candidates/images/nocodazole/candidate_009_display.png,0.6374549865722656,0.06121554225683212,0.8351410031318665,0.20243588089942932,0.22242258489131927,0.18343707919120789,0.18410833179950714,0.21402545273303986,0.20952202379703522,0.15373684465885162,0.5006475448608398,0.3471832275390625,0.06679897010326385,0.9335898458957672,0.1666000783443451,0.18529897183179855,0.14054517447948456,0.0967303179204464,0.19399391114711761,0.19132834672927856,0.15056362003087997,0.4982589781284332
nocodazole,10,-1.353362679788194,CPFLOW/comparison_outputs/full44_imageft2_morphology_candidates/images/nocodazole/candidate_010_raw.png,CPFLOW/comparison_outputs/full44_imageft2_morphology_candidates/images/nocodazole/candidate_010_display.png,0.585845947265625,0.04172830283641815,0.8414325714111328,0.1712791472673416,0.10527963191270828,0.0642363652586937,0.1567591279745102,0.18995524942874908,0.15444184839725494,0.09860936552286148,0.5052791237831116,0.3471832275390625,0.06679897010326385,0.9335898458957672,0.1666000783443451,0.18529897183179855,0.14054517447948456,0.0967303179204464,0.19399391114711761,0.19132834672927856,0.15056362003087997,0.4982589781284332
nocodazole,11,-1.0182226393334965,CPFLOW/comparison_outputs/full44_imageft2_morphology_candidates/images/nocodazole/candidate_011_raw.png,CPFLOW/comparison_outputs/full44_imageft2_morphology_candidates/images/nocodazole/candidate_011_display.png,0.5562210083007812,0.060720913112163544,0.86238032579422,0.22209098935127258,0.2423105090856552,0.17710620164871216,0.17292529344558716,0.22685930132865906,0.20467759668827057,0.15909279882907867,0.49907925724983215,0.3471832275390625,0.06679897010326385,0.9335898458957672,0.1666000783443451,0.18529897183179855,0.14054517447948456,0.0967303179204464,0.19399391114711761,0.19132834672927856,0.15056362003087997,0.4982589781284332
nocodazole,12,-0.5885700153391322,CPFLOW/comparison_outputs/full44_imageft2_morphology_candidates/images/nocodazole/candidate_012_raw.png,CPFLOW/comparison_outputs/full44_imageft2_morphology_candidates/images/nocodazole/candidate_012_display.png,0.4404449462890625,0.05522804707288742,0.8297953605651855,0.1674865484237671,0.17040173709392548,0.1453421264886856,0.16367453336715698,0.20505082607269287,0.19536557793617249,0.1285746842622757,0.4934118688106537,0.3471832275390625,0.06679897010326385,0.9335898458957672,0.1666000783443451,0.18529897183179855,0.14054517447948456,0.0967303179204464,0.19399391114711761,0.19132834672927856,0.15056362003087997,0.4982589781284332
nocodazole,13,-0.6999493366951682,CPFLOW/comparison_outputs/full44_imageft2_morphology_candidates/images/nocodazole/candidate_013_raw.png,CPFLOW/comparison_outputs/full44_imageft2_morphology_candidates/images/nocodazole/candidate_013_display.png,0.47490692138671875,0.05206741392612457,0.8519575595855713,0.15503647923469543,0.15996244549751282,0.12870782613754272,0.13284075260162354,0.1776677668094635,0.17581167817115784,0.13997970521450043,0.5004090070724487,0.3471832275390625,0.06679897010326385,0.9335898458957672,0.1666000783443451,0.18529897183179855,0.14054517447948456,0.0967303179204464,0.19399391114711761,0.19132834672927856,0.15056362003087997,0.4982589781284332
nocodazole,14,-0.8044928138387974,CPFLOW/comparison_outputs/full44_imageft2_morphology_candidates/images/nocodazole/candidate_014_raw.png,CPFLOW/comparison_outputs/full44_imageft2_morphology_candidates/images/nocodazole/candidate_014_display.png,0.5521125793457031,0.06534825265407562,0.8848037719726562,0.2142648696899414,0.22838939726352692,0.1397034227848053,0.11940736323595047,0.22070711851119995,0.18883436918258667,0.152252197265625,0.5097654461860657,0.3471832275390625,0.06679897010326385,0.9335898458957672,0.1666000783443451,0.18529897183179855,0.14054517447948456,0.0967303179204464,0.19399391114711761,0.19132834672927856,0.15056362003087997,0.4982589781284332
nocodazole,15,-0.9761857062533349,CPFLOW/comparison_outputs/full44_imageft2_morphology_candidates/images/nocodazole/candidate_015_raw.png,CPFLOW/comparison_outputs/full44_imageft2_morphology_candidates/images/nocodazole/candidate_015_display.png,0.5406875610351562,0.05951035022735596,0.8760485649108887,0.2116505354642868,0.23438546061515808,0.1933332234621048,0.1730528026819229,0.22322815656661987,0.20710574090480804,0.16553297638893127,0.5006375312805176,0.3471832275390625,0.06679897010326385,0.9335898458957672,0.1666000783443451,0.18529897183179855,0.14054517447948456,0.0967303179204464,0.19399391114711761,0.19132834672927856,0.15056362003087997,0.4982589781284332
nocodazole,16,-0.6256400283887013,CPFLOW/comparison_outputs/full44_imageft2_morphology_candidates/images/nocodazole/candidate_016_raw.png,CPFLOW/comparison_outputs/full44_imageft2_morphology_candidates/images/nocodazole/candidate_016_display.png,0.4550514221191406,0.0571802593767643,0.8770260810852051,0.18934820592403412,0.20397719740867615,0.17344120144844055,0.14919474720954895,0.22496004402637482,0.21028336882591248,0.152060404419899,0.5072429776191711,0.3471832275390625,0.06679897010326385,0.9335898458957672,0.1666000783443451,0.18529897183179855,0.14054517447948456,0.0967303179204464,0.19399391114711761,0.19132834672927856,0.15056362003087997,0.4982589781284332
nocodazole,17,-1.3456068111546273,CPFLOW/comparison_outputs/full44_imageft2_morphology_candidates/images/nocodazole/candidate_017_raw.png,CPFLOW/comparison_outputs/full44_imageft2_morphology_candidates/images/nocodazole/candidate_017_display.png,0.6489791870117188,0.0592234805226326,0.8493673801422119,0.19711433351039886,0.25730007886886597,0.1913536787033081,0.19137819111347198,0.20889708399772644,0.18022596836090088,0.16354136168956757,0.5053537487983704,0.3471832275390625,0.06679897010326385,0.9335898458957672,0.1666000783443451,0.18529897183179855,0.14054517447948456,0.0967303179204464,0.19399391114711761,0.19132834672927856,0.15056362003087997,0.4982589781284332
nocodazole,18,-1.505870228016182,CPFLOW/comparison_outputs/full44_imageft2_morphology_candidates/images/nocodazole/candidate_018_raw.png,CPFLOW/comparison_outputs/full44_imageft2_morphology_candidates/images/nocodazole/candidate_018_display.png,0.7033119201660156,0.06495296210050583,0.8241229057312012,0.22654707729816437,0.2809544503688812,0.18588702380657196,0.171752467751503,0.20363935828208923,0.171578049659729,0.16218213737010956,0.5093435049057007,0.3471832275390625,0.06679897010326385,0.9335898458957672,0.1666000783443451,0.18529897183179855,0.14054517447948456,0.0967303179204464,0.19399391114711761,0.19132834672927856,0.15056362003087997,0.4982589781284332
nocodazole,19,-1.0011912171860957,CPFLOW/comparison_outputs/full44_imageft2_morphology_candidates/images/nocodazole/candidate_019_raw.png,CPFLOW/comparison_outputs/full44_imageft2_morphology_candidates/images/nocodazole/candidate_019_display.png,0.5614891052246094,0.05879504233598709,0.8304439187049866,0.19097675383090973,0.2246086746454239,0.17238983511924744,0.16927172243595123,0.2122686356306076,0.1850673109292984,0.14653076231479645,0.4915125370025635,0.3471832275390625,0.06679897010326385,0.9335898458957672,0.1666000783443451,0.18529897183179855,0.14054517447948456,0.0967303179204464,0.19399391114711761,0.19132834672927856,0.15056362003087997,0.4982589781284332
nocodazole,20,-1.1168318989303718,CPFLOW/comparison_outputs/full44_imageft2_morphology_candidates/images/nocodazole/candidate_020_raw.png,CPFLOW/comparison_outputs/full44_imageft2_morphology_candidates/images/nocodazole/candidate_020_display.png,0.5858230590820312,0.058299578726291656,0.8504037261009216,0.2058856189250946,0.24384962022304535,0.1717919260263443,0.17467257380485535,0.22085194289684296,0.1771049201488495,0.15747302770614624,0.485323041677475,0.3471832275390625,0.06679897010326385,0.9335898458957672,0.1666000783443451,0.18529897183179855,0.14054517447948456,0.0967303179204464,0.19399391114711761,0.19132834672927856,0.15056362003087997,0.4982589781284332
nocodazole,21,-1.5659176432373572,CPFLOW/comparison_outputs/full44_imageft2_morphology_candidates/images/nocodazole/candidate_021_raw.png,CPFLOW/comparison_outputs/full44_imageft2_morphology_candidates/images/nocodazole/candidate_021_display.png,0.70672607421875,0.059999141842126846,0.8342691659927368,0.2094610184431076,0.26131880283355713,0.22761180996894836,0.1888948678970337,0.19424167275428772,0.2033126801252365,0.15769781172275543,0.5063098669052124,0.3471832275390625,0.06679897010326385,0.9335898458957672,0.1666000783443451,0.18529897183179855,0.14054517447948456,0.0967303179204464,0.19399391114711761,0.19132834672927856,0.15056362003087997,0.4982589781284332
nocodazole,22,-0.6693290854796434,CPFLOW/comparison_outputs/full44_imageft2_morphology_candidates/images/nocodazole/candidate_022_raw.png,CPFLOW/comparison_outputs/full44_imageft2_morphology_candidates/images/nocodazole/candidate_022_display.png,0.47652435302734375,0.051832400262355804,0.852713942527771,0.16338475048542023,0.18375468254089355,0.14985299110412598,0.14798307418823242,0.19742175936698914,0.18070796132087708,0.1465214341878891,0.5222871899604797,0.3471832275390625,0.06679897010326385,0.9335898458957672,0.1666000783443451,0.18529897183179855,0.14054517447948456,0.0967303179204464,0.19399391114711761,0.19132834672927856,0.15056362003087997,0.4982589781284332
nocodazole,23,-1.7855297977104085,CPFLOW/comparison_outputs/full44_imageft2_morphology_candidates/images/nocodazole/candidate_023_raw.png,CPFLOW/comparison_outputs/full44_imageft2_morphology_candidates/images/nocodazole/candidate_023_display.png,0.7561683654785156,0.06809701770544052,0.8765422105789185,0.2485286146402359,0.32537946105003357,0.25984200835227966,0.17065632343292236,0.2080405205488205,0.20716804265975952,0.1746973991394043,0.5082337856292725,0.3471832275390625,0.06679897010326385,0.9335898458957672,0.1666000783443451,0.18529897183179855,0.14054517447948456,0.0967303179204464,0.19399391114711761,0.19132834672927856,0.15056362003087997,0.4982589781284332
nocodazole,24,-0.5246153184029427,CPFLOW/comparison_outputs/full44_imageft2_morphology_candidates/images/nocodazole/candidate_024_raw.png,CPFLOW/comparison_outputs/full44_imageft2_morphology_candidates/images/nocodazole/candidate_024_display.png,0.4406852722167969,0.06255923211574554,0.8712330460548401,0.1999792903661728,0.19090019166469574,0.10024716705083847,0.12969833612442017,0.21720430254936218,0.1650080382823944,0.14282964169979095,0.5037425756454468,0.3471832275390625,0.06679897010326385,0.9335898458957672,0.1666000783443451,0.18529897183179855,0.14054517447948456,0.0967303179204464,0.19399391114711761,0.19132834672927856,0.15056362003087997,0.4982589781284332
nocodazole,25,-0.5221529562969932,CPFLOW/comparison_outputs/full44_imageft2_morphology_candidates/images/nocodazole/candidate_025_raw.png,CPFLOW/comparison_outputs/full44_imageft2_morphology_candidates/images/nocodazole/candidate_025_display.png,0.42238616943359375,0.05192944407463074,0.8545809984207153,0.17687161266803741,0.1856301724910736,0.12924611568450928,0.13656246662139893,0.21746324002742767,0.1803417056798935,0.1315101683139801,0.4913664758205414,0.3471832275390625,0.06679897010326385,0.9335898458957672,0.1666000783443451,0.18529897183179855,0.14054517447948456,0.0967303179204464,0.19399391114711761,0.19132834672927856,0.15056362003087997,0.4982589781284332
nocodazole,26,-0.5509761122176208,CPFLOW/comparison_outputs/full44_imageft2_morphology_candidates/images/nocodazole/candidate_026_raw.png,CPFLOW/comparison_outputs/full44_imageft2_morphology_candidates/images/nocodazole/candidate_026_display.png,0.46833038330078125,0.062030013650655746,0.8613888025283813,0.20235659182071686,0.18762163817882538,0.13847962021827698,0.12885726988315582,0.20784442126750946,0.19937266409397125,0.1434466540813446,0.48541244864463806,0.3471832275390625,0.06679897010326385,0.9335898458957672,0.1666000783443451,0.18529897183179855,0.14054517447948456,0.0967303179204464,0.19399391114711761,0.19132834672927856,0.15056362003087997,0.4982589781284332
nocodazole,27,-0.6908747503810903,CPFLOW/comparison_outputs/full44_imageft2_morphology_candidates/images/nocodazole/candidate_027_raw.png,CPFLOW/comparison_outputs/full44_imageft2_morphology_candidates/images/nocodazole/candidate_027_display.png,0.5232048034667969,0.06159907206892967,0.8957008123397827,0.1955714225769043,0.18900789320468903,0.15287253260612488,0.13235238194465637,0.19519834220409393,0.1987285315990448,0.14944852888584137,0.4864857792854309,0.3471832275390625,0.06679897010326385,0.9335898458957672,0.1666000783443451,0.18529897183179855,0.14054517447948456,0.0967303179204464,0.19399391114711761,0.19132834672927856,0.15056362003087997,0.4982589781284332
nocodazole,28,-0.9830741530124326,CPFLOW/comparison_outputs/full44_imageft2_morphology_candidates/images/nocodazole/candidate_028_raw.png,CPFLOW/comparison_outputs/full44_imageft2_morphology_candidates/images/nocodazole/candidate_028_display.png,0.5818634033203125,0.061598680913448334,0.8534583449363708,0.20672915875911713,0.21069620549678802,0.15005719661712646,0.16764718294143677,0.20602482557296753,0.1924045979976654,0.14180974662303925,0.5047568678855896,0.3471832275390625,0.06679897010326385,0.9335898458957672,0.1666000783443451,0.18529897183179855,0.14054517447948456,0.0967303179204464,0.19399391114711761,0.19132834672927856,0.15056362003087997,0.4982589781284332
nocodazole,29,-1.126961734207929,CPFLOW/comparison_outputs/full44_imageft2_morphology_candidates/images/nocodazole/candidate_029_raw.png,CPFLOW/comparison_outputs/full44_imageft2_morphology_candidates/images/nocodazole/candidate_029_display.png,0.5872116088867188,0.05195009708404541,0.8175634145736694,0.16627955436706543,0.1684255301952362,0.18702445924282074,0.1655142903327942,0.15540865063667297,0.1886645406484604,0.15149378776550293,0.495268851518631,0.3471832275390625,0.06679897010326385,0.9335898458957672,0.1666000783443451,0.18529897183179855,0.14054517447948456,0.0967303179204464,0.19399391114711761,0.19132834672927856,0.15056362003087997,0.4982589781284332
nocodazole,30,-0.5449403862117732,CPFLOW/comparison_outputs/full44_imageft2_morphology_candidates/images/nocodazole/candidate_030_raw.png,CPFLOW/comparison_outputs/full44_imageft2_morphology_candidates/images/nocodazole/candidate_030_display.png,0.30158233642578125,0.0495457723736763,0.8784273266792297,0.16489186882972717,0.12584470212459564,0.09019556641578674,0.1469377875328064,0.19111751019954681,0.183083176612854,0.13136424124240875,0.49743491411209106,0.3471832275390625,0.06679897010326385,0.9335898458957672,0.1666000783443451,0.18529897183179855,0.14054517447948456,0.0967303179204464,0.19399391114711761,0.19132834672927856,0.15056362003087997,0.4982589781284332
nocodazole,31,-1.8305078187153112,CPFLOW/comparison_outputs/full44_imageft2_morphology_candidates/images/nocodazole/candidate_031_raw.png,CPFLOW/comparison_outputs/full44_imageft2_morphology_candidates/images/nocodazole/candidate_031_display.png,0.7691802978515625,0.06779138743877411,0.867330014705658,0.2846662104129791,0.3502871096134186,0.20284542441368103,0.17786641418933868,0.22059056162834167,0.18752793967723846,0.17670969665050507,0.5045437812805176,0.3471832275390625,0.06679897010326385,0.9335898458957672,0.1666000783443451,0.18529897183179855,0.14054517447948456,0.0967303179204464,0.19399391114711761,0.19132834672927856,0.15056362003087997,0.4982589781284332
atropine,0,-0.8339332134099744,CPFLOW/comparison_outputs/full44_imageft2_morphology_candidates/images/atropine/candidate_000_raw.png,CPFLOW/comparison_outputs/full44_imageft2_morphology_candidates/images/atropine/candidate_000_display.png,0.6605567932128906,0.06725155562162399,0.9108798503875732,0.22950272262096405,0.2525765299797058,0.2463230937719345,0.13886703550815582,0.2000797986984253,0.2010888308286667,0.1856793314218521,0.5094005465507507,0.4661712646484375,0.06428612768650055,0.9337508082389832,0.19027546793222427,0.20890109986066818,0.18821042776107788,0.10347214713692665,0.20918983966112137,0.1991126760840416,0.1768539398908615,0.4998587816953659
atropine,1,-1.7160751360161288,CPFLOW/comparison_outputs/full44_imageft2_morphology_candidates/images/atropine/candidate_001_raw.png,CPFLOW/comparison_outputs/full44_imageft2_morphology_candidates/images/atropine/candidate_001_display.png,0.15643692016601562,0.034755103290081024,0.8905891180038452,0.08880040049552917,0.1004597544670105,0.08237257599830627,0.0923004150390625,0.17920508980751038,0.15712791681289673,0.11581619083881378,0.5002721548080444,0.4661712646484375,0.06428612768650055,0.9337508082389832,0.19027546793222427,0.20890109986066818,0.18821042776107788,0.10347214713692665,0.20918983966112137,0.1991126760840416,0.1768539398908615,0.4998587816953659
atropine,2,-1.794259795118785,CPFLOW/comparison_outputs/full44_imageft2_morphology_candidates/images/atropine/candidate_002_raw.png,CPFLOW/comparison_outputs/full44_imageft2_morphology_candidates/images/atropine/candidate_002_display.png,0.15886688232421875,0.034922707825899124,0.9344897270202637,0.07832768559455872,0.08094919472932816,0.06388705223798752,0.044519200921058655,0.161085844039917,0.16290947794914246,0.11314350366592407,0.4744097590446472,0.4661712646484375,0.06428612768650055,0.9337508082389832,0.19027546793222427,0.20890109986066818,0.18821042776107788,0.10347214713692665,0.20918983966112137,0.1991126760840416,0.1768539398908615,0.4998587816953659
atropine,3,-2.073704930098451,CPFLOW/comparison_outputs/full44_imageft2_morphology_candidates/images/atropine/candidate_003_raw.png,CPFLOW/comparison_outputs/full44_imageft2_morphology_candidates/images/atropine/candidate_003_display.png,0.10660552978515625,0.028544927015900612,0.8885837197303772,0.06578684598207474,0.08130774646997452,0.07051677256822586,0.07386676222085953,0.1591653674840927,0.1463531255722046,0.10324911773204803,0.48987406492233276,0.4661712646484375,0.06428612768650055,0.9337508082389832,0.19027546793222427,0.20890109986066818,0.18821042776107788,0.10347214713692665,0.20918983966112137,0.1991126760840416,0.1768539398908615,0.4998587816953659
atropine,4,-1.1092277091053968,CPFLOW/comparison_outputs/full44_imageft2_morphology_candidates/images/atropine/candidate_004_raw.png,CPFLOW/comparison_outputs/full44_imageft2_morphology_candidates/images/atropine/candidate_004_display.png,0.2815399169921875,0.038977500051259995,0.8984420895576477,0.12453635782003403,0.1293007731437683,0.12273664027452469,0.1029789075255394,0.18684637546539307,0.18374130129814148,0.1436728537082672,0.5107628107070923,0.4661712646484375,0.06428612768650055,0.9337508082389832,0.19027546793222427,0.20890109986066818,0.18821042776107788,0.10347214713692665,0.20918983966112137,0.1991126760840416,0.1768539398908615,0.4998587816953659
atropine,5,-0.841588837117247,CPFLOW/comparison_outputs/full44_imageft2_morphology_candidates/images/atropine/candidate_005_raw.png,CPFLOW/comparison_outputs/full44_imageft2_morphology_candidates/images/atropine/candidate_005_display.png,0.3209075927734375,0.049849607050418854,0.9216486811637878,0.14047545194625854,0.13387469947338104,0.11219756305217743,0.08758869767189026,0.20876634120941162,0.1865069419145584,0.1487482488155365,0.4727019965648651,0.4661712646484375,0.06428612768650055,0.9337508082389832,0.19027546793222427,0.20890109986066818,0.18821042776107788,0.10347214713692665,0.20918983966112137,0.1991126760840416,0.1768539398908615,0.4998587816953659
atropine,6,-0.5468747924638917,CPFLOW/comparison_outputs/full44_imageft2_morphology_candidates/images/atropine/candidate_006_raw.png,CPFLOW/comparison_outputs/full44_imageft2_morphology_candidates/images/atropine/candidate_006_display.png,0.38112640380859375,0.05209309980273247,0.9188896417617798,0.1461908519268036,0.17270660400390625,0.1416248083114624,0.11949599534273148,0.20877887308597565,0.1821594387292862,0.16442476212978363,0.49968859553337097,0.4661712646484375,0.06428612768650055,0.9337508082389832,0.19027546793222427,0.20890109986066818,0.18821042776107788,0.10347214713692665,0.20918983966112137,0.1991126760840416,0.1768539398908615,0.4998587816953659
atropine,7,-0.8433446107403249,CPFLOW/comparison_outputs/full44_imageft2_morphology_candidates/images/atropine/candidate_007_raw.png,CPFLOW/comparison_outputs/full44_imageft2_morphology_candidates/images/atropine/candidate_007_display.png,0.6552352905273438,0.061778463423252106,0.8826636075973511,0.22975879907608032,0.26901814341545105,0.23383143544197083,0.14414453506469727,0.20670534670352936,0.19717487692832947,0.16970297694206238,0.49974876642227173,0.4661712646484375,0.06428612768650055,0.9337508082389832,0.19027546793222427,0.20890109986066818,0.18821042776107788,0.10347214713692665,0.20918983966112137,0.1991126760840416,0.1768539398908615,0.4998587816953659
atropine,8,-1.3743380779961925,CPFLOW/comparison_outputs/full44_imageft2_morphology_candidates/images/atropine/candidate_008_raw.png,CPFLOW/comparison_outputs/full44_imageft2_morphology_candidates/images/atropine/candidate_008_display.png,0.19238662719726562,0.046525586396455765,0.8974810242652893,0.1329978108406067,0.11463555693626404,0.09394911676645279,0.11526741087436676,0.19766511023044586,0.16679787635803223,0.11200609058141708,0.48845231533050537,0.4661712646484375,0.06428612768650055,0.9337508082389832,0.19027546793222427,0.20890109986066818,0.18821042776107788,0.10347214713692665,0.20918983966112137,0.1991126760840416,0.1768539398908615,0.4998587816953659
atropine,9,-0.45604871642279005,CPFLOW/comparison_outputs/full44_imageft2_morphology_candidates/images/atropine/candidate_009_raw.png,CPFLOW/comparison_outputs/full44_imageft2_morphology_candidates/images/atropine/candidate_009_display.png,0.41196441650390625,0.05056589096784592,0.8809850811958313,0.15452492237091064,0.18961070477962494,0.16448047757148743,0.1262725293636322,0.21690410375595093,0.19266903400421143,0.15731298923492432,0.49177032709121704,0.4661712646484375,0.06428612768650055,0.9337508082389832,0.19027546793222427,0.20890109986066818,0.18821042776107788,0.10347214713692665,0.20918983966112137,0.1991126760840416,0.1768539398908615,0.4998587816953659
atropine,10,-2.1925334593952015,CPFLOW/comparison_outputs/full44_imageft2_morphology_candidates/images/atropine/candidate_010_raw.png,CPFLOW/comparison_outputs/full44_imageft2_morphology_candidates/images/atropine/candidate_010_display.png,0.0510101318359375,0.0399010069668293,0.8575844764709473,0.05650908872485161,0.06590235978364944,0.05693966522812843,0.08055835962295532,0.12375614047050476,0.1129668578505516,0.08556915074586868,0.5008602142333984,0.4661712646484375,0.06428612768650055,0.9337508082389832,0.19027546793222427,0.20890109986066818,0.18821042776107788,0.10347214713692665,0.20918983966112137,0.1991126760840416,0.1768539398908615,0.4998587816953659
atropine,11,-2.06360262964525,CPFLOW/comparison_outputs/full44_imageft2_morphology_candidates/images/atropine/candidate_011_raw.png,CPFLOW/comparison_outputs/full44_imageft2_morphology_candidates/images/atropine/candidate_011_display.png,0.1029815673828125,0.027274176478385925,0.903092622756958,0.06598404794931412,0.09194110333919525,0.0838913768529892,0.07495605945587158,0.15235887467861176,0.1600206047296524,0.0990481898188591,0.49865931272506714,0.4661712646484375,0.06428612768650055,0.9337508082389832,0.19027546793222427,0.20890109986066818,0.18821042776107788,0.10347214713692665,0.20918983966112137,0.1991126760840416,0.1768539398908615,0.4998587816953659
atropine,12,-0.9775962058831517,CPFLOW/comparison_outputs/full44_imageft2_morphology_candidates/images/atropine/candidate_012_raw.png,CPFLOW/comparison_outputs/full44_imageft2_morphology_candidates/images/atropine/candidate_012_display.png,0.27471923828125,0.05276968330144882,0.9409374594688416,0.11708331108093262,0.12731514871120453,0.1268245130777359,0.08505360782146454,0.18851704895496368,0.18594254553318024,0.14418642222881317,0.5085349082946777,0.4661712646484375,0.06428612768650055,0.9337508082389832,0.19027546793222427,0.20890109986066818,0.18821042776107788,0.10347214713692665,0.20918983966112137,0.1991126760840416,0.1768539398908615,0.4998587816953659
atropine,13,-1.4588248447379701,CPFLOW/comparison_outputs/full44_imageft2_morphology_candidates/images/atropine/candidate_013_raw.png,CPFLOW/comparison_outputs/full44_imageft2_morphology_candidates/images/atropine/candidate_013_display.png,0.18719482421875,0.0413176454603672,0.8824700713157654,0.10677843540906906,0.11336356401443481,0.11118900030851364,0.11965573579072952,0.18481004238128662,0.17939753830432892,0.12588120996952057,0.4999156594276428,0.4661712646484375,0.06428612768650055,0.9337508082389832,0.19027546793222427,0.20890109986066818,0.18821042776107788,0.10347214713692665,0.20918983966112137,0.1991126760840416,0.1768539398908615,0.4998587816953659
atropine,14,-0.7238303308650712,CPFLOW/comparison_outputs/full44_imageft2_morphology_candidates/images/atropine/candidate_014_raw.png,CPFLOW/comparison_outputs/full44_imageft2_morphology_candidates/images/atropine/candidate_014_display.png,0.31580352783203125,0.05662376433610916,0.901293933391571,0.15412265062332153,0.17535261809825897,0.14867658913135529,0.13083675503730774,0.22140727937221527,0.2027786821126938,0.1443977802991867,0.5063709616661072,0.4661712646484375,0.06428612768650055,0.9337508082389832,0.19027546793222427,0.20890109986066818,0.18821042776107788,0.10347214713692665,0.20918983966112137,0.1991126760840416,0.1768539398908615,0.4998587816953659
atropine,15,-0.5489098650130418,CPFLOW/comparison_outputs/full44_imageft2_morphology_candidates/images/atropine/candidate_015_raw.png,CPFLOW/comparison_outputs/full44_imageft2_morphology_candidates/images/atropine/candidate_015_display.png,0.3750648498535156,0.05442123860120773,0.9262465238571167,0.15812405943870544,0.17486032843589783,0.14151380956172943,0.08573650568723679,0.21600060164928436,0.18384753167629242,0.13836418092250824,0.4981781840324402,0.4661712646484375,0.06428612768650055,0.9337508082389832,0.19027546793222427,0.20890109986066818,0.18821042776107788,0.10347214713692665,0.20918983966112137,0.1991126760840416,0.1768539398908615,0.4998587816953659
atropine,16,-0.8661985054193999,CPFLOW/comparison_outputs/full44_imageft2_morphology_candidates/images/atropine/candidate_016_raw.png,CPFLOW/comparison_outputs/full44_imageft2_morphology_candidates/images/atropine/candidate_016_display.png,0.3067817687988281,0.04908514767885208,0.9190672039985657,0.13749322295188904,0.14557108283042908,0.13992317020893097,0.07723046839237213,0.2046126276254654,0.21191692352294922,0.1460566371679306,0.49274522066116333,0.4661712646484375,0.06428612768650055,0.9337508082389832,0.19027546793222427,0.20890109986066818,0.18821042776107788,0.10347214713692665,0.20918983966112137,0.1991126760840416,0.1768539398908615,0.4998587816953659
atropine,17,-0.4112975209503277,CPFLOW/comparison_outputs/full44_imageft2_morphology_candidates/images/atropine/candidate_017_raw.png,CPFLOW/comparison_outputs/full44_imageft2_morphology_candidates/images/atropine/candidate_017_display.png,0.55511474609375,0.06885984539985657,0.8988959193229675,0.20377688109874725,0.21772132813930511,0.214402437210083,0.11531086266040802,0.20237140357494354,0.21031297743320465,0.17315268516540527,0.5079765915870667,0.4661712646484375,0.06428612768650055,0.9337508082389832,0.19027546793222427,0.20890109986066818,0.18821042776107788,0.10347214713692665,0.20918983966112137,0.1991126760840416,0.1768539398908615,0.4998587816953659
atropine,18,-1.1587333125232817,CPFLOW/comparison_outputs/full44_imageft2_morphology_candidates/images/atropine/candidate_018_raw.png,CPFLOW/comparison_outputs/full44_imageft2_morphology_candidates/images/atropine/candidate_018_display.png,0.2513427734375,0.044026173651218414,0.9059494733810425,0.11159909516572952,0.13416695594787598,0.11782638728618622,0.08876363933086395,0.1973220258951187,0.18097008764743805,0.13831278681755066,0.5060634016990662,0.4661712646484375,0.06428612768650055,0.9337508082389832,0.19027546793222427,0.20890109986066818,0.18821042776107788,0.10347214713692665,0.20918983966112137,0.1991126760840416,0.1768539398908615,0.4998587816953659
atropine,19,-1.9209551186437137,CPFLOW/comparison_outputs/full44_imageft2_morphology_candidates/images/atropine/candidate_019_raw.png,CPFLOW/comparison_outputs/full44_imageft2_morphology_candidates/images/atropine/candidate_019_display.png,0.13572311401367188,0.03217624872922897,0.8257068395614624,0.08885743468999863,0.08909791707992554,0.07428748905658722,0.09648574888706207,0.16070151329040527,0.13814494013786316,0.10470912605524063,0.5049906373023987,0.4661712646484375,0.06428612768650055,0.9337508082389832,0.19027546793222427,0.20890109986066818,0.18821042776107788,0.10347214713692665,0.20918983966112137,0.1991126760840416,0.1768539398908615,0.4998587816953659
atropine,20,-0.5129672666958625,CPFLOW/comparison_outputs/full44_imageft2_morphology_candidates/images/atropine/candidate_020_raw.png,CPFLOW/comparison_outputs/full44_imageft2_morphology_candidates/images/atropine/candidate_020_display.png,0.36511993408203125,0.054933466017246246,0.9251042008399963,0.1550217717885971,0.1825765073299408,0.16885599493980408,0.10843499004840851,0.21674175560474396,0.2120618224143982,0.1469200700521469,0.49725526571273804,0.4661712646484375,0.06428612768650055,0.9337508082389832,0.19027546793222427,0.20890109986066818,0.18821042776107788,0.10347214713692665,0.20918983966112137,0.1991126760840416,0.1768539398908615,0.4998587816953659
atropine,21,-0.7357067935886443,CPFLOW/comparison_outputs/full44_imageft2_morphology_candidates/images/atropine/candidate_021_raw.png,CPFLOW/comparison_outputs/full44_imageft2_morphology_candidates/images/atropine/candidate_021_display.png,0.31948089599609375,0.051306579262018204,0.9360094666481018,0.14768625795841217,0.16414350271224976,0.14419683814048767,0.09504818171262741,0.22072269022464752,0.1966010481119156,0.1475369930267334,0.5013713240623474,0.4661712646484375,0.06428612768650055,0.9337508082389832,0.19027546793222427,0.20890109986066818,0.18821042776107788,0.10347214713692665,0.20918983966112137,0.1991126760840416,0.1768539398908615,0.4998587816953659
atropine,22,-0.2631779667973108,CPFLOW/comparison_outputs/full44_imageft2_morphology_candidates/images/atropine/candidate_022_raw.png,CPFLOW/comparison_outputs/full44_imageft2_morphology_candidates/images/atropine/candidate_022_display.png,0.5136146545410156,0.05805983394384384,0.8860230445861816,0.18654336035251617,0.20653772354125977,0.18971577286720276,0.11033307760953903,0.20331533253192902,0.19169989228248596,0.16748172044754028,0.49802809953689575,0.4661712646484375,0.06428612768650055,0.9337508082389832,0.19027546793222427,0.20890109986066818,0.18821042776107788,0.10347214713692665,0.20918983966112137,0.1991126760840416,0.1768539398908615,0.4998587816953659
atropine,23,-2.3981506204633334,CPFLOW/comparison_outputs/full44_imageft2_morphology_candidates/images/atropine/candidate_023_raw.png,CPFLOW/comparison_outputs/full44_imageft2_morphology_candidates/images/atropine/candidate_023_display.png,0.0557098388671875,0.029610658064484596,0.8150216937065125,0.05304435268044472,0.050930701196193695,0.05570768564939499,0.0722617581486702,0.11661522835493088,0.11522264778614044,0.08422515541315079,0.4816006124019623,0.4661712646484375,0.06428612768650055,0.9337508082389832,0.19027546793222427,0.20890109986066818,0.18821042776107788,0.10347214713692665,0.20918983966112137,0.1991126760840416,0.1768539398908615,0.4998587816953659
atropine,24,-0.6896989897698206,CPFLOW/comparison_outputs/full44_imageft2_morphology_candidates/images/atropine/candidate_024_raw.png,CPFLOW/comparison_outputs/full44_imageft2_morphology_candidates/images/atropine/candidate_024_display.png,0.6144790649414062,0.07332098484039307,0.9257243275642395,0.22565887868404388,0.24094924330711365,0.2289678454399109,0.13557229936122894,0.20933440327644348,0.21047091484069824,0.1916612833738327,0.49809491634368896,0.4661712646484375,0.06428612768650055,0.9337508082389832,0.19027546793222427,0.20890109986066818,0.18821042776107788,0.10347214713692665,0.20918983966112137,0.1991126760840416,0.1768539398908615,0.4998587816953659
atropine,25,-0.18356649490860785,CPFLOW/comparison_outputs/full44_imageft2_morphology_candidates/images/atropine/candidate_025_raw.png,CPFLOW/comparison_outputs/full44_imageft2_morphology_candidates/images/atropine/candidate_025_display.png,0.5034446716308594,0.06250300258398056,0.9334439635276794,0.19868145883083344,0.1873658448457718,0.18122431635856628,0.10886217653751373,0.20539486408233643,0.20877477526664734,0.17769674956798553,0.48429781198501587,0.4661712646484375,0.06428612768650055,0.9337508082389832,0.19027546793222427,0.20890109986066818,0.18821042776107788,0.10347214713692665,0.20918983966112137,0.1991126760840416,0.1768539398908615,0.4998587816953659
atropine,26,-0.2717077320579179,CPFLOW/comparison_outputs/full44_imageft2_morphology_candidates/images/atropine/candidate_026_raw.png,CPFLOW/comparison_outputs/full44_imageft2_morphology_candidates/images/atropine/candidate_026_display.png,0.47185516357421875,0.0676066130399704,0.8983867168426514,0.20940832793712616,0.24539457261562347,0.2130536586046219,0.15318702161312103,0.24907658994197845,0.22638732194900513,0.16883906722068787,0.49849656224250793,0.4661712646484375,0.06428612768650055,0.9337508082389832,0.19027546793222427,0.20890109986066818,0.18821042776107788,0.10347214713692665,0.20918983966112137,0.1991126760840416,0.1768539398908615,0.4998587816953659
atropine,27,-1.1863623540002344,CPFLOW/comparison_outputs/full44_imageft2_morphology_candidates/images/atropine/candidate_027_raw.png,CPFLOW/comparison_outputs/full44_imageft2_morphology_candidates/images/atropine/candidate_027_display.png,0.2588233947753906,0.043546102941036224,0.9206979274749756,0.10385514795780182,0.12480416893959045,0.11510695517063141,0.07709852606058121,0.18261997401714325,0.17556124925613403,0.12742987275123596,0.5008046627044678,0.4661712646484375,0.06428612768650055,0.9337508082389832,0.19027546793222427,0.20890109986066818,0.18821042776107788,0.10347214713692665,0.20918983966112137,0.1991126760840416,0.1768539398908615,0.4998587816953659
atropine,28,-1.5143717280709084,CPFLOW/comparison_outputs/full44_imageft2_morphology_candidates/images/atropine/candidate_028_raw.png,CPFLOW/comparison_outputs/full44_imageft2_morphology_candidates/images/atropine/candidate_028_display.png,0.190704345703125,0.043144695460796356,0.9530574083328247,0.10326781868934631,0.08910051733255386,0.07450774312019348,0.050273921340703964,0.19826172292232513,0.18121342360973358,0.120713010430336,0.4950256645679474,0.4661712646484375,0.06428612768650055,0.9337508082389832,0.19027546793222427,0.20890109986066818,0.18821042776107788,0.10347214713692665,0.20918983966112137,0.1991126760840416,0.1768539398908615,0.4998587816953659
atropine,29,-1.4777290876468885,CPFLOW/comparison_outputs/full44_imageft2_morphology_candidates/images/atropine/candidate_029_raw.png,CPFLOW/comparison_outputs/full44_imageft2_morphology_candidates/images/atropine/candidate_029_display.png,0.21373748779296875,0.0377177968621254,0.9020719528198242,0.10306366533041,0.09843283146619797,0.09460596740245819,0.07567499577999115,0.17715437710285187,0.16401629149913788,0.129046231508255,0.5020363330841064,0.4661712646484375,0.06428612768650055,0.9337508082389832,0.19027546793222427,0.20890109986066818,0.18821042776107788,0.10347214713692665,0.20918983966112137,0.1991126760840416,0.1768539398908615,0.4998587816953659
atropine,30,-0.3719093084997981,CPFLOW/comparison_outputs/full44_imageft2_morphology_candidates/images/atropine/candidate_030_raw.png,CPFLOW/comparison_outputs/full44_imageft2_morphology_candidates/images/atropine/candidate_030_display.png,0.4227409362792969,0.058377109467983246,0.8692724704742432,0.17941530048847198,0.19670234620571136,0.18227890133857727,0.16573603451251984,0.22551541030406952,0.20866705477237701,0.1503671258687973,0.5118304491043091,0.4661712646484375,0.06428612768650055,0.9337508082389832,0.19027546793222427,0.20890109986066818,0.18821042776107788,0.10347214713692665,0.20918983966112137,0.1991126760840416,0.1768539398908615,0.4998587816953659
atropine,31,-1.049563954408588,CPFLOW/comparison_outputs/full44_imageft2_morphology_candidates/images/atropine/candidate_031_raw.png,CPFLOW/comparison_outputs/full44_imageft2_morphology_candidates/images/atropine/candidate_031_display.png,0.28305816650390625,0.047360967844724655,0.9133103489875793,0.120818130671978,0.13267941772937775,0.10551351308822632,0.07977352291345596,0.1902674287557602,0.17352665960788727,0.1408119946718216,0.5073781609535217,0.4661712646484375,0.06428612768650055,0.9337508082389832,0.19027546793222427,0.20890109986066818,0.18821042776107788,0.10347214713692665,0.20918983966112137,0.1991126760840416,0.1768539398908615,0.4998587816953659
nystatin,0,-0.17174851035682442,CPFLOW/comparison_outputs/full44_imageft2_morphology_candidates/images/nystatin/candidate_000_raw.png,CPFLOW/comparison_outputs/full44_imageft2_morphology_candidates/images/nystatin/candidate_000_display.png,0.24071884155273438,0.046520084142684937,0.8947811126708984,0.13481321930885315,0.12323028594255447,0.12419245392084122,0.10950502008199692,0.20211799442768097,0.18828940391540527,0.13660791516304016,0.5011520981788635,0.2479400634765625,0.05228268913924694,0.9159591197967529,0.12226670235395432,0.12423930689692497,0.13175685703754425,0.08319427445530891,0.17771460115909576,0.18293672800064087,0.13948622345924377,0.49808600544929504
nystatin,1,-1.1116052250253348,CPFLOW/comparison_outputs/full44_imageft2_morphology_candidates/images/nystatin/candidate_001_raw.png,CPFLOW/comparison_outputs/full44_imageft2_morphology_candidates/images/nystatin/candidate_001_display.png,0.4268150329589844,0.04091285914182663,0.8801508545875549,0.15000472962856293,0.04832792282104492,0.03920914977788925,0.153137668967247,0.11773787438869476,0.10454786568880081,0.11293712258338928,0.4762248694896698,0.2479400634765625,0.05228268913924694,0.9159591197967529,0.12226670235395432,0.12423930689692497,0.13175685703754425,0.08319427445530891,0.17771460115909576,0.18293672800064087,0.13948622345924377,0.49808600544929504
nystatin,2,-0.690338129660817,CPFLOW/comparison_outputs/full44_imageft2_morphology_candidates/images/nystatin/candidate_002_raw.png,CPFLOW/comparison_outputs/full44_imageft2_morphology_candidates/images/nystatin/candidate_002_display.png,0.16238784790039062,0.036457426846027374,0.8639348745346069,0.11354933679103851,0.06740494072437286,0.08516016602516174,0.09691433608531952,0.15480518341064453,0.13867270946502686,0.11489219963550568,0.49755096435546875,0.2479400634765625,0.05228268913924694,0.9159591197967529,0.12226670235395432,0.12423930689692497,0.13175685703754425,0.08319427445530891,0.17771460115909576,0.18293672800064087,0.13948622345924377,0.49808600544929504
nystatin,3,-0.6537104138120964,CPFLOW/comparison_outputs/full44_imageft2_morphology_candidates/images/nystatin/candidate_003_raw.png,CPFLOW/comparison_outputs/full44_imageft2_morphology_candidates/images/nystatin/candidate_003_display.png,0.1337890625,0.04317547008395195,0.8893266320228577,0.09439822286367416,0.08213196694850922,0.07538063079118729,0.0883253663778305,0.16361446678638458,0.15703479945659637,0.11146960407495499,0.4858589172363281,0.2479400634765625,0.05228268913924694,0.9159591197967529,0.12226670235395432,0.12423930689692497,0.13175685703754425,0.08319427445530891,0.17771460115909576,0.18293672800064087,0.13948622345924377,0.49808600544929504
nystatin,4,-0.7090305373412524,CPFLOW/comparison_outputs/full44_imageft2_morphology_candidates/images/nystatin/candidate_004_raw.png,CPFLOW/comparison_outputs/full44_imageft2_morphology_candidates/images/nystatin/candidate_004_display.png,0.11961746215820312,0.04563014954328537,0.9368683695793152,0.10229097306728363,0.056460585445165634,0.056631993502378464,0.06946664303541183,0.1725018173456192,0.16476380825042725,0.11238706856966019,0.47685423493385315,0.2479400634765625,0.05228268913924694,0.9159591197967529,0.12226670235395432,0.12423930689692497,0.13175685703754425,0.08319427445530891,0.17771460115909576,0.18293672800064087,0.13948622345924377,0.49808600544929504
nystatin,5,-0.8072597269279415,CPFLOW/comparison_outputs/full44_imageft2_morphology_candidates/images/nystatin/candidate_005_raw.png,CPFLOW/comparison_outputs/full44_imageft2_morphology_candidates/images/nystatin/candidate_005_display.png,0.4224815368652344,0.05434479936957359,0.9048234224319458,0.16310420632362366,0.17540161311626434,0.1956482082605362,0.11386337131261826,0.19470660388469696,0.21358565986156464,0.16021272540092468,0.48729053139686584,0.2479400634765625,0.05228268913924694,0.9159591197967529,0.12226670235395432,0.12423930689692497,0.13175685703754425,0.08319427445530891,0.17771460115909576,0.18293672800064087,0.13948622345924377,0.49808600544929504
nystatin,6,-1.0377839269625593,CPFLOW/comparison_outputs/full44_imageft2_morphology_candidates/images/nystatin/candidate_006_raw.png,CPFLOW/comparison_outputs/full44_imageft2_morphology_candidates/images/nystatin/candidate_006_display.png,0.09472274780273438,0.03118191659450531,0.8887137770652771,0.11127997934818268,0.057642802596092224,0.035012952983379364,0.09348630160093307,0.15464544296264648,0.13538992404937744,0.09472455084323883,0.4800516963005066,0.2479400634765625,0.05228268913924694,0.9159591197967529,0.12226670235395432,0.12423930689692497,0.13175685703754425,0.08319427445530891,0.17771460115909576,0.18293672800064087,0.13948622345924377,0.49808600544929504
nystatin,7,-0.5215456508823391,CPFLOW/comparison_outputs/full44_imageft2_morphology_candidates/images/nystatin/candidate_007_raw.png,CPFLOW/comparison_outputs/full44_imageft2_morphology_candidates/images/nystatin/candidate_007_display.png,0.30326080322265625,0.035794697701931,0.8717355728149414,0.09240390360355377,0.11837935447692871,0.1082053929567337,0.10902374237775803,0.16194871068000793,0.1507628709077835,0.12945032119750977,0.4993434250354767,0.2479400634765625,0.05228268913924694,0.9159591197967529,0.12226670235395432,0.12423930689692497,0.13175685703754425,0.08319427445530891,0.17771460115909576,0.18293672800064087,0.13948622345924377,0.49808600544929504
nystatin,8,-1.21873534757523,CPFLOW/comparison_outputs/full44_imageft2_morphology_candidates/images/nystatin/candidate_008_raw.png,CPFLOW/comparison_outputs/full44_imageft2_morphology_candidates/images/nystatin/candidate_008_display.png,0.4881591796875,0.059909187257289886,0.8811622262001038,0.18618683516979218,0.21332570910453796,0.21519972383975983,0.14835304021835327,0.20824815332889557,0.21433646976947784,0.17156153917312622,0.48462697863578796,0.2479400634765625,0.05228268913924694,0.9159591197967529,0.12226670235395432,0.12423930689692497,0.13175685703754425,0.08319427445530891,0.17771460115909576,0.18293672800064087,0.13948622345924377,0.49808600544929504
nystatin,9,-0.7563953613353277,CPFLOW/comparison_outputs/full44_imageft2_morphology_candidates/images/nystatin/candidate_009_raw.png,CPFLOW/comparison_outputs/full44_imageft2_morphology_candidates/images/nystatin/candidate_009_display.png,0.11773681640625,0.04257427901029587,0.9497736096382141,0.09964271634817123,0.05167184770107269,0.09289208799600601,0.05866413190960884,0.14989960193634033,0.1721375584602356,0.09986765682697296,0.47280946373939514,0.2479400634765625,0.05228268913924694,0.9159591197967529,0.12226670235395432,0.12423930689692497,0.13175685703754425,0.08319427445530891,0.17771460115909576,0.18293672800064087,0.13948622345924377,0.49808600544929504
nystatin,10,-1.1338532213951846,CPFLOW/comparison_outputs/full44_imageft2_morphology_candidates/images/nystatin/candidate_010_raw.png,CPFLOW/comparison_outputs/full44_imageft2_morphology_candidates/images/nystatin/candidate_010_display.png,0.07000350952148438,0.0334944874048233,0.9098538160324097,0.07655999064445496,0.04425833001732826,0.033140987157821655,0.06135065481066704,0.144962877035141,0.12899969518184662,0.08986984193325043,0.47214987874031067,0.2479400634765625,0.05228268913924694,0.9159591197967529,0.12226670235395432,0.12423930689692497,0.13175685703754425,0.08319427445530891,0.17771460115909576,0.18293672800064087,0.13948622345924377,0.49808600544929504
nystatin,11,-0.6393867905921088,CPFLOW/comparison_outputs/full44_imageft2_morphology_candidates/images/nystatin/candidate_011_raw.png,CPFLOW/comparison_outputs/full44_imageft2_morphology_candidates/images/nystatin/candidate_011_display.png,0.16889572143554688,0.03558800742030144,0.9225752353668213,0.09307194501161575,0.0660385936498642,0.09109499305486679,0.05196434631943703,0.16297616064548492,0.1737222969532013,0.1275016814470291,0.49637913703918457,0.2479400634765625,0.05228268913924694,0.9159591197967529,0.12226670235395432,0.12423930689692497,0.13175685703754425,0.08319427445530891,0.17771460115909576,0.18293672800064087,0.13948622345924377,0.49808600544929504
nystatin,12,-0.8461249691658944,CPFLOW/comparison_outputs/full44_imageft2_morphology_candidates/images/nystatin/candidate_012_raw.png,CPFLOW/comparison_outputs/full44_imageft2_morphology_candidates/images/nystatin/candidate_012_display.png,0.11059951782226562,0.04063206911087036,0.8826625943183899,0.08500756323337555,0.05323001369833946,0.06553856283426285,0.07310166954994202,0.13776011765003204,0.15190738439559937,0.10359696298837662,0.4692036211490631,0.2479400634765625,0.05228268913924694,0.9159591197967529,0.12226670235395432,0.12423930689692497,0.13175685703754425,0.08319427445530891,0.17771460115909576,0.18293672800064087,0.13948622345924377,0.49808600544929504
nystatin,13,-0.420795511974243,CPFLOW/comparison_outputs/full44_imageft2_morphology_candidates/images/nystatin/candidate_013_raw.png,CPFLOW/comparison_outputs/full44_imageft2_morphology_candidates/images/nystatin/candidate_013_display.png,0.3214149475097656,0.05380276218056679,0.9089821577072144,0.1696011871099472,0.16093038022518158,0.1130807027220726,0.11351662129163742,0.22710606455802917,0.18593387305736542,0.1350547820329666,0.4835369884967804,0.2479400634765625,0.05228268913924694,0.9159591197967529,0.12226670235395432,0.12423930689692497,0.13175685703754425,0.08319427445530891,0.17771460115909576,0.18293672800064087,0.13948622345924377,0.49808600544929504
nystatin,14,-0.36951820444451267,CPFLOW/comparison_outputs/full44_imageft2_morphology_candidates/images/nystatin/candidate_014_raw.png,CPFLOW/comparison_outputs/full44_imageft2_morphology_candidates/images/nystatin/candidate_014_display.png,0.21007919311523438,0.03873622044920921,0.931472659111023,0.09534299373626709,0.10524365305900574,0.1169307604432106,0.0845007374882698,0.16146011650562286,0.1673993468284607,0.12859629094600677,0.4963783621788025,0.2479400634765625,0.05228268913924694,0.9159591197967529,0.12226670235395432,0.12423930689692497,0.13175685703754425,0.08319427445530891,0.17771460115909576,0.18293672800064087,0.13948622345924377,0.49808600544929504
nystatin,15,-1.1344235949289418,CPFLOW/comparison_outputs/full44_imageft2_morphology_candidates/images/nystatin/candidate_015_raw.png,CPFLOW/comparison_outputs/full44_imageft2_morphology_candidates/images/nystatin/candidate_015_display.png,0.4611473083496094,0.06105612963438034,0.8648843765258789,0.1841055005788803,0.21392135322093964,0.19511836767196655,0.15282610058784485,0.22079843282699585,0.20004230737686157,0.16459108889102936,0.49082764983177185,0.2479400634765625,0.05228268913924694,0.9159591197967529,0.12226670235395432,0.12423930689692497,0.13175685703754425,0.08319427445530891,0.17771460115909576,0.18293672800064087,0.13948622345924377,0.49808600544929504
nystatin,16,-1.1386976704232339,CPFLOW/comparison_outputs/full44_imageft2_morphology_candidates/images/nystatin/candidate_016_raw.png,CPFLOW/comparison_outputs/full44_imageft2_morphology_candidates/images/nystatin/candidate_016_display.png,0.08716964721679688,0.029563266783952713,0.874172031879425,0.07115841656923294,0.041655927896499634,0.06509879231452942,0.05078825727105141,0.14638112485408783,0.14203765988349915,0.0988369882106781,0.4804878532886505,0.2479400634765625,0.05228268913924694,0.9159591197967529,0.12226670235395432,0.12423930689692497,0.13175685703754425,0.08319427445530891,0.17771460115909576,0.18293672800064087,0.13948622345924377,0.49808600544929504
nystatin,17,-0.5927593727486127,CPFLOW/comparison_outputs/full44_imageft2_morphology_candidates/images/nystatin/candidate_017_raw.png,CPFLOW/comparison_outputs/full44_imageft2_morphology_candidates/images/nystatin/candidate_017_display.png,0.17757797241210938,0.034614380449056625,0.8849186897277832,0.09546218812465668,0.10147444903850555,0.0999472364783287,0.09358194470405579,0.16750779747962952,0.15139654278755188,0.10804042965173721,0.49368003010749817,0.2479400634765625,0.05228268913924694,0.9159591197967529,0.12226670235395432,0.12423930689692497,0.13175685703754425,0.08319427445530891,0.17771460115909576,0.18293672800064087,0.13948622345924377,0.49808600544929504
nystatin,18,-0.49262746642821087,CPFLOW/comparison_outputs/full44_imageft2_morphology_candidates/images/nystatin/candidate_018_raw.png,CPFLOW/comparison_outputs/full44_imageft2_morphology_candidates/images/nystatin/candidate_018_display.png,0.31758880615234375,0.06173757463693619,0.9062530994415283,0.1568586230278015,0.16416604816913605,0.1629096120595932,0.11776142567396164,0.20733657479286194,0.20592999458312988,0.1416749358177185,0.5050151944160461,0.2479400634765625,0.05228268913924694,0.9159591197967529,0.12226670235395432,0.12423930689692497,0.13175685703754425,0.08319427445530891,0.17771460115909576,0.18293672800064087,0.13948622345924377,0.49808600544929504
nystatin,19,-0.4603257342950766,CPFLOW/comparison_outputs/full44_imageft2_morphology_candidates/images/nystatin/candidate_019_raw.png,CPFLOW/comparison_outputs/full44_imageft2_morphology_candidates/images/nystatin/candidate_019_display.png,0.1826171875,0.04840824380517006,0.8640100359916687,0.10223139822483063,0.10792593657970428,0.09793995320796967,0.12645183503627777,0.16343306005001068,0.14761273562908173,0.10881028324365616,0.48906823992729187,0.2479400634765625,0.05228268913924694,0.9159591197967529,0.12226670235395432,0.12423930689692497,0.13175685703754425,0.08319427445530891,0.17771460115909576,0.18293672800064087,0.13948622345924377,0.49808600544929504
nystatin,20,-0.5025773443883784,CPFLOW/comparison_outputs/full44_imageft2_morphology_candidates/images/nystatin/candidate_020_raw.png,CPFLOW/comparison_outputs/full44_imageft2_morphology_candidates/images/nystatin/candidate_020_display.png,0.16868972778320312,0.043704260140657425,0.8873907327651978,0.11855968087911606,0.07470494508743286,0.0895952433347702,0.07959338277578354,0.17185334861278534,0.1696607619524002,0.1085801050066948,0.4786401093006134,0.2479400634765625,0.05228268913924694,0.9159591197967529,0.12226670235395432,0.12423930689692497,0.13175685703754425,0.08319427445530891,0.17771460115909576,0.18293672800064087,0.13948622345924377,0.49808600544929504
nystatin,21,-7.518238319316186,CPFLOW/comparison_outputs/full44_imageft2_morphology_candidates/images/nystatin/candidate_021_raw.png,CPFLOW/comparison_outputs/full44_imageft2_morphology_candidates/images/nystatin/candidate_021_display.png,0.9957351684570312,0.2782755494117737,0.6691170930862427,0.3891809284687042,0.40480339527130127,0.25566381216049194,0.45294836163520813,0.21893945336341858,0.2314489185810089,0.19091227650642395,0.5113657712936401,0.2479400634765625,0.05228268913924694,0.9159591197967529,0.12226670235395432,0.12423930689692497,0.13175685703754425,0.08319427445530891,0.17771460115909576,0.18293672800064087,0.13948622345924377,0.49808600544929504
nystatin,22,-0.6594086256040761,CPFLOW/comparison_outputs/full44_imageft2_morphology_candidates/images/nystatin/candidate_022_raw.png,CPFLOW/comparison_outputs/full44_imageft2_morphology_candidates/images/nystatin/candidate_022_display.png,0.15473556518554688,0.040231771767139435,0.9311604499816895,0.09753067046403885,0.07014156132936478,0.07195316255092621,0.04771953821182251,0.18164001405239105,0.1622670441865921,0.11039543896913528,0.4841040372848511,0.2479400634765625,0.05228268913924694,0.9159591197967529,0.12226670235395432,0.12423930689692497,0.13175685703754425,0.08319427445530891,0.17771460115909576,0.18293672800064087,0.13948622345924377,0.49808600544929504
nystatin,23,-0.3657752136215291,CPFLOW/comparison_outputs/full44_imageft2_morphology_candidates/images/nystatin/candidate_023_raw.png,CPFLOW/comparison_outputs/full44_imageft2_morphology_candidates/images/nystatin/candidate_023_display.png,0.3160514831542969,0.04960529878735542,0.9020110368728638,0.14383745193481445,0.14899612963199615,0.14121437072753906,0.11643598973751068,0.20021067559719086,0.18746265769004822,0.14930026233196259,0.49970322847366333,0.2479400634765625,0.05228268913924694,0.9159591197967529,0.12226670235395432,0.12423930689692497,0.13175685703754425,0.08319427445530891,0.17771460115909576,0.18293672800064087,0.13948622345924377,0.49808600544929504
nystatin,24,-0.3824221195517212,CPFLOW/comparison_outputs/full44_imageft2_morphology_candidates/images/nystatin/candidate_024_raw.png,CPFLOW/comparison_outputs/full44_imageft2_morphology_candidates/images/nystatin/candidate_024_display.png,0.20489120483398438,0.044750064611434937,0.8778995275497437,0.153212770819664,0.09422516822814941,0.13016954064369202,0.13260731101036072,0.19256591796875,0.18762871623039246,0.12608975172042847,0.48642870783805847,0.2479400634765625,0.05228268913924694,0.9159591197967529,0.12226670235395432,0.12423930689692497,0.13175685703754425,0.08319427445530891,0.17771460115909576,0.18293672800064087,0.13948622345924377,0.49808600544929504
nystatin,25,-0.5686902404071046,CPFLOW/comparison_outputs/full44_imageft2_morphology_candidates/images/nystatin/candidate_025_raw.png,CPFLOW/comparison_outputs/full44_imageft2_morphology_candidates/images/nystatin/candidate_025_display.png,0.14342117309570312,0.0456753745675087,0.9040829539299011,0.10799631476402283,0.06755372136831284,0.08628124743700027,0.08426918834447861,0.16482073068618774,0.16394639015197754,0.11026982963085175,0.4821670949459076,0.2479400634765625,0.05228268913924694,0.9159591197967529,0.12226670235395432,0.12423930689692497,0.13175685703754425,0.08319427445530891,0.17771460115909576,0.18293672800064087,0.13948622345924377,0.49808600544929504
nystatin,26,-7.7943662790726425,CPFLOW/comparison_outputs/full44_imageft2_morphology_candidates/images/nystatin/candidate_026_raw.png,CPFLOW/comparison_outputs/full44_imageft2_morphology_candidates/images/nystatin/candidate_026_display.png,0.9991111755371094,0.22580909729003906,0.6086771488189697,0.3434644937515259,0.49287328124046326,0.40882372856140137,0.5170347690582275,0.17851793766021729,0.22217173874378204,0.22961470484733582,0.499676376581192,0.2479400634765625,0.05228268913924694,0.9159591197967529,0.12226670235395432,0.12423930689692497,0.13175685703754425,0.08319427445530891,0.17771460115909576,0.18293672800064087,0.13948622345924377,0.49808600544929504
nystatin,27,-0.8292748423023147,CPFLOW/comparison_outputs/full44_imageft2_morphology_candidates/images/nystatin/candidate_027_raw.png,CPFLOW/comparison_outputs/full44_imageft2_morphology_candidates/images/nystatin/candidate_027_display.png,0.12961959838867188,0.03205043449997902,0.8651909828186035,0.08581657707691193,0.09167588502168655,0.08885964751243591,0.09615275263786316,0.16592009365558624,0.15144316852092743,0.10598993301391602,0.4953886866569519,0.2479400634765625,0.05228268913924694,0.9159591197967529,0.12226670235395432,0.12423930689692497,0.13175685703754425,0.08319427445530891,0.17771460115909576,0.18293672800064087,0.13948622345924377,0.49808600544929504
nystatin,28,-0.7117692296395488,CPFLOW/comparison_outputs/full44_imageft2_morphology_candidates/images/nystatin/candidate_028_raw.png,CPFLOW/comparison_outputs/full44_imageft2_morphology_candidates/images/nystatin/candidate_028_display.png,0.1537933349609375,0.03581172227859497,0.9198645353317261,0.09592211246490479,0.06257632374763489,0.06659269332885742,0.06276316195726395,0.1629815697669983,0.16464829444885254,0.11648691445589066,0.4817856550216675,0.2479400634765625,0.05228268913924694,0.9159591197967529,0.12226670235395432,0.12423930689692497,0.13175685703754425,0.08319427445530891,0.17771460115909576,0.18293672800064087,0.13948622345924377,0.49808600544929504
nystatin,29,-0.8450952790265068,CPFLOW/comparison_outputs/full44_imageft2_morphology_candidates/images/nystatin/candidate_029_raw.png,CPFLOW/comparison_outputs/full44_imageft2_morphology_candidates/images/nystatin/candidate_029_display.png,0.13555526733398438,0.036244940012693405,0.8767799735069275,0.09782630205154419,0.04947401583194733,0.06135039031505585,0.06518140435218811,0.14829060435295105,0.14118178188800812,0.09919178485870361,0.4866003096103668,0.2479400634765625,0.05228268913924694,0.9159591197967529,0.12226670235395432,0.12423930689692497,0.13175685703754425,0.08319427445530891,0.17771460115909576,0.18293672800064087,0.13948622345924377,0.49808600544929504
nystatin,30,-0.09618101892042587,CPFLOW/comparison_outputs/full44_imageft2_morphology_candidates/images/nystatin/candidate_030_raw.png,CPFLOW/comparison_outputs/full44_imageft2_morphology_candidates/images/nystatin/candidate_030_display.png,0.24542617797851562,0.04836440831422806,0.9031829833984375,0.11188823729753494,0.12531116604804993,0.12246838212013245,0.07701707631349564,0.18133533000946045,0.17296990752220154,0.14205653965473175,0.48206472396850586,0.2479400634765625,0.05228268913924694,0.9159591197967529,0.12226670235395432,0.12423930689692497,0.13175685703754425,0.08319427445530891,0.17771460115909576,0.18293672800064087,0.13948622345924377,0.49808600544929504
nystatin,31,-0.7014048513592543,CPFLOW/comparison_outputs/full44_imageft2_morphology_candidates/images/nystatin/candidate_031_raw.png,CPFLOW/comparison_outputs/full44_imageft2_morphology_candidates/images/nystatin/candidate_031_display.png,0.12998199462890625,0.0377698615193367,0.9043837785720825,0.09511798620223999,0.09246622771024704,0.09665417671203613,0.10100352764129639,0.16440355777740479,0.1536804586648941,0.10727797448635101,0.4793510138988495,0.2479400634765625,0.05228268913924694,0.9159591197967529,0.12226670235395432,0.12423930689692497,0.13175685703754425,0.08319427445530891,0.17771460115909576,0.18293672800064087,0.13948622345924377,0.49808600544929504
h-7,0,-0.184304566156584,CPFLOW/comparison_outputs/full44_imageft2_morphology_candidates/images/h-7/candidate_000_raw.png,CPFLOW/comparison_outputs/full44_imageft2_morphology_candidates/images/h-7/candidate_000_display.png,0.40496063232421875,0.05726561322808266,0.918282151222229,0.16372883319854736,0.1920284777879715,0.16435593366622925,0.10918907076120377,0.2184513360261917,0.1954132318496704,0.1484018862247467,0.5054953694343567,0.4288597106933594,0.0619991235435009,0.9381930232048035,0.1666577011346817,0.17919385433197021,0.16728076338768005,0.0921570397913456,0.21522881090641022,0.20005739480257034,0.1623462438583374,0.5029609203338623
h-7,1,-0.34891947890029107,CPFLOW/comparison_outputs/full44_imageft2_morphology_candidates/images/h-7/candidate_001_raw.png,CPFLOW/comparison_outputs/full44_imageft2_morphology_candidates/images/h-7/candidate_001_display.png,0.3693733215332031,0.05751891806721687,0.9040287137031555,0.16275179386138916,0.1531572937965393,0.17289260029792786,0.11936181783676147,0.19721458852291107,0.21545535326004028,0.15023115277290344,0.49789509177207947,0.4288597106933594,0.0619991235435009,0.9381930232048035,0.1666577011346817,0.17919385433197021,0.16728076338768005,0.0921570397913456,0.21522881090641022,0.20005739480257034,0.1623462438583374,0.5029609203338623
h-7,2,-0.9955644902837103,CPFLOW/comparison_outputs/full44_imageft2_morphology_candidates/images/h-7/candidate_002_raw.png,CPFLOW/comparison_outputs/full44_imageft2_morphology_candidates/images/h-7/candidate_002_display.png,0.5954399108886719,0.057491496205329895,0.87460857629776,0.23741382360458374,0.27808240056037903,0.2567191421985626,0.1629372239112854,0.23134580254554749,0.22888757288455963,0.17407512664794922,0.48664748668670654,0.4288597106933594,0.0619991235435009,0.9381930232048035,0.1666577011346817,0.17919385433197021,0.16728076338768005,0.0921570397913456,0.21522881090641022,0.20005739480257034,0.1623462438583374,0.5029609203338623
h-7,3,-1.9575503648398747,CPFLOW/comparison_outputs/full44_imageft2_morphology_candidates/images/h-7/candidate_003_raw.png,CPFLOW/comparison_outputs/full44_imageft2_morphology_candidates/images/h-7/candidate_003_display.png,0.10267257690429688,0.026613738387823105,0.8426046371459961,0.07030971348285675,0.06439001113176346,0.07035418599843979,0.09158746153116226,0.1231129840016365,0.14062288403511047,0.10271735489368439,0.4822245240211487,0.4288597106933594,0.0619991235435009,0.9381930232048035,0.1666577011346817,0.17919385433197021,0.16728076338768005,0.0921570397913456,0.21522881090641022,0.20005739480257034,0.1623462438583374,0.5029609203338623
h-7,4,-2.010128606476366,CPFLOW/comparison_outputs/full44_imageft2_morphology_candidates/images/h-7/candidate_004_raw.png,CPFLOW/comparison_outputs/full44_imageft2_morphology_candidates/images/h-7/candidate_004_display.png,0.11057281494140625,0.0248984694480896,0.8359619975090027,0.09223730117082596,0.05770176649093628,0.059136223047971725,0.10639388114213943,0.12401628494262695,0.12103865295648575,0.09667237848043442,0.4910506308078766,0.4288597106933594,0.0619991235435009,0.9381930232048035,0.1666577011346817,0.17919385433197021,0.16728076338768005,0.0921570397913456,0.21522881090641022,0.20005739480257034,0.1623462438583374,0.5029609203338623
h-7,5,-1.006146305137892,CPFLOW/comparison_outputs/full44_imageft2_morphology_candidates/images/h-7/candidate_005_raw.png,CPFLOW/comparison_outputs/full44_imageft2_morphology_candidates/images/h-7/candidate_005_display.png,0.2690620422363281,0.037631794810295105,0.8899824619293213,0.1357494592666626,0.12413783371448517,0.10705175995826721,0.10721422731876373,0.19813868403434753,0.1650250256061554,0.13246293365955353,0.5038676857948303,0.4288597106933594,0.0619991235435009,0.9381930232048035,0.1666577011346817,0.17919385433197021,0.16728076338768005,0.0921570397913456,0.21522881090641022,0.20005739480257034,0.1623462438583374,0.5029609203338623
h-7,6,-0.4777171536406329,CPFLOW/comparison_outputs/full44_imageft2_morphology_candidates/images/h-7/candidate_006_raw.png,CPFLOW/comparison_outputs/full44_imageft2_morphology_candidates/images/h-7/candidate_006_display.png,0.47740936279296875,0.05627846345305443,0.877064049243927,0.18171648681163788,0.2277197241783142,0.20695999264717102,0.16777904331684113,0.23617610335350037,0.2158878743648529,0.16287310421466827,0.500847578048706,0.4288597106933594,0.0619991235435009,0.9381930232048035,0.1666577011346817,0.17919385433197021,0.16728076338768005,0.0921570397913456,0.21522881090641022,0.20005739480257034,0.1623462438583374,0.5029609203338623
h-7,7,-0.3021398677210532,CPFLOW/comparison_outputs/full44_imageft2_morphology_candidates/images/h-7/candidate_007_raw.png,CPFLOW/comparison_outputs/full44_imageft2_morphology_candidates/images/h-7/candidate_007_display.png,0.38720703125,0.05459609627723694,0.9260302186012268,0.15015074610710144,0.15209519863128662,0.15806500613689423,0.07160574197769165,0.19962885975837708,0.20051828026771545,0.1463782638311386,0.504205584526062,0.4288597106933594,0.0619991235435009,0.9381930232048035,0.1666577011346817,0.17919385433197021,0.16728076338768005,0.0921570397913456,0.21522881090641022,0.20005739480257034,0.1623462438583374,0.5029609203338623
h-7,8,-0.33454533512980666,CPFLOW/comparison_outputs/full44_imageft2_morphology_candidates/images/h-7/candidate_008_raw.png,CPFLOW/comparison_outputs/full44_imageft2_morphology_candidates/images/h-7/candidate_008_display.png,0.380889892578125,0.05363299325108528,0.9094163775444031,0.17248645424842834,0.177425816655159,0.12356618791818619,0.09922558814287186,0.2195093035697937,0.18693684041500092,0.14059844613075256,0.49086448550224304,0.4288597106933594,0.0619991235435009,0.9381930232048035,0.1666577011346817,0.17919385433197021,0.16728076338768005,0.0921570397913456,0.21522881090641022,0.20005739480257034,0.1623462438583374,0.5029609203338623
h-7,9,-1.3791683725958253,CPFLOW/comparison_outputs/full44_imageft2_morphology_candidates/images/h-7/candidate_009_raw.png,CPFLOW/comparison_outputs/full44_imageft2_morphology_candidates/images/h-7/candidate_009_display.png,0.18338775634765625,0.03571859747171402,0.8735672235488892,0.10540882498025894,0.10135728120803833,0.10417068004608154,0.10213619470596313,0.16839155554771423,0.1791984587907791,0.10831478983163834,0.49240362644195557,0.4288597106933594,0.0619991235435009,0.9381930232048035,0.1666577011346817,0.17919385433197021,0.16728076338768005,0.0921570397913456,0.21522881090641022,0.20005739480257034,0.1623462438583374,0.5029609203338623
h-7,10,-0.7890881226249347,CPFLOW/comparison_outputs/full44_imageft2_morphology_candidates/images/h-7/candidate_010_raw.png,CPFLOW/comparison_outputs/full44_imageft2_morphology_candidates/images/h-7/candidate_010_display.png,0.5780601501464844,0.06287279725074768,0.9072903394699097,0.2235371172428131,0.2632499635219574,0.23862162232398987,0.12931518256664276,0.2305874079465866,0.22475573420524597,0.16972699761390686,0.4947066903114319,0.4288597106933594,0.0619991235435009,0.9381930232048035,0.1666577011346817,0.17919385433197021,0.16728076338768005,0.0921570397913456,0.21522881090641022,0.20005739480257034,0.1623462438583374,0.5029609203338623
h-7,11,-1.3246862392410783,CPFLOW/comparison_outputs/full44_imageft2_morphology_candidates/images/h-7/candidate_011_raw.png,CPFLOW/comparison_outputs/full44_imageft2_morphology_candidates/images/h-7/candidate_011_display.png,0.16964340209960938,0.04437074065208435,0.8974169492721558,0.10827907174825668,0.08096439391374588,0.0960531160235405,0.07581866532564163,0.18096496164798737,0.17415164411067963,0.11182882636785507,0.4942578077316284,0.4288597106933594,0.0619991235435009,0.9381930232048035,0.1666577011346817,0.17919385433197021,0.16728076338768005,0.0921570397913456,0.21522881090641022,0.20005739480257034,0.1623462438583374,0.5029609203338623
h-7,12,-0.46206544013445777,CPFLOW/comparison_outputs/full44_imageft2_morphology_candidates/images/h-7/candidate_012_raw.png,CPFLOW/comparison_outputs/full44_imageft2_morphology_candidates/images/h-7/candidate_012_display.png,0.528594970703125,0.0561198964715004,0.945476770401001,0.18026727437973022,0.20160411298274994,0.1929057091474533,0.10794467478990555,0.20680725574493408,0.1932101994752884,0.17526979744434357,0.48735201358795166,0.4288597106933594,0.0619991235435009,0.9381930232048035,0.1666577011346817,0.17919385433197021,0.16728076338768005,0.0921570397913456,0.21522881090641022,0.20005739480257034,0.1623462438583374,0.5029609203338623
h-7,13,-0.9929532387598158,CPFLOW/comparison_outputs/full44_imageft2_morphology_candidates/images/h-7/candidate_013_raw.png,CPFLOW/comparison_outputs/full44_imageft2_morphology_candidates/images/h-7/candidate_013_display.png,0.23314285278320312,0.04407879710197449,0.9350156188011169,0.11057841032743454,0.1142582893371582,0.12172608077526093,0.07604891061782837,0.20212167501449585,0.2050815373659134,0.1291910856962204,0.4841762185096741,0.4288597106933594,0.0619991235435009,0.9381930232048035,0.1666577011346817,0.17919385433197021,0.16728076338768005,0.0921570397913456,0.21522881090641022,0.20005739480257034,0.1623462438583374,0.5029609203338623
h-7,14,-0.811242416854675,CPFLOW/comparison_outputs/full44_imageft2_morphology_candidates/images/h-7/candidate_014_raw.png,CPFLOW/comparison_outputs/full44_imageft2_morphology_candidates/images/h-7/candidate_014_display.png,0.2945518493652344,0.04618591070175171,0.8976389765739441,0.12129170447587967,0.11356627941131592,0.12528112530708313,0.08576098084449768,0.18022644519805908,0.1808779537677765,0.13720794022083282,0.5181256532669067,0.4288597106933594,0.0619991235435009,0.9381930232048035,0.1666577011346817,0.17919385433197021,0.16728076338768005,0.0921570397913456,0.21522881090641022,0.20005739480257034,0.1623462438583374,0.5029609203338623
h-7,15,-0.52503705936263,CPFLOW/comparison_outputs/full44_imageft2_morphology_candidates/images/h-7/candidate_015_raw.png,CPFLOW/comparison_outputs/full44_imageft2_morphology_candidates/images/h-7/candidate_015_display.png,0.35262298583984375,0.049954600632190704,0.8912333846092224,0.13277307152748108,0.14235176146030426,0.13895757496356964,0.09536856412887573,0.18744999170303345,0.1842254102230072,0.14654502272605896,0.4914263188838959,0.4288597106933594,0.0619991235435009,0.9381930232048035,0.1666577011346817,0.17919385433197021,0.16728076338768005,0.0921570397913456,0.21522881090641022,0.20005739480257034,0.1623462438583374,0.5029609203338623
h-7,16,-2.1123534102638484,CPFLOW/comparison_outputs/full44_imageft2_morphology_candidates/images/h-7/candidate_016_raw.png,CPFLOW/comparison_outputs/full44_imageft2_morphology_candidates/images/h-7/candidate_016_display.png,0.08916854858398438,0.02330906316637993,0.903303325176239,0.06723599880933762,0.04365190491080284,0.062085606157779694,0.05385638028383255,0.12827862799167633,0.13582159578800201,0.0823344737291336,0.46566304564476013,0.4288597106933594,0.0619991235435009,0.9381930232048035,0.1666577011346817,0.17919385433197021,0.16728076338768005,0.0921570397913456,0.21522881090641022,0.20005739480257034,0.1623462438583374,0.5029609203338623
h-7,17,-1.994558193883391,CPFLOW/comparison_outputs/full44_imageft2_morphology_candidates/images/h-7/candidate_017_raw.png,CPFLOW/comparison_outputs/full44_imageft2_morphology_candidates/images/h-7/candidate_017_display.png,0.091033935546875,0.025525443255901337,0.8748435974121094,0.08592113107442856,0.05009407550096512,0.06556541472673416,0.08458390086889267,0.13560186326503754,0.1524447500705719,0.09527751058340073,0.4903624653816223,0.4288597106933594,0.0619991235435009,0.9381930232048035,0.1666577011346817,0.17919385433197021,0.16728076338768005,0.0921570397913456,0.21522881090641022,0.20005739480257034,0.1623462438583374,0.5029609203338623
h-7,18,-1.17949081056151,CPFLOW/comparison_outputs/full44_imageft2_morphology_candidates/images/h-7/candidate_018_raw.png,CPFLOW/comparison_outputs/full44_imageft2_morphology_candidates/images/h-7/candidate_018_display.png,0.23165512084960938,0.042205605655908585,0.9051352739334106,0.09750588983297348,0.08774606883525848,0.10533082485198975,0.0579846054315567,0.16461139917373657,0.16758966445922852,0.11866918951272964,0.5095228552818298,0.4288597106933594,0.0619991235435009,0.9381930232048035,0.1666577011346817,0.17919385433197021,0.16728076338768005,0.0921570397913456,0.21522881090641022,0.20005739480257034,0.1623462438583374,0.5029609203338623
h-7,19,-0.9441820541936372,CPFLOW/comparison_outputs/full44_imageft2_morphology_candidates/images/h-7/candidate_019_raw.png,CPFLOW/comparison_outputs/full44_imageft2_morphology_candidates/images/h-7/candidate_019_display.png,0.27587127685546875,0.038855522871017456,0.8808862566947937,0.12766700983047485,0.1340823769569397,0.1293196827173233,0.12215112149715424,0.19871115684509277,0.18775111436843872,0.13566197454929352,0.4937886893749237,0.4288597106933594,0.0619991235435009,0.9381930232048035,0.1666577011346817,0.17919385433197021,0.16728076338768005,0.0921570397913456,0.21522881090641022,0.20005739480257034,0.1623462438583374,0.5029609203338623
h-7,20,-0.34927234534721,CPFLOW/comparison_outputs/full44_imageft2_morphology_candidates/images/h-7/candidate_020_raw.png,CPFLOW/comparison_outputs/full44_imageft2_morphology_candidates/images/h-7/candidate_020_display.png,0.36272430419921875,0.05720475688576698,0.9735349416732788,0.16633127629756927,0.16667065024375916,0.16099511086940765,0.06524166464805603,0.22281140089035034,0.2312464416027069,0.162449911236763,0.5042790770530701,0.4288597106933594,0.0619991235435009,0.9381930232048035,0.1666577011346817,0.17919385433197021,0.16728076338768005,0.0921570397913456,0.21522881090641022,0.20005739480257034,0.1623462438583374,0.5029609203338623
h-7,21,-1.6781534795426798,CPFLOW/comparison_outputs/full44_imageft2_morphology_candidates/images/h-7/candidate_021_raw.png,CPFLOW/comparison_outputs/full44_imageft2_morphology_candidates/images/h-7/candidate_021_display.png,0.17050552368164062,0.02876993641257286,0.8638889193534851,0.09375263750553131,0.05073290318250656,0.09483695030212402,0.062209803611040115,0.13164427876472473,0.1672544926404953,0.10102156549692154,0.5064823031425476,0.4288597106933594,0.0619991235435009,0.9381930232048035,0.1666577011346817,0.17919385433197021,0.16728076338768005,0.0921570397913456,0.21522881090641022,0.20005739480257034,0.1623462438583374,0.5029609203338623
h-7,22,-1.0008824356316102,CPFLOW/comparison_outputs/full44_imageft2_morphology_candidates/images/h-7/candidate_022_raw.png,CPFLOW/comparison_outputs/full44_imageft2_morphology_candidates/images/h-7/candidate_022_display.png,0.24772262573242188,0.04362291097640991,0.8919892311096191,0.11016399413347244,0.11218868941068649,0.11822721362113953,0.08687663823366165,0.1782970428466797,0.18715108931064606,0.1351424604654312,0.5188775658607483,0.4288597106933594,0.0619991235435009,0.9381930232048035,0.1666577011346817,0.17919385433197021,0.16728076338768005,0.0921570397913456,0.21522881090641022,0.20005739480257034,0.1623462438583374,0.5029609203338623
h-7,23,-0.5022207545724652,CPFLOW/comparison_outputs/full44_imageft2_morphology_candidates/images/h-7/candidate_023_raw.png,CPFLOW/comparison_outputs/full44_imageft2_morphology_candidates/images/h-7/candidate_023_display.png,0.3088111877441406,0.05762860178947449,0.9308913946151733,0.138823002576828,0.15016575157642365,0.15781232714653015,0.09342338889837265,0.2002015858888626,0.2136298567056656,0.1485288292169571,0.48798108100891113,0.4288597106933594,0.0619991235435009,0.9381930232048035,0.1666577011346817,0.17919385433197021,0.16728076338768005,0.0921570397913456,0.21522881090641022,0.20005739480257034,0.1623462438583374,0.5029609203338623
h-7,24,-0.5959075616499939,CPFLOW/comparison_outputs/full44_imageft2_morphology_candidates/images/h-7/candidate_024_raw.png,CPFLOW/comparison_outputs/full44_imageft2_morphology_candidates/images/h-7/candidate_024_display.png,0.3013801574707031,0.05178955942392349,0.9343968629837036,0.13444633781909943,0.14690952003002167,0.13823282718658447,0.09079455584287643,0.21101318299770355,0.2026022970676422,0.14131352305412292,0.5064130425453186,0.4288597106933594,0.0619991235435009,0.9381930232048035,0.1666577011346817,0.17919385433197021,0.16728076338768005,0.0921570397913456,0.21522881090641022,0.20005739480257034,0.1623462438583374,0.5029609203338623
h-7,25,-0.7296416287922488,CPFLOW/comparison_outputs/full44_imageft2_morphology_candidates/images/h-7/candidate_025_raw.png,CPFLOW/comparison_outputs/full44_imageft2_morphology_candidates/images/h-7/candidate_025_display.png,0.5868301391601562,0.06254756450653076,0.9062139391899109,0.20464855432510376,0.23498329520225525,0.2251700460910797,0.12189469486474991,0.20629064738750458,0.20673155784606934,0.1799614578485489,0.5051864385604858,0.4288597106933594,0.0619991235435009,0.9381930232048035,0.1666577011346817,0.17919385433197021,0.16728076338768005,0.0921570397913456,0.21522881090641022,0.20005739480257034,0.1623462438583374,0.5029609203338623
h-7,26,-0.5650999154386036,CPFLOW/comparison_outputs/full44_imageft2_morphology_candidates/images/h-7/candidate_026_raw.png,CPFLOW/comparison_outputs/full44_imageft2_morphology_candidates/images/h-7/candidate_026_display.png,0.34778594970703125,0.0466761477291584,0.9100456833839417,0.13234995305538177,0.14368067681789398,0.1369856297969818,0.07510228455066681,0.20958702266216278,0.18454261124134064,0.1398923397064209,0.48871996998786926,0.4288597106933594,0.0619991235435009,0.9381930232048035,0.1666577011346817,0.17919385433197021,0.16728076338768005,0.0921570397913456,0.21522881090641022,0.20005739480257034,0.1623462438583374,0.5029609203338623
h-7,27,-0.11460532719571664,CPFLOW/comparison_outputs/full44_imageft2_morphology_candidates/images/h-7/candidate_027_raw.png,CPFLOW/comparison_outputs/full44_imageft2_morphology_candidates/images/h-7/candidate_027_display.png,0.4285087585449219,0.06414683163166046,0.9534329771995544,0.18000081181526184,0.19483104348182678,0.183956116437912,0.08385154604911804,0.22600290179252625,0.22034676373004913,0.1578022539615631,0.506925642490387,0.4288597106933594,0.0619991235435009,0.9381930232048035,0.1666577011346817,0.17919385433197021,0.16728076338768005,0.0921570397913456,0.21522881090641022,0.20005739480257034,0.1623462438583374,0.5029609203338623
h-7,28,-0.48265626205654,CPFLOW/comparison_outputs/full44_imageft2_morphology_candidates/images/h-7/candidate_028_raw.png,CPFLOW/comparison_outputs/full44_imageft2_morphology_candidates/images/h-7/candidate_028_display.png,0.38593292236328125,0.0439884290099144,0.8545630574226379,0.14253301918506622,0.15692321956157684,0.16264769434928894,0.1171761229634285,0.18949900567531586,0.19896365702152252,0.14094127714633942,0.5136954188346863,0.4288597106933594,0.0619991235435009,0.9381930232048035,0.1666577011346817,0.17919385433197021,0.16728076338768005,0.0921570397913456,0.21522881090641022,0.20005739480257034,0.1623462438583374,0.5029609203338623
h-7,29,-0.3448293796423167,CPFLOW/comparison_outputs/full44_imageft2_morphology_candidates/images/h-7/candidate_029_raw.png,CPFLOW/comparison_outputs/full44_imageft2_morphology_candidates/images/h-7/candidate_029_display.png,0.50201416015625,0.058351121842861176,0.9410480260848999,0.1906699240207672,0.18903280794620514,0.19723393023014069,0.08810146898031235,0.20256750285625458,0.21327130496501923,0.16636548936367035,0.5031389594078064,0.4288597106933594,0.0619991235435009,0.9381930232048035,0.1666577011346817,0.17919385433197021,0.16728076338768005,0.0921570397913456,0.21522881090641022,0.20005739480257034,0.1623462438583374,0.5029609203338623
h-7,30,-1.0638180419324441,CPFLOW/comparison_outputs/full44_imageft2_morphology_candidates/images/h-7/candidate_030_raw.png,CPFLOW/comparison_outputs/full44_imageft2_morphology_candidates/images/h-7/candidate_030_display.png,0.27140045166015625,0.03814120218157768,0.843932569026947,0.13029636442661285,0.1286797672510147,0.11574295163154602,0.14101672172546387,0.1828673779964447,0.170099675655365,0.1347678154706955,0.5009459257125854,0.4288597106933594,0.0619991235435009,0.9381930232048035,0.1666577011346817,0.17919385433197021,0.16728076338768005,0.0921570397913456,0.21522881090641022,0.20005739480257034,0.1623462438583374,0.5029609203338623
h-7,31,-0.7517737636957506,CPFLOW/comparison_outputs/full44_imageft2_morphology_candidates/images/h-7/candidate_031_raw.png,CPFLOW/comparison_outputs/full44_imageft2_morphology_candidates/images/h-7/candidate_031_display.png,0.5827560424804688,0.06331640481948853,0.8973650932312012,0.2111729234457016,0.24042917788028717,0.2276749312877655,0.13414934277534485,0.21389301121234894,0.21324582397937775,0.16919352114200592,0.5111804604530334,0.4288597106933594,0.0619991235435009,0.9381930232048035,0.1666577011346817,0.17919385433197021,0.16728076338768005,0.0921570397913456,0.21522881090641022,0.20005739480257034,0.1623462438583374,0.5029609203338623
methotrexate,0,-0.4985968785220341,CPFLOW/comparison_outputs/full44_imageft2_morphology_candidates/images/methotrexate/candidate_000_raw.png,CPFLOW/comparison_outputs/full44_imageft2_morphology_candidates/images/methotrexate/candidate_000_display.png,0.4995155334472656,0.061989810317754745,0.8931527137756348,0.20949102938175201,0.23674461245536804,0.21847830712795258,0.1524675488471985,0.23176556825637817,0.2189522534608841,0.1688980758190155,0.4802221357822418,0.5679149627685547,0.07319121062755585,0.9236935079097748,0.22165928781032562,0.21182692050933838,0.1811802089214325,0.09738276153802872,0.19865678250789642,0.201633021235466,0.1687387153506279,0.5002807378768921
methotrexate,1,-0.3721421109156634,CPFLOW/comparison_outputs/full44_imageft2_morphology_candidates/images/methotrexate/candidate_001_raw.png,CPFLOW/comparison_outputs/full44_imageft2_morphology_candidates/images/methotrexate/candidate_001_display.png,0.5394325256347656,0.06450261920690536,0.8902084231376648,0.2177818864583969,0.22659970819950104,0.23528140783309937,0.16043098270893097,0.21658802032470703,0.23005960881710052,0.1728188544511795,0.4984844923019409,0.5679149627685547,0.07319121062755585,0.9236935079097748,0.22165928781032562,0.21182692050933838,0.1811802089214325,0.09738276153802872,0.19865678250789642,0.201633021235466,0.1687387153506279,0.5002807378768921
methotrexate,2,-0.46074835989366514,CPFLOW/comparison_outputs/full44_imageft2_morphology_candidates/images/methotrexate/candidate_002_raw.png,CPFLOW/comparison_outputs/full44_imageft2_morphology_candidates/images/methotrexate/candidate_002_display.png,0.512939453125,0.057189032435417175,0.855221688747406,0.18598490953445435,0.19919365644454956,0.18320605158805847,0.1412937045097351,0.19548048079013824,0.18709461390972137,0.15951430797576904,0.48641836643218994,0.5679149627685547,0.07319121062755585,0.9236935079097748,0.22165928781032562,0.21182692050933838,0.1811802089214325,0.09738276153802872,0.19865678250789642,0.201633021235466,0.1687387153506279,0.5002807378768921
methotrexate,3,-0.7911515360671688,CPFLOW/comparison_outputs/full44_imageft2_morphology_candidates/images/methotrexate/candidate_003_raw.png,CPFLOW/comparison_outputs/full44_imageft2_morphology_candidates/images/methotrexate/candidate_003_display.png,0.4021492004394531,0.05525418743491173,0.9058219194412231,0.17532546818256378,0.18863815069198608,0.17643067240715027,0.12545359134674072,0.22466351091861725,0.20520706474781036,0.14873874187469482,0.48948878049850464,0.5679149627685547,0.07319121062755585,0.9236935079097748,0.22165928781032562,0.21182692050933838,0.1811802089214325,0.09738276153802872,0.19865678250789642,0.201633021235466,0.1687387153506279,0.5002807378768921
methotrexate,4,-0.2439816551330124,CPFLOW/comparison_outputs/full44_imageft2_morphology_candidates/images/methotrexate/candidate_004_raw.png,CPFLOW/comparison_outputs/full44_imageft2_morphology_candidates/images/methotrexate/candidate_004_display.png,0.5587692260742188,0.061951518058776855,0.9024861454963684,0.20537731051445007,0.2187584936618805,0.13505923748016357,0.10412609577178955,0.21258491277694702,0.1753126084804535,0.16408801078796387,0.5149418711662292,0.5679149627685547,0.07319121062755585,0.9236935079097748,0.22165928781032562,0.21182692050933838,0.1811802089214325,0.09738276153802872,0.19865678250789642,0.201633021235466,0.1687387153506279,0.5002807378768921
methotrexate,5,-0.6053506905882466,CPFLOW/comparison_outputs/full44_imageft2_morphology_candidates/images/methotrexate/candidate_005_raw.png,CPFLOW/comparison_outputs/full44_imageft2_morphology_candidates/images/methotrexate/candidate_005_display.png,0.6479072570800781,0.054097987711429596,0.8578575849533081,0.21436738967895508,0.22450242936611176,0.22191481292247772,0.15458796918392181,0.18142575025558472,0.19410976767539978,0.1606542021036148,0.49917834997177124,0.5679149627685547,0.07319121062755585,0.9236935079097748,0.22165928781032562,0.21182692050933838,0.1811802089214325,0.09738276153802872,0.19865678250789642,0.201633021235466,0.1687387153506279,0.5002807378768921
methotrexate,6,-0.6238122881690253,CPFLOW/comparison_outputs/full44_imageft2_morphology_candidates/images/methotrexate/candidate_006_raw.png,CPFLOW/comparison_outputs/full44_imageft2_morphology_candidates/images/methotrexate/candidate_006_display.png,0.45749664306640625,0.059170354157686234,0.8808689117431641,0.1887110024690628,0.18759392201900482,0.17136865854263306,0.1506417989730835,0.20480258762836456,0.20029449462890625,0.14645084738731384,0.4904710352420807,0.5679149627685547,0.07319121062755585,0.9236935079097748,0.22165928781032562,0.21182692050933838,0.1811802089214325,0.09738276153802872,0.19865678250789642,0.201633021235466,0.1687387153506279,0.5002807378768921
methotrexate,7,-0.3021058492260813,CPFLOW/comparison_outputs/full44_imageft2_morphology_candidates/images/methotrexate/candidate_007_raw.png,CPFLOW/comparison_outputs/full44_imageft2_morphology_candidates/images/methotrexate/candidate_007_display.png,0.559295654296875,0.06632198393344879,0.9170109629631042,0.2393171787261963,0.23956157267093658,0.24188444018363953,0.14502881467342377,0.21856413781642914,0.24015337228775024,0.1640380471944809,0.49691715836524963,0.5679149627685547,0.07319121062755585,0.9236935079097748,0.22165928781032562,0.21182692050933838,0.1811802089214325,0.09738276153802872,0.19865678250789642,0.201633021235466,0.1687387153506279,0.5002807378768921
methotrexate,8,-0.38948783154776323,CPFLOW/comparison_outputs/full44_imageft2_morphology_candidates/images/methotrexate/candidate_008_raw.png,CPFLOW/comparison_outputs/full44_imageft2_morphology_candidates/images/methotrexate/candidate_008_display.png,0.5482292175292969,0.055924639105796814,0.864857017993927,0.19484250247478485,0.21137182414531708,0.21428506076335907,0.16448144614696503,0.19841685891151428,0.20753583312034607,0.16548767685890198,0.4830026924610138,0.5679149627685547,0.07319121062755585,0.9236935079097748,0.22165928781032562,0.21182692050933838,0.1811802089214325,0.09738276153802872,0.19865678250789642,0.201633021235466,0.1687387153506279,0.5002807378768921
methotrexate,9,-0.668019626341452,CPFLOW/comparison_outputs/full44_imageft2_morphology_candidates/images/methotrexate/candidate_009_raw.png,CPFLOW/comparison_outputs/full44_imageft2_morphology_candidates/images/methotrexate/candidate_009_display.png,0.6729774475097656,0.06511218845844269,0.8878710865974426,0.24769608676433563,0.25471290946006775,0.2530973255634308,0.16525138914585114,0.19310246407985687,0.22551213204860687,0.17594827711582184,0.48964640498161316,0.5679149627685547,0.07319121062755585,0.9236935079097748,0.22165928781032562,0.21182692050933838,0.1811802089214325,0.09738276153802872,0.19865678250789642,0.201633021235466,0.1687387153506279,0.5002807378768921
methotrexate,10,-0.450208461779107,CPFLOW/comparison_outputs/full44_imageft2_morphology_candidates/images/methotrexate/candidate_010_raw.png,CPFLOW/comparison_outputs/full44_imageft2_morphology_candidates/images/methotrexate/candidate_010_display.png,0.6025924682617188,0.05872952193021774,0.8934133648872375,0.23534700274467468,0.24704964458942413,0.24307705461978912,0.15331371128559113,0.21328860521316528,0.21119825541973114,0.16920994222164154,0.49395954608917236,0.5679149627685547,0.07319121062755585,0.9236935079097748,0.22165928781032562,0.21182692050933838,0.1811802089214325,0.09738276153802872,0.19865678250789642,0.201633021235466,0.1687387153506279,0.5002807378768921
methotrexate,11,-0.29482519653955547,CPFLOW/comparison_outputs/full44_imageft2_morphology_candidates/images/methotrexate/candidate_011_raw.png,CPFLOW/comparison_outputs/full44_imageft2_morphology_candidates/images/methotrexate/candidate_011_display.png,0.5579261779785156,0.06092763692140579,0.8584244847297668,0.20369239151477814,0.21733349561691284,0.20030060410499573,0.14737249910831451,0.2002340853214264,0.19289959967136383,0.15472230315208435,0.4914989471435547,0.5679149627685547,0.07319121062755585,0.9236935079097748,0.22165928781032562,0.21182692050933838,0.1811802089214325,0.09738276153802872,0.19865678250789642,0.201633021235466,0.1687387153506279,0.5002807378768921
methotrexate,12,-0.45634939711612654,CPFLOW/comparison_outputs/full44_imageft2_morphology_candidates/images/methotrexate/candidate_012_raw.png,CPFLOW/comparison_outputs/full44_imageft2_morphology_candidates/images/methotrexate/candidate_012_display.png,0.5158843994140625,0.06262525171041489,0.897182047367096,0.21862708032131195,0.24326790869235992,0.23266763985157013,0.14307431876659393,0.22806431353092194,0.22918494045734406,0.16238589584827423,0.4883258044719696,0.5679149627685547,0.07319121062755585,0.9236935079097748,0.22165928781032562,0.21182692050933838,0.1811802089214325,0.09738276153802872,0.19865678250789642,0.201633021235466,0.1687387153506279,0.5002807378768921
methotrexate,13,-0.4283751955282594,CPFLOW/comparison_outputs/full44_imageft2_morphology_candidates/images/methotrexate/candidate_013_raw.png,CPFLOW/comparison_outputs/full44_imageft2_morphology_candidates/images/methotrexate/candidate_013_display.png,0.6275520324707031,0.06513884663581848,0.8933683633804321,0.2381662279367447,0.25742998719215393,0.21744662523269653,0.12927846610546112,0.21041475236415863,0.20070604979991913,0.15685774385929108,0.5046928524971008,0.5679149627685547,0.07319121062755585,0.9236935079097748,0.22165928781032562,0.21182692050933838,0.1811802089214325,0.09738276153802872,0.19865678250789642,0.201633021235466,0.1687387153506279,0.5002807378768921
methotrexate,14,-0.43106073690777197,CPFLOW/comparison_outputs/full44_imageft2_morphology_candidates/images/methotrexate/candidate_014_raw.png,CPFLOW/comparison_outputs/full44_imageft2_morphology_candidates/images/methotrexate/candidate_014_display.png,0.6078414916992188,0.06785986572504044,0.919950544834137,0.2310468554496765,0.25589293241500854,0.2580793499946594,0.16380292177200317,0.2155323028564453,0.22470112144947052,0.18321257829666138,0.48608464002609253,0.5679149627685547,0.07319121062755585,0.9236935079097748,0.22165928781032562,0.21182692050933838,0.1811802089214325,0.09738276153802872,0.19865678250789642,0.201633021235466,0.1687387153506279,0.5002807378768921
methotrexate,15,-0.49943549409987614,CPFLOW/comparison_outputs/full44_imageft2_morphology_candidates/images/methotrexate/candidate_015_raw.png,CPFLOW/comparison_outputs/full44_imageft2_morphology_candidates/images/methotrexate/candidate_015_display.png,0.5025253295898438,0.05752924084663391,0.8724715709686279,0.19391660392284393,0.1856357455253601,0.19277052581310272,0.13988980650901794,0.1912444829940796,0.19345346093177795,0.15097224712371826,0.47886189818382263,0.5679149627685547,0.07319121062755585,0.9236935079097748,0.22165928781032562,0.21182692050933838,0.1811802089214325,0.09738276153802872,0.19865678250789642,0.201633021235466,0.1687387153506279,0.5002807378768921
methotrexate,16,-0.2264872532671597,CPFLOW/comparison_outputs/full44_imageft2_morphology_candidates/images/methotrexate/candidate_016_raw.png,CPFLOW/comparison_outputs/full44_imageft2_morphology_candidates/images/methotrexate/candidate_016_display.png,0.5649299621582031,0.06204794719815254,0.9043349623680115,0.20638549327850342,0.21903489530086517,0.2164735347032547,0.13581591844558716,0.19959020614624023,0.2130506932735443,0.16664089262485504,0.5039507746696472,0.5679149627685547,0.07319121062755585,0.9236935079097748,0.22165928781032562,0.21182692050933838,0.1811802089214325,0.09738276153802872,0.19865678250789642,0.201633021235466,0.1687387153506279,0.5002807378768921
methotrexate,17,-0.708459088671819,CPFLOW/comparison_outputs/full44_imageft2_morphology_candidates/images/methotrexate/candidate_017_raw.png,CPFLOW/comparison_outputs/full44_imageft2_morphology_candidates/images/methotrexate/candidate_017_display.png,0.4819145202636719,0.05252410098910332,0.842133641242981,0.16544529795646667,0.18064501881599426,0.15462826192378998,0.1460089534521103,0.18642733991146088,0.16553930938243866,0.1503501683473587,0.5017169117927551,0.5679149627685547,0.07319121062755585,0.9236935079097748,0.22165928781032562,0.21182692050933838,0.1811802089214325,0.09738276153802872,0.19865678250789642,0.201633021235466,0.1687387153506279,0.5002807378768921
methotrexate,18,-0.5127545550254803,CPFLOW/comparison_outputs/full44_imageft2_morphology_candidates/images/methotrexate/candidate_018_raw.png,CPFLOW/comparison_outputs/full44_imageft2_morphology_candidates/images/methotrexate/candidate_018_display.png,0.6514167785644531,0.0675780326128006,0.8888722658157349,0.2442103773355484,0.24031662940979004,0.24089153110980988,0.15066248178482056,0.19767320156097412,0.2081020623445511,0.1708165556192398,0.48856493830680847,0.5679149627685547,0.07319121062755585,0.9236935079097748,0.22165928781032562,0.21182692050933838,0.1811802089214325,0.09738276153802872,0.19865678250789642,0.201633021235466,0.1687387153506279,0.5002807378768921
methotrexate,19,-0.3754904097914168,CPFLOW/comparison_outputs/full44_imageft2_morphology_candidates/images/methotrexate/candidate_019_raw.png,CPFLOW/comparison_outputs/full44_imageft2_morphology_candidates/images/methotrexate/candidate_019_display.png,0.5989761352539062,0.05792314559221268,0.8921690583229065,0.2144639790058136,0.22192738950252533,0.21845099329948425,0.15356218814849854,0.19802412390708923,0.19962696731090546,0.1569712907075882,0.4985370337963104,0.5679149627685547,0.07319121062755585,0.9236935079097748,0.22165928781032562,0.21182692050933838,0.1811802089214325,0.09738276153802872,0.19865678250789642,0.201633021235466,0.1687387153506279,0.5002807378768921
methotrexate,20,-0.605026998260034,CPFLOW/comparison_outputs/full44_imageft2_morphology_candidates/images/methotrexate/candidate_020_raw.png,CPFLOW/comparison_outputs/full44_imageft2_morphology_candidates/images/methotrexate/candidate_020_display.png,0.46866607666015625,0.05742216110229492,0.8697996735572815,0.1799812912940979,0.1964014321565628,0.1776801198720932,0.14084503054618835,0.20965832471847534,0.18964692950248718,0.14225761592388153,0.48384013772010803,0.5679149627685547,0.07319121062755585,0.9236935079097748,0.22165928781032562,0.21182692050933838,0.1811802089214325,0.09738276153802872,0.19865678250789642,0.201633021235466,0.1687387153506279,0.5002807378768921
methotrexate,21,-0.31341978631593254,CPFLOW/comparison_outputs/full44_imageft2_morphology_candidates/images/methotrexate/candidate_021_raw.png,CPFLOW/comparison_outputs/full44_imageft2_morphology_candidates/images/methotrexate/candidate_021_display.png,0.541412353515625,0.06556917726993561,0.903362512588501,0.23755373060703278,0.2389284074306488,0.195312961935997,0.14693866670131683,0.23110584914684296,0.220354363322258,0.16134941577911377,0.4879886507987976,0.5679149627685547,0.07319121062755585,0.9236935079097748,0.22165928781032562,0.21182692050933838,0.1811802089214325,0.09738276153802872,0.19865678250789642,0.201633021235466,0.1687387153506279,0.5002807378768921
methotrexate,22,-0.5009598207781358,CPFLOW/comparison_outputs/full44_imageft2_morphology_candidates/images/methotrexate/candidate_022_raw.png,CPFLOW/comparison_outputs/full44_imageft2_morphology_candidates/images/methotrexate/candidate_022_display.png,0.5131111145019531,0.05435086414217949,0.8622475862503052,0.17594169080257416,0.19767633080482483,0.19925753772258759,0.13974793255329132,0.18743625283241272,0.20368291437625885,0.16416412591934204,0.4837552607059479,0.5679149627685547,0.07319121062755585,0.9236935079097748,0.22165928781032562,0.21182692050933838,0.1811802089214325,0.09738276153802872,0.19865678250789642,0.201633021235466,0.1687387153506279,0.5002807378768921
methotrexate,23,-0.45938266905332903,CPFLOW/comparison_outputs/full44_imageft2_morphology_candidates/images/methotrexate/candidate_023_raw.png,CPFLOW/comparison_outputs/full44_imageft2_morphology_candidates/images/methotrexate/candidate_023_display.png,0.6220550537109375,0.0674271434545517,0.872600257396698,0.21270112693309784,0.255339115858078,0.22870907187461853,0.16711848974227905,0.2139747440814972,0.20232251286506653,0.16336266696453094,0.4985123872756958,0.5679149627685547,0.07319121062755585,0.9236935079097748,0.22165928781032562,0.21182692050933838,0.1811802089214325,0.09738276153802872,0.19865678250789642,0.201633021235466,0.1687387153506279,0.5002807378768921
methotrexate,24,-0.479579717550028,CPFLOW/comparison_outputs/full44_imageft2_morphology_candidates/images/methotrexate/candidate_024_raw.png,CPFLOW/comparison_outputs/full44_imageft2_morphology_candidates/images/methotrexate/candidate_024_display.png,0.6424217224121094,0.06079975515604019,0.9190778136253357,0.2383900135755539,0.21853375434875488,0.24091021716594696,0.12992486357688904,0.18407641351222992,0.2174186259508133,0.17759552597999573,0.5075189471244812,0.5679149627685547,0.07319121062755585,0.9236935079097748,0.22165928781032562,0.21182692050933838,0.1811802089214325,0.09738276153802872,0.19865678250789642,0.201633021235466,0.1687387153506279,0.5002807378768921
methotrexate,25,-0.3166281411314353,CPFLOW/comparison_outputs/full44_imageft2_morphology_candidates/images/methotrexate/candidate_025_raw.png,CPFLOW/comparison_outputs/full44_imageft2_morphology_candidates/images/methotrexate/candidate_025_display.png,0.5846176147460938,0.07309979200363159,0.9009215831756592,0.24770720303058624,0.2528424561023712,0.23815980553627014,0.15289393067359924,0.22934243083000183,0.22897769510746002,0.17160126566886902,0.4955672025680542,0.5679149627685547,0.07319121062755585,0.9236935079097748,0.22165928781032562,0.21182692050933838,0.1811802089214325,0.09738276153802872,0.19865678250789642,0.201633021235466,0.1687387153506279,0.5002807378768921
methotrexate,26,-0.42450178081459705,CPFLOW/comparison_outputs/full44_imageft2_morphology_candidates/images/methotrexate/candidate_026_raw.png,CPFLOW/comparison_outputs/full44_imageft2_morphology_candidates/images/methotrexate/candidate_026_display.png,0.6314926147460938,0.06492602825164795,0.8862267732620239,0.21907612681388855,0.21986070275306702,0.2334357351064682,0.14405275881290436,0.1832141876220703,0.19938679039478302,0.16720248758792877,0.4959999918937683,0.5679149627685547,0.07319121062755585,0.9236935079097748,0.22165928781032562,0.21182692050933838,0.1811802089214325,0.09738276153802872,0.19865678250789642,0.201633021235466,0.1687387153506279,0.5002807378768921
methotrexate,27,-0.39167892857699993,CPFLOW/comparison_outputs/full44_imageft2_morphology_candidates/images/methotrexate/candidate_027_raw.png,CPFLOW/comparison_outputs/full44_imageft2_morphology_candidates/images/methotrexate/candidate_027_display.png,0.4842185974121094,0.06753922253847122,0.9018728733062744,0.2107010781764984,0.21429184079170227,0.1811823695898056,0.12564319372177124,0.22880919277668,0.20862646400928497,0.15259386599063873,0.48655298352241516,0.5679149627685547,0.07319121062755585,0.9236935079097748,0.22165928781032562,0.21182692050933838,0.1811802089214325,0.09738276153802872,0.19865678250789642,0.201633021235466,0.1687387153506279,0.5002807378768921
methotrexate,28,-0.3556997977840843,CPFLOW/comparison_outputs/full44_imageft2_morphology_candidates/images/methotrexate/candidate_028_raw.png,CPFLOW/comparison_outputs/full44_imageft2_morphology_candidates/images/methotrexate/candidate_028_display.png,0.5134506225585938,0.06766951829195023,0.8923158049583435,0.23201884329319,0.21307837963104248,0.19874221086502075,0.14789903163909912,0.23342344164848328,0.21813681721687317,0.16787387430667877,0.5037366151809692,0.5679149627685547,0.07319121062755585,0.9236935079097748,0.22165928781032562,0.21182692050933838,0.1811802089214325,0.09738276153802872,0.19865678250789642,0.201633021235466,0.1687387153506279,0.5002807378768921
methotrexate,29,-0.34438689700640246,CPFLOW/comparison_outputs/full44_imageft2_morphology_candidates/images/methotrexate/candidate_029_raw.png,CPFLOW/comparison_outputs/full44_imageft2_morphology_candidates/images/methotrexate/candidate_029_display.png,0.5510025024414062,0.06044580042362213,0.8925682902336121,0.19830963015556335,0.22243331372737885,0.2178502380847931,0.1614820957183838,0.2096986174583435,0.21102766692638397,0.15953554213047028,0.4897606670856476,0.5679149627685547,0.07319121062755585,0.9236935079097748,0.22165928781032562,0.21182692050933838,0.1811802089214325,0.09738276153802872,0.19865678250789642,0.201633021235466,0.1687387153506279,0.5002807378768921
methotrexate,30,-0.44722350428156743,CPFLOW/comparison_outputs/full44_imageft2_morphology_candidates/images/methotrexate/candidate_030_raw.png,CPFLOW/comparison_outputs/full44_imageft2_morphology_candidates/images/methotrexate/candidate_030_display.png,0.6377105712890625,0.0715668797492981,0.8955288529396057,0.24087679386138916,0.24899184703826904,0.2370109111070633,0.1493152230978012,0.20376718044281006,0.21324694156646729,0.16433598101139069,0.5044749975204468,0.5679149627685547,0.07319121062755585,0.9236935079097748,0.22165928781032562,0.21182692050933838,0.1811802089214325,0.09738276153802872,0.19865678250789642,0.201633021235466,0.1687387153506279,0.5002807378768921
methotrexate,31,-1.11348931173881,CPFLOW/comparison_outputs/full44_imageft2_morphology_candidates/images/methotrexate/candidate_031_raw.png,CPFLOW/comparison_outputs/full44_imageft2_morphology_candidates/images/methotrexate/candidate_031_display.png,0.3303947448730469,0.05438181012868881,0.8992018103599548,0.19516421854496002,0.15845048427581787,0.1391434669494629,0.13824328780174255,0.23494865000247955,0.21111948788166046,0.1458296775817871,0.49871551990509033,0.5679149627685547,0.07319121062755585,0.9236935079097748,0.22165928781032562,0.21182692050933838,0.1811802089214325,0.09738276153802872,0.19865678250789642,0.201633021235466,0.1687387153506279,0.5002807378768921
cisplatin,0,-0.23164314520284748,CPFLOW/comparison_outputs/full44_imageft2_morphology_candidates/images/cisplatin/candidate_000_raw.png,CPFLOW/comparison_outputs/full44_imageft2_morphology_candidates/images/cisplatin/candidate_000_display.png,0.8295249938964844,0.06234804540872574,0.9327566027641296,0.3136312663555145,0.32736098766326904,0.30560413002967834,0.13789352774620056,0.18932460248470306,0.19930288195610046,0.20612594485282898,0.5078881978988647,0.8207569122314453,0.08110018074512482,0.9250893592834473,0.30039530992507935,0.30985575914382935,0.29118336737155914,0.13845974206924438,0.17539122700691223,0.19079476594924927,0.20960316061973572,0.49836266040802
cisplatin,1,-0.35431301014004457,CPFLOW/comparison_outputs/full44_imageft2_morphology_candidates/images/cisplatin/candidate_001_raw.png,CPFLOW/comparison_outputs/full44_imageft2_morphology_candidates/images/cisplatin/candidate_001_display.png,0.8726234436035156,0.06867732107639313,0.9198989868164062,0.3290385603904724,0.33778494596481323,0.3235326409339905,0.14226694405078888,0.18230657279491425,0.1865960955619812,0.2041393518447876,0.4988641142845154,0.8207569122314453,0.08110018074512482,0.9250893592834473,0.30039530992507935,0.30985575914382935,0.29118336737155914,0.13845974206924438,0.17539122700691223,0.19079476594924927,0.20960316061973572,0.49836266040802
cisplatin,2,-0.38598241588061244,CPFLOW/comparison_outputs/full44_imageft2_morphology_candidates/images/cisplatin/candidate_002_raw.png,CPFLOW/comparison_outputs/full44_imageft2_morphology_candidates/images/cisplatin/candidate_002_display.png,0.824554443359375,0.06319273263216019,0.9197387099266052,0.28613296151161194,0.17997993528842926,0.3000231981277466,0.11383173614740372,0.14917732775211334,0.18933309614658356,0.18280312418937683,0.4989475607872009,0.8207569122314453,0.08110018074512482,0.9250893592834473,0.30039530992507935,0.30985575914382935,0.29118336737155914,0.13845974206924438,0.17539122700691223,0.19079476594924927,0.20960316061973572,0.49836266040802
cisplatin,3,-0.3531867415534459,CPFLOW/comparison_outputs/full44_imageft2_morphology_candidates/images/cisplatin/candidate_003_raw.png,CPFLOW/comparison_outputs/full44_imageft2_morphology_candidates/images/cisplatin/candidate_003_display.png,0.8742408752441406,0.06742657721042633,0.880989670753479,0.28813275694847107,0.31056466698646545,0.30518633127212524,0.1517249047756195,0.16463445127010345,0.17938655614852905,0.20070601999759674,0.5059798955917358,0.8207569122314453,0.08110018074512482,0.9250893592834473,0.30039530992507935,0.30985575914382935,0.29118336737155914,0.13845974206924438,0.17539122700691223,0.19079476594924927,0.20960316061973572,0.49836266040802
cisplatin,4,-0.3986422470593248,CPFLOW/comparison_outputs/full44_imageft2_morphology_candidates/images/cisplatin/candidate_004_raw.png,CPFLOW/comparison_outputs/full44_imageft2_morphology_candidates/images/cisplatin/candidate_004_display.png,0.8724212646484375,0.07355731725692749,0.9272986054420471,0.3339829444885254,0.25708043575286865,0.3539203703403473,0.14932382106781006,0.17255814373493195,0.20009712874889374,0.21824443340301514,0.5048391222953796,0.8207569122314453,0.08110018074512482,0.9250893592834473,0.30039530992507935,0.30985575914382935,0.29118336737155914,0.13845974206924438,0.17539122700691223,0.19079476594924927,0.20960316061973572,0.49836266040802
cisplatin,5,-0.2540830120564199,CPFLOW/comparison_outputs/full44_imageft2_morphology_candidates/images/cisplatin/candidate_005_raw.png,CPFLOW/comparison_outputs/full44_imageft2_morphology_candidates/images/cisplatin/candidate_005_display.png,0.7966537475585938,0.08571898937225342,0.9445659518241882,0.3286450207233429,0.32568326592445374,0.3073105216026306,0.11679117381572723,0.203183114528656,0.22172307968139648,0.19467169046401978,0.5076354742050171,0.8207569122314453,0.08110018074512482,0.9250893592834473,0.30039530992507935,0.30985575914382935,0.29118336737155914,0.13845974206924438,0.17539122700691223,0.19079476594924927,0.20960316061973572,0.49836266040802
cisplatin,6,-0.46322922422643786,CPFLOW/comparison_outputs/full44_imageft2_morphology_candidates/images/cisplatin/candidate_006_raw.png,CPFLOW/comparison_outputs/full44_imageft2_morphology_candidates/images/cisplatin/candidate_006_display.png,0.8507003784179688,0.06656277924776077,0.9018349647521973,0.3265915513038635,0.3726648986339569,0.3512592017650604,0.18628445267677307,0.19656342267990112,0.20988795161247253,0.20671038329601288,0.48990529775619507,0.8207569122314453,0.08110018074512482,0.9250893592834473,0.30039530992507935,0.30985575914382935,0.29118336737155914,0.13845974206924438,0.17539122700691223,0.19079476594924927,0.20960316061973572,0.49836266040802
cisplatin,7,-3.823193382604252,CPFLOW/comparison_outputs/full44_imageft2_morphology_candidates/images/cisplatin/candidate_007_raw.png,CPFLOW/comparison_outputs/full44_imageft2_morphology_candidates/images/cisplatin/candidate_007_display.png,0.9463424682617188,0.06787469983100891,0.8667803406715393,0.3350388705730438,0.39230969548225403,0.3661389648914337,0.19369405508041382,0.16211093962192535,0.17455551028251648,0.21991926431655884,0.5052387714385986,0.8207569122314453,0.08110018074512482,0.9250893592834473,0.30039530992507935,0.30985575914382935,0.29118336737155914,0.13845974206924438,0.17539122700691223,0.19079476594924927,0.20960316061973572,0.49836266040802
cisplatin,8,-0.4676560285746976,CPFLOW/comparison_outputs/full44_imageft2_morphology_candidates/images/cisplatin/candidate_008_raw.png,CPFLOW/comparison_outputs/full44_imageft2_morphology_candidates/images/cisplatin/candidate_008_display.png,0.8887557983398438,0.0680113434791565,0.9218170642852783,0.33183813095092773,0.36529645323753357,0.3401554822921753,0.14658458530902863,0.17815262079238892,0.19407792389392853,0.19731830060482025,0.5102009773254395,0.8207569122314453,0.08110018074512482,0.9250893592834473,0.30039530992507935,0.30985575914382935,0.29118336737155914,0.13845974206924438,0.17539122700691223,0.19079476594924927,0.20960316061973572,0.49836266040802
cisplatin,9,-0.2969981512295678,CPFLOW/comparison_outputs/full44_imageft2_morphology_candidates/images/cisplatin/candidate_009_raw.png,CPFLOW/comparison_outputs/full44_imageft2_morphology_candidates/images/cisplatin/candidate_009_display.png,0.8616752624511719,0.08141343295574188,0.9409903883934021,0.3453468084335327,0.28852003812789917,0.34716933965682983,0.12823863327503204,0.18076491355895996,0.20657239854335785,0.20419971644878387,0.5120456218719482,0.8207569122314453,0.08110018074512482,0.9250893592834473,0.30039530992507935,0.30985575914382935,0.29118336737155914,0.13845974206924438,0.17539122700691223,0.19079476594924927,0.20960316061973572,0.49836266040802
cisplatin,10,-0.17294519812826376,CPFLOW/comparison_outputs/full44_imageft2_morphology_candidates/images/cisplatin/candidate_010_raw.png,CPFLOW/comparison_outputs/full44_imageft2_morphology_candidates/images/cisplatin/candidate_010_display.png,0.8113594055175781,0.06960731744766235,0.9179275035858154,0.278262197971344,0.2853440046310425,0.2943265736103058,0.1421462446451187,0.17614485323429108,0.19269470870494843,0.20183810591697693,0.510558545589447,0.8207569122314453,0.08110018074512482,0.9250893592834473,0.30039530992507935,0.30985575914382935,0.29118336737155914,0.13845974206924438,0.17539122700691223,0.19079476594924927,0.20960316061973572,0.49836266040802
cisplatin,11,-0.28241781942210625,CPFLOW/comparison_outputs/full44_imageft2_morphology_candidates/images/cisplatin/candidate_011_raw.png,CPFLOW/comparison_outputs/full44_imageft2_morphology_candidates/images/cisplatin/candidate_011_display.png,0.8479423522949219,0.06710664927959442,0.9186639189720154,0.3140968382358551,0.3350970149040222,0.31731703877449036,0.15349358320236206,0.17815616726875305,0.2002010941505432,0.21223504841327667,0.5103451609611511,0.8207569122314453,0.08110018074512482,0.9250893592834473,0.30039530992507935,0.30985575914382935,0.29118336737155914,0.13845974206924438,0.17539122700691223,0.19079476594924927,0.20960316061973572,0.49836266040802
cisplatin,12,-0.43722753015034077,CPFLOW/comparison_outputs/full44_imageft2_morphology_candidates/images/cisplatin/candidate_012_raw.png,CPFLOW/comparison_outputs/full44_imageft2_morphology_candidates/images/cisplatin/candidate_012_display.png,0.8358039855957031,0.05789342150092125,0.9010828733444214,0.3077462315559387,0.349231094121933,0.37010055780410767,0.16838672757148743,0.1823655664920807,0.20927268266677856,0.2056410014629364,0.5068248510360718,0.8207569122314453,0.08110018074512482,0.9250893592834473,0.30039530992507935,0.30985575914382935,0.29118336737155914,0.13845974206924438,0.17539122700691223,0.19079476594924927,0.20960316061973572,0.49836266040802
cisplatin,13,-3.7185661871830162,CPFLOW/comparison_outputs/full44_imageft2_morphology_candidates/images/cisplatin/candidate_013_raw.png,CPFLOW/comparison_outputs/full44_imageft2_morphology_candidates/images/cisplatin/candidate_013_display.png,0.9336204528808594,0.0706787258386612,0.900097131729126,0.34826257824897766,0.39312586188316345,0.3836291432380676,0.16606464982032776,0.17136476933956146,0.18483105301856995,0.20684108138084412,0.5018916726112366,0.8207569122314453,0.08110018074512482,0.9250893592834473,0.30039530992507935,0.30985575914382935,0.29118336737155914,0.13845974206924438,0.17539122700691223,0.19079476594924927,0.20960316061973572,0.49836266040802
cisplatin,14,-0.6092635694326645,CPFLOW/comparison_outputs/full44_imageft2_morphology_candidates/images/cisplatin/candidate_014_raw.png,CPFLOW/comparison_outputs/full44_imageft2_morphology_candidates/images/cisplatin/candidate_014_display.png,0.8985481262207031,0.08127167075872421,0.9243757128715515,0.3163716793060303,0.39006325602531433,0.4139430820941925,0.21602392196655273,0.17967982590198517,0.20730121433734894,0.22430847585201263,0.5015068054199219,0.8207569122314453,0.08110018074512482,0.9250893592834473,0.30039530992507935,0.30985575914382935,0.29118336737155914,0.13845974206924438,0.17539122700691223,0.19079476594924927,0.20960316061973572,0.49836266040802
cisplatin,15,-0.44173383098154806,CPFLOW/comparison_outputs/full44_imageft2_morphology_candidates/images/cisplatin/candidate_015_raw.png,CPFLOW/comparison_outputs/full44_imageft2_morphology_candidates/images/cisplatin/candidate_015_display.png,0.8764724731445312,0.06863623112440109,0.8754387497901917,0.30436646938323975,0.3497006297111511,0.3360740542411804,0.16602987051010132,0.16759221255779266,0.195332869887352,0.20267681777477264,0.5064516663551331,0.8207569122314453,0.08110018074512482,0.9250893592834473,0.30039530992507935,0.30985575914382935,0.29118336737155914,0.13845974206924438,0.17539122700691223,0.19079476594924927,0.20960316061973572,0.49836266040802
cisplatin,16,-3.8964272158111397,CPFLOW/comparison_outputs/full44_imageft2_morphology_candidates/images/cisplatin/candidate_016_raw.png,CPFLOW/comparison_outputs/full44_imageft2_morphology_candidates/images/cisplatin/candidate_016_display.png,0.9591293334960938,0.06785637885332108,0.7497456073760986,0.36562591791152954,0.34221920371055603,0.3827066719532013,0.15608470141887665,0.15866194665431976,0.17097145318984985,0.21574249863624573,0.5059902667999268,0.8207569122314453,0.08110018074512482,0.9250893592834473,0.30039530992507935,0.30985575914382935,0.29118336737155914,0.13845974206924438,0.17539122700691223,0.19079476594924927,0.20960316061973572,0.49836266040802
cisplatin,17,-3.635098969761519,CPFLOW/comparison_outputs/full44_imageft2_morphology_candidates/images/cisplatin/candidate_017_raw.png,CPFLOW/comparison_outputs/full44_imageft2_morphology_candidates/images/cisplatin/candidate_017_display.png,0.09938812255859375,0.02988443896174431,0.8655062913894653,0.07855262607336044,0.07232203334569931,0.06661273539066315,0.0938989520072937,0.13396871089935303,0.1458335667848587,0.09788113832473755,0.48934903740882874,0.8207569122314453,0.08110018074512482,0.9250893592834473,0.30039530992507935,0.30985575914382935,0.29118336737155914,0.13845974206924438,0.17539122700691223,0.19079476594924927,0.20960316061973572,0.49836266040802
cisplatin,18,-4.024814300116233,CPFLOW/comparison_outputs/full44_imageft2_morphology_candidates/images/cisplatin/candidate_018_raw.png,CPFLOW/comparison_outputs/full44_imageft2_morphology_candidates/images/cisplatin/candidate_018_display.png,0.9763641357421875,0.06368661671876907,0.7165332436561584,0.3356068730354309,0.3575891852378845,0.3682410418987274,0.1788509041070938,0.14409182965755463,0.1633613258600235,0.2135820835828781,0.5089727640151978,0.8207569122314453,0.08110018074512482,0.9250893592834473,0.30039530992507935,0.30985575914382935,0.29118336737155914,0.13845974206924438,0.17539122700691223,0.19079476594924927,0.20960316061973572,0.49836266040802
cisplatin,19,-0.25511227001481973,CPFLOW/comparison_outputs/full44_imageft2_morphology_candidates/images/cisplatin/candidate_019_raw.png,CPFLOW/comparison_outputs/full44_imageft2_morphology_candidates/images/cisplatin/candidate_019_display.png,0.8191299438476562,0.0694081038236618,0.8964343667030334,0.281498521566391,0.35362812876701355,0.3094455897808075,0.17007794976234436,0.1957937777042389,0.19857259094715118,0.20641262829303741,0.5047143697738647,0.8207569122314453,0.08110018074512482,0.9250893592834473,0.30039530992507935,0.30985575914382935,0.29118336737155914,0.13845974206924438,0.17539122700691223,0.19079476594924927,0.20960316061973572,0.49836266040802
cisplatin,20,-0.26720559153672224,CPFLOW/comparison_outputs/full44_imageft2_morphology_candidates/images/cisplatin/candidate_020_raw.png,CPFLOW/comparison_outputs/full44_imageft2_morphology_candidates/images/cisplatin/candidate_020_display.png,0.8227691650390625,0.06914825737476349,0.9270250797271729,0.33328115940093994,0.3348958194255829,0.3466269373893738,0.12720182538032532,0.19161252677440643,0.22596558928489685,0.1988532990217209,0.5112693905830383,0.8207569122314453,0.08110018074512482,0.9250893592834473,0.30039530992507935,0.30985575914382935,0.29118336737155914,0.13845974206924438,0.17539122700691223,0.19079476594924927,0.20960316061973572,0.49836266040802
cisplatin,21,-0.18635893598946546,CPFLOW/comparison_outputs/full44_imageft2_morphology_candidates/images/cisplatin/candidate_021_raw.png,CPFLOW/comparison_outputs/full44_imageft2_morphology_candidates/images/cisplatin/candidate_021_display.png,0.816070556640625,0.06470085680484772,0.9281332492828369,0.30518320202827454,0.3317244052886963,0.29346296191215515,0.14447255432605743,0.1983739137649536,0.19028928875923157,0.21022877097129822,0.505560040473938,0.8207569122314453,0.08110018074512482,0.9250893592834473,0.30039530992507935,0.30985575914382935,0.29118336737155914,0.13845974206924438,0.17539122700691223,0.19079476594924927,0.20960316061973572,0.49836266040802
cisplatin,22,-0.6081234250802173,CPFLOW/comparison_outputs/full44_imageft2_morphology_candidates/images/cisplatin/candidate_022_raw.png,CPFLOW/comparison_outputs/full44_imageft2_morphology_candidates/images/cisplatin/candidate_022_display.png,0.9063072204589844,0.08126688003540039,0.8986647725105286,0.3487359285354614,0.37530237436294556,0.41312888264656067,0.17622098326683044,0.17722566425800323,0.2074509859085083,0.19887128472328186,0.506476879119873,0.8207569122314453,0.08110018074512482,0.9250893592834473,0.30039530992507935,0.30985575914382935,0.29118336737155914,0.13845974206924438,0.17539122700691223,0.19079476594924927,0.20960316061973572,0.49836266040802
cisplatin,23,-0.36564559613874836,CPFLOW/comparison_outputs/full44_imageft2_morphology_candidates/images/cisplatin/candidate_023_raw.png,CPFLOW/comparison_outputs/full44_imageft2_morphology_candidates/images/cisplatin/candidate_023_display.png,0.79150390625,0.06525032222270966,0.9163373708724976,0.25893527269363403,0.3144230544567108,0.32141274213790894,0.18477295339107513,0.19277331233024597,0.21352572739124298,0.20449930429458618,0.5009987950325012,0.8207569122314453,0.08110018074512482,0.9250893592834473,0.30039530992507935,0.30985575914382935,0.29118336737155914,0.13845974206924438,0.17539122700691223,0.19079476594924927,0.20960316061973572,0.49836266040802
cisplatin,24,-0.575604741689066,CPFLOW/comparison_outputs/full44_imageft2_morphology_candidates/images/cisplatin/candidate_024_raw.png,CPFLOW/comparison_outputs/full44_imageft2_morphology_candidates/images/cisplatin/candidate_024_display.png,0.8963470458984375,0.06679873168468475,0.8983532190322876,0.3108522593975067,0.3662906885147095,0.3586269021034241,0.1899924874305725,0.17120246589183807,0.19319383800029755,0.2195577621459961,0.506229817867279,0.8207569122314453,0.08110018074512482,0.9250893592834473,0.30039530992507935,0.30985575914382935,0.29118336737155914,0.13845974206924438,0.17539122700691223,0.19079476594924927,0.20960316061973572,0.49836266040802
cisplatin,25,-0.5401198467448229,CPFLOW/comparison_outputs/full44_imageft2_morphology_candidates/images/cisplatin/candidate_025_raw.png,CPFLOW/comparison_outputs/full44_imageft2_morphology_candidates/images/cisplatin/candidate_025_display.png,0.8872184753417969,0.07435713708400726,0.9253096580505371,0.35017862915992737,0.39187249541282654,0.37448301911354065,0.17007459700107574,0.18493598699569702,0.20523826777935028,0.21562324464321136,0.5059101581573486,0.8207569122314453,0.08110018074512482,0.9250893592834473,0.30039530992507935,0.30985575914382935,0.29118336737155914,0.13845974206924438,0.17539122700691223,0.19079476594924927,0.20960316061973572,0.49836266040802
cisplatin,26,-2.3355417463069625,CPFLOW/comparison_outputs/full44_imageft2_morphology_candidates/images/cisplatin/candidate_026_raw.png,CPFLOW/comparison_outputs/full44_imageft2_morphology_candidates/images/cisplatin/candidate_026_display.png,0.3323860168457031,0.049284592270851135,0.9080365896224976,0.13933289051055908,0.1423473060131073,0.15600904822349548,0.09923450648784637,0.18417967855930328,0.2125517725944519,0.14214248955249786,0.5089206099510193,0.8207569122314453,0.08110018074512482,0.9250893592834473,0.30039530992507935,0.30985575914382935,0.29118336737155914,0.13845974206924438,0.17539122700691223,0.19079476594924927,0.20960316061973572,0.49836266040802
cisplatin,27,-0.4499748266143611,CPFLOW/comparison_outputs/full44_imageft2_morphology_candidates/images/cisplatin/candidate_027_raw.png,CPFLOW/comparison_outputs/full44_imageft2_morphology_candidates/images/cisplatin/candidate_027_display.png,0.9162178039550781,0.07842579483985901,0.9047247767448425,0.34914103150367737,0.3194464147090912,0.3440147340297699,0.1336337924003601,0.16222956776618958,0.1922549158334732,0.21045853197574615,0.504299521446228,0.8207569122314453,0.08110018074512482,0.9250893592834473,0.30039530992507935,0.30985575914382935,0.29118336737155914,0.13845974206924438,0.17539122700691223,0.19079476594924927,0.20960316061973572,0.49836266040802
cisplatin,28,-0.522437399988679,CPFLOW/comparison_outputs/full44_imageft2_morphology_candidates/images/cisplatin/candidate_028_raw.png,CPFLOW/comparison_outputs/full44_imageft2_morphology_candidates/images/cisplatin/candidate_028_display.png,0.9050102233886719,0.07222537696361542,0.8960102796554565,0.33755484223365784,0.35222744941711426,0.35191208124160767,0.16087359189987183,0.1705062836408615,0.1886015087366104,0.21411988139152527,0.5039088129997253,0.8207569122314453,0.08110018074512482,0.9250893592834473,0.30039530992507935,0.30985575914382935,0.29118336737155914,0.13845974206924438,0.17539122700691223,0.19079476594924927,0.20960316061973572,0.49836266040802
cisplatin,29,-3.6065004783175985,CPFLOW/comparison_outputs/full44_imageft2_morphology_candidates/images/cisplatin/candidate_029_raw.png,CPFLOW/comparison_outputs/full44_imageft2_morphology_candidates/images/cisplatin/candidate_029_display.png,0.9228019714355469,0.06356821954250336,0.8538356423377991,0.2978008985519409,0.2951662540435791,0.3287811875343323,0.14845222234725952,0.1413346379995346,0.1740899533033371,0.1964229941368103,0.5096646547317505,0.8207569122314453,0.08110018074512482,0.9250893592834473,0.30039530992507935,0.30985575914382935,0.29118336737155914,0.13845974206924438,0.17539122700691223,0.19079476594924927,0.20960316061973572,0.49836266040802
cisplatin,30,-0.25488809119284095,CPFLOW/comparison_outputs/full44_imageft2_morphology_candidates/images/cisplatin/candidate_030_raw.png,CPFLOW/comparison_outputs/full44_imageft2_morphology_candidates/images/cisplatin/candidate_030_display.png,0.8311309814453125,0.0751156210899353,0.902449369430542,0.2972055673599243,0.3561099171638489,0.32981327176094055,0.1740378737449646,0.19078081846237183,0.20367534458637238,0.21020866930484772,0.5103583931922913,0.8207569122314453,0.08110018074512482,0.9250893592834473,0.30039530992507935,0.30985575914382935,0.29118336737155914,0.13845974206924438,0.17539122700691223,0.19079476594924927,0.20960316061973572,0.49836266040802
cisplatin,31,-3.695659508183753,CPFLOW/comparison_outputs/full44_imageft2_morphology_candidates/images/cisplatin/candidate_031_raw.png,CPFLOW/comparison_outputs/full44_imageft2_morphology_candidates/images/cisplatin/candidate_031_display.png,0.9497261047363281,0.07412280142307281,0.8098477125167847,0.3630790710449219,0.32659944891929626,0.36131250858306885,0.13795165717601776,0.1624424159526825,0.18564996123313904,0.2040291428565979,0.5100324153900146,0.8207569122314453,0.08110018074512482,0.9250893592834473,0.30039530992507935,0.30985575914382935,0.29118336737155914,0.13845974206924438,0.17539122700691223,0.19079476594924927,0.20960316061973572,0.49836266040802
docetaxel,0,-1.8224474524711491,CPFLOW/comparison_outputs/full44_imageft2_morphology_candidates/images/docetaxel/candidate_000_raw.png,CPFLOW/comparison_outputs/full44_imageft2_morphology_candidates/images/docetaxel/candidate_000_display.png,0.18137741088867188,0.03947344049811363,0.8983003497123718,0.0806930884718895,0.08183719962835312,0.07584051787853241,0.07516059279441833,0.1552867740392685,0.15129980444908142,0.12248891592025757,0.4979916214942932,0.5685272216796875,0.05680484510958195,0.9179916977882385,0.1834486573934555,0.20484495908021927,0.17664073407649994,0.10464950650930405,0.18618924915790558,0.18029602617025375,0.17270255088806152,0.4964199960231781
docetaxel,1,-1.830093950818329,CPFLOW/comparison_outputs/full44_imageft2_morphology_candidates/images/docetaxel/candidate_001_raw.png,CPFLOW/comparison_outputs/full44_imageft2_morphology_candidates/images/docetaxel/candidate_001_display.png,0.216033935546875,0.03617832809686661,0.8681682348251343,0.10568934679031372,0.08148545771837234,0.04094451293349266,0.07694532722234726,0.16451787948608398,0.12583956122398376,0.1047639399766922,0.5155845284461975,0.5685272216796875,0.05680484510958195,0.9179916977882385,0.1834486573934555,0.20484495908021927,0.17664073407649994,0.10464950650930405,0.18618924915790558,0.18029602617025375,0.17270255088806152,0.4964199960231781
docetaxel,2,-2.320148458629854,CPFLOW/comparison_outputs/full44_imageft2_morphology_candidates/images/docetaxel/candidate_002_raw.png,CPFLOW/comparison_outputs/full44_imageft2_morphology_candidates/images/docetaxel/candidate_002_display.png,0.1191864013671875,0.027155185118317604,0.877593457698822,0.09290330111980438,0.05765746533870697,0.0349414199590683,0.07713409513235092,0.1395600289106369,0.12915495038032532,0.10096877813339233,0.46138468384742737,0.5685272216796875,0.05680484510958195,0.9179916977882385,0.1834486573934555,0.20484495908021927,0.17664073407649994,0.10464950650930405,0.18618924915790558,0.18029602617025375,0.17270255088806152,0.4964199960231781
docetaxel,3,-1.3922896505256344,CPFLOW/comparison_outputs/full44_imageft2_morphology_candidates/images/docetaxel/candidate_003_raw.png,CPFLOW/comparison_outputs/full44_imageft2_morphology_candidates/images/docetaxel/candidate_003_display.png,0.28035736083984375,0.040234699845314026,0.858589231967926,0.12716889381408691,0.1299353986978531,0.09800299257040024,0.12103550136089325,0.1866285800933838,0.14909473061561584,0.12025801092386246,0.5057259202003479,0.5685272216796875,0.05680484510958195,0.9179916977882385,0.1834486573934555,0.20484495908021927,0.17664073407649994,0.10464950650930405,0.18618924915790558,0.18029602617025375,0.17270255088806152,0.4964199960231781
docetaxel,4,-0.267048770431946,CPFLOW/comparison_outputs/full44_imageft2_morphology_candidates/images/docetaxel/candidate_004_raw.png,CPFLOW/comparison_outputs/full44_imageft2_morphology_candidates/images/docetaxel/candidate_004_display.png,0.5263671875,0.052244625985622406,0.9354263544082642,0.1808050125837326,0.19090992212295532,0.16884008049964905,0.08609282225370407,0.19550518691539764,0.20031307637691498,0.15302971005439758,0.49922195076942444,0.5685272216796875,0.05680484510958195,0.9179916977882385,0.1834486573934555,0.20484495908021927,0.17664073407649994,0.10464950650930405,0.18618924915790558,0.18029602617025375,0.17270255088806152,0.4964199960231781
docetaxel,5,-1.0778266877316454,CPFLOW/comparison_outputs/full44_imageft2_morphology_candidates/images/docetaxel/candidate_005_raw.png,CPFLOW/comparison_outputs/full44_imageft2_morphology_candidates/images/docetaxel/candidate_005_display.png,0.7706146240234375,0.06757435947656631,0.9199984073638916,0.2580018937587738,0.311117023229599,0.2846619784832001,0.13261815905570984,0.20069539546966553,0.20825529098510742,0.16830013692378998,0.49114716053009033,0.5685272216796875,0.05680484510958195,0.9179916977882385,0.1834486573934555,0.20484495908021927,0.17664073407649994,0.10464950650930405,0.18618924915790558,0.18029602617025375,0.17270255088806152,0.4964199960231781
docetaxel,6,-1.092238106046885,CPFLOW/comparison_outputs/full44_imageft2_morphology_candidates/images/docetaxel/candidate_006_raw.png,CPFLOW/comparison_outputs/full44_imageft2_morphology_candidates/images/docetaxel/candidate_006_display.png,0.3656349182128906,0.04583045840263367,0.8969554901123047,0.12344449758529663,0.11509570479393005,0.08573594689369202,0.0770735964179039,0.164645716547966,0.15736393630504608,0.12930989265441895,0.5076248049736023,0.5685272216796875,0.05680484510958195,0.9179916977882385,0.1834486573934555,0.20484495908021927,0.17664073407649994,0.10464950650930405,0.18618924915790558,0.18029602617025375,0.17270255088806152,0.4964199960231781
docetaxel,7,-0.708960059391019,CPFLOW/comparison_outputs/full44_imageft2_morphology_candidates/images/docetaxel/candidate_007_raw.png,CPFLOW/comparison_outputs/full44_imageft2_morphology_candidates/images/docetaxel/candidate_007_display.png,0.74835205078125,0.057391345500946045,0.8868986964225769,0.20388861000537872,0.2241269052028656,0.2224682718515396,0.12008803337812424,0.16981884837150574,0.1818021535873413,0.1527584344148636,0.4976082146167755,0.5685272216796875,0.05680484510958195,0.9179916977882385,0.1834486573934555,0.20484495908021927,0.17664073407649994,0.10464950650930405,0.18618924915790558,0.18029602617025375,0.17270255088806152,0.4964199960231781
docetaxel,8,-2.5448232161496107,CPFLOW/comparison_outputs/full44_imageft2_morphology_candidates/images/docetaxel/candidate_008_raw.png,CPFLOW/comparison_outputs/full44_imageft2_morphology_candidates/images/docetaxel/candidate_008_display.png,0.0903472900390625,0.025075681507587433,0.869024932384491,0.06983231753110886,0.035902317613363266,0.02702418901026249,0.06418104469776154,0.12019241601228714,0.1179044246673584,0.1003575548529625,0.49181944131851196,0.5685272216796875,0.05680484510958195,0.9179916977882385,0.1834486573934555,0.20484495908021927,0.17664073407649994,0.10464950650930405,0.18618924915790558,0.18029602617025375,0.17270255088806152,0.4964199960231781
docetaxel,9,-1.5872007213102768,CPFLOW/comparison_outputs/full44_imageft2_morphology_candidates/images/docetaxel/candidate_009_raw.png,CPFLOW/comparison_outputs/full44_imageft2_morphology_candidates/images/docetaxel/candidate_009_display.png,0.24489212036132812,0.03899567201733589,0.8727124333381653,0.10131602734327316,0.09840182960033417,0.07616975158452988,0.10098529607057571,0.15392905473709106,0.1515476554632187,0.12860020995140076,0.49780261516571045,0.5685272216796875,0.05680484510958195,0.9179916977882385,0.1834486573934555,0.20484495908021927,0.17664073407649994,0.10464950650930405,0.18618924915790558,0.18029602617025375,0.17270255088806152,0.4964199960231781
docetaxel,10,-2.317733093758165,CPFLOW/comparison_outputs/full44_imageft2_morphology_candidates/images/docetaxel/candidate_010_raw.png,CPFLOW/comparison_outputs/full44_imageft2_morphology_candidates/images/docetaxel/candidate_010_display.png,0.112396240234375,0.027566734701395035,0.8707815408706665,0.07902977615594864,0.06740613281726837,0.049981940537691116,0.07299195230007172,0.14760906994342804,0.1345231831073761,0.0976041629910469,0.46908462047576904,0.5685272216796875,0.05680484510958195,0.9179916977882385,0.1834486573934555,0.20484495908021927,0.17664073407649994,0.10464950650930405,0.18618924915790558,0.18029602617025375,0.17270255088806152,0.4964199960231781
docetaxel,11,-0.8684101111204663,CPFLOW/comparison_outputs/full44_imageft2_morphology_candidates/images/docetaxel/candidate_011_raw.png,CPFLOW/comparison_outputs/full44_imageft2_morphology_candidates/images/docetaxel/candidate_011_display.png,0.38861083984375,0.04869142919778824,0.9379314184188843,0.1361905038356781,0.15038807690143585,0.11433807015419006,0.08234982192516327,0.19813315570354462,0.18572771549224854,0.14584459364414215,0.4976844787597656,0.5685272216796875,0.05680484510958195,0.9179916977882385,0.1834486573934555,0.20484495908021927,0.17664073407649994,0.10464950650930405,0.18618924915790558,0.18029602617025375,0.17270255088806152,0.4964199960231781
docetaxel,12,-2.398590039534587,CPFLOW/comparison_outputs/full44_imageft2_morphology_candidates/images/docetaxel/candidate_012_raw.png,CPFLOW/comparison_outputs/full44_imageft2_morphology_candidates/images/docetaxel/candidate_012_display.png,0.11627578735351562,0.023371726274490356,0.8623119592666626,0.06723909080028534,0.06519065797328949,0.05797872319817543,0.07026336342096329,0.14189091324806213,0.13618698716163635,0.10535958409309387,0.501634955406189,0.5685272216796875,0.05680484510958195,0.9179916977882385,0.1834486573934555,0.20484495908021927,0.17664073407649994,0.10464950650930405,0.18618924915790558,0.18029602617025375,0.17270255088806152,0.4964199960231781
docetaxel,13,-0.36276007155083734,CPFLOW/comparison_outputs/full44_imageft2_morphology_candidates/images/docetaxel/candidate_013_raw.png,CPFLOW/comparison_outputs/full44_imageft2_morphology_candidates/images/docetaxel/candidate_013_display.png,0.5061759948730469,0.05291852355003357,0.898554265499115,0.15639427304267883,0.19101253151893616,0.15719616413116455,0.1375761181116104,0.19409634172916412,0.1895502507686615,0.15611284971237183,0.49973124265670776,0.5685272216796875,0.05680484510958195,0.9179916977882385,0.1834486573934555,0.20484495908021927,0.17664073407649994,0.10464950650930405,0.18618924915790558,0.18029602617025375,0.17270255088806152,0.4964199960231781
docetaxel,14,-1.9465510568504965,CPFLOW/comparison_outputs/full44_imageft2_morphology_candidates/images/docetaxel/candidate_014_raw.png,CPFLOW/comparison_outputs/full44_imageft2_morphology_candidates/images/docetaxel/candidate_014_display.png,0.18651580810546875,0.029940560460090637,0.8774656057357788,0.10001634806394577,0.0906866043806076,0.05573081970214844,0.0899478942155838,0.16436395049095154,0.14335347712039948,0.11516515165567398,0.5071113705635071,0.5685272216796875,0.05680484510958195,0.9179916977882385,0.1834486573934555,0.20484495908021927,0.17664073407649994,0.10464950650930405,0.18618924915790558,0.18029602617025375,0.17270255088806152,0.4964199960231781
docetaxel,15,-0.3266031658127635,CPFLOW/comparison_outputs/full44_imageft2_morphology_candidates/images/docetaxel/candidate_015_raw.png,CPFLOW/comparison_outputs/full44_imageft2_morphology_candidates/images/docetaxel/candidate_015_display.png,0.6304740905761719,0.05495798587799072,0.9328209161758423,0.20606283843517303,0.2274893820285797,0.20264515280723572,0.11811748892068863,0.19308117032051086,0.2012915313243866,0.17240063846111298,0.5106954574584961,0.5685272216796875,0.05680484510958195,0.9179916977882385,0.1834486573934555,0.20484495908021927,0.17664073407649994,0.10464950650930405,0.18618924915790558,0.18029602617025375,0.17270255088806152,0.4964199960231781
docetaxel,16,-2.676028114229897,CPFLOW/comparison_outputs/full44_imageft2_morphology_candidates/images/docetaxel/candidate_016_raw.png,CPFLOW/comparison_outputs/full44_imageft2_morphology_candidates/images/docetaxel/candidate_016_display.png,0.07426834106445312,0.023277834057807922,0.8951160311698914,0.04210212454199791,0.036389436572790146,0.025012031197547913,0.029899880290031433,0.1228388175368309,0.11738191545009613,0.09610385447740555,0.47726768255233765,0.5685272216796875,0.05680484510958195,0.9179916977882385,0.1834486573934555,0.20484495908021927,0.17664073407649994,0.10464950650930405,0.18618924915790558,0.18029602617025375,0.17270255088806152,0.4964199960231781
docetaxel,17,-2.1570486471508947,CPFLOW/comparison_outputs/full44_imageft2_morphology_candidates/images/docetaxel/candidate_017_raw.png,CPFLOW/comparison_outputs/full44_imageft2_morphology_candidates/images/docetaxel/candidate_017_display.png,0.15320587158203125,0.029029591009020805,0.8945065140724182,0.0722033828496933,0.06842366605997086,0.05060070753097534,0.059011105448007584,0.1477266103029251,0.141343891620636,0.11023332923650742,0.5081354975700378,0.5685272216796875,0.05680484510958195,0.9179916977882385,0.1834486573934555,0.20484495908021927,0.17664073407649994,0.10464950650930405,0.18618924915790558,0.18029602617025375,0.17270255088806152,0.4964199960231781
docetaxel,18,-0.24153970848637668,CPFLOW/comparison_outputs/full44_imageft2_morphology_candidates/images/docetaxel/candidate_018_raw.png,CPFLOW/comparison_outputs/full44_imageft2_morphology_candidates/images/docetaxel/candidate_018_display.png,0.5697021484375,0.0510367825627327,0.8525859713554382,0.15128161013126373,0.18980461359024048,0.15442390739917755,0.1282528191804886,0.17196746170520782,0.16705037653446198,0.1524873971939087,0.4969131350517273,0.5685272216796875,0.05680484510958195,0.9179916977882385,0.1834486573934555,0.20484495908021927,0.17664073407649994,0.10464950650930405,0.18618924915790558,0.18029602617025375,0.17270255088806152,0.4964199960231781
docetaxel,19,-0.8754231752208845,CPFLOW/comparison_outputs/full44_imageft2_morphology_candidates/images/docetaxel/candidate_019_raw.png,CPFLOW/comparison_outputs/full44_imageft2_morphology_candidates/images/docetaxel/candidate_019_display.png,0.394744873046875,0.0460365004837513,0.8743594884872437,0.13042323291301727,0.15757520496845245,0.11293350905179977,0.10635985434055328,0.1881379634141922,0.1646096110343933,0.1383049637079239,0.48295828700065613,0.5685272216796875,0.05680484510958195,0.9179916977882385,0.1834486573934555,0.20484495908021927,0.17664073407649994,0.10464950650930405,0.18618924915790558,0.18029602617025375,0.17270255088806152,0.4964199960231781
docetaxel,20,-1.3468186891315148,CPFLOW/comparison_outputs/full44_imageft2_morphology_candidates/images/docetaxel/candidate_020_raw.png,CPFLOW/comparison_outputs/full44_imageft2_morphology_candidates/images/docetaxel/candidate_020_display.png,0.2853813171386719,0.04215865582227707,0.9086205959320068,0.12037217617034912,0.1090829148888588,0.08026354014873505,0.08501515537500381,0.1835344433784485,0.16880802810192108,0.13513821363449097,0.499222069978714,0.5685272216796875,0.05680484510958195,0.9179916977882385,0.1834486573934555,0.20484495908021927,0.17664073407649994,0.10464950650930405,0.18618924915790558,0.18029602617025375,0.17270255088806152,0.4964199960231781
docetaxel,21,-0.992423498695518,CPFLOW/comparison_outputs/full44_imageft2_morphology_candidates/images/docetaxel/candidate_021_raw.png,CPFLOW/comparison_outputs/full44_imageft2_morphology_candidates/images/docetaxel/candidate_021_display.png,0.3731727600097656,0.044065143913030624,0.8889617919921875,0.11498317122459412,0.1316194087266922,0.11557178199291229,0.10498305410146713,0.16780544817447662,0.16810499131679535,0.14638443291187286,0.48028087615966797,0.5685272216796875,0.05680484510958195,0.9179916977882385,0.1834486573934555,0.20484495908021927,0.17664073407649994,0.10464950650930405,0.18618924915790558,0.18029602617025375,0.17270255088806152,0.4964199960231781
docetaxel,22,-2.575509620832199,CPFLOW/comparison_outputs/full44_imageft2_morphology_candidates/images/docetaxel/candidate_022_raw.png,CPFLOW/comparison_outputs/full44_imageft2_morphology_candidates/images/docetaxel/candidate_022_display.png,0.08941650390625,0.02423333376646042,0.9002952575683594,0.05243072658777237,0.03999601677060127,0.023072289302945137,0.039476729929447174,0.13908885419368744,0.11211366206407547,0.09806714206933975,0.4891248345375061,0.5685272216796875,0.05680484510958195,0.9179916977882385,0.1834486573934555,0.20484495908021927,0.17664073407649994,0.10464950650930405,0.18618924915790558,0.18029602617025375,0.17270255088806152,0.4964199960231781
docetaxel,23,-1.0783447582504484,CPFLOW/comparison_outputs/full44_imageft2_morphology_candidates/images/docetaxel/candidate_023_raw.png,CPFLOW/comparison_outputs/full44_imageft2_morphology_candidates/images/docetaxel/candidate_023_display.png,0.3610267639160156,0.03980899602174759,0.896972119808197,0.1118522435426712,0.1392587125301361,0.11770197749137878,0.09924589097499847,0.18114019930362701,0.15447688102722168,0.13490918278694153,0.4833484888076782,0.5685272216796875,0.05680484510958195,0.9179916977882385,0.1834486573934555,0.20484495908021927,0.17664073407649994,0.10464950650930405,0.18618924915790558,0.18029602617025375,0.17270255088806152,0.4964199960231781
docetaxel,24,-1.528812251356233,CPFLOW/comparison_outputs/full44_imageft2_morphology_candidates/images/docetaxel/candidate_024_raw.png,CPFLOW/comparison_outputs/full44_imageft2_morphology_candidates/images/docetaxel/candidate_024_display.png,0.2569084167480469,0.041449062526226044,0.9210520386695862,0.0927419438958168,0.09163118898868561,0.07655981928110123,0.06298291683197021,0.16456300020217896,0.16377513110637665,0.1317044347524643,0.49078986048698425,0.5685272216796875,0.05680484510958195,0.9179916977882385,0.1834486573934555,0.20484495908021927,0.17664073407649994,0.10464950650930405,0.18618924915790558,0.18029602617025375,0.17270255088806152,0.4964199960231781
docetaxel,25,-1.1455727897108392,CPFLOW/comparison_outputs/full44_imageft2_morphology_candidates/images/docetaxel/candidate_025_raw.png,CPFLOW/comparison_outputs/full44_imageft2_morphology_candidates/images/docetaxel/candidate_025_display.png,0.3433570861816406,0.04377318546175957,0.8925583958625793,0.10781525820493698,0.12830927968025208,0.1019468605518341,0.07583534717559814,0.175958514213562,0.16743136942386627,0.13458698987960815,0.5047035813331604,0.5685272216796875,0.05680484510958195,0.9179916977882385,0.1834486573934555,0.20484495908021927,0.17664073407649994,0.10464950650930405,0.18618924915790558,0.18029602617025375,0.17270255088806152,0.4964199960231781
docetaxel,26,-0.14470701419568904,CPFLOW/comparison_outputs/full44_imageft2_morphology_candidates/images/docetaxel/candidate_026_raw.png,CPFLOW/comparison_outputs/full44_imageft2_morphology_candidates/images/docetaxel/candidate_026_display.png,0.551727294921875,0.06044706702232361,0.9256426692008972,0.18997585773468018,0.1991671621799469,0.16598087549209595,0.10978084057569504,0.20033302903175354,0.1953844279050827,0.16459545493125916,0.509620189666748,0.5685272216796875,0.05680484510958195,0.9179916977882385,0.1834486573934555,0.20484495908021927,0.17664073407649994,0.10464950650930405,0.18618924915790558,0.18029602617025375,0.17270255088806152,0.4964199960231781
docetaxel,27,-2.010653011749253,CPFLOW/comparison_outputs/full44_imageft2_morphology_candidates/images/docetaxel/candidate_027_raw.png,CPFLOW/comparison_outputs/full44_imageft2_morphology_candidates/images/docetaxel/candidate_027_display.png,0.17864990234375,0.03191245347261429,0.9270033240318298,0.07301514595746994,0.06805526465177536,0.05100464075803757,0.05008971318602562,0.16088448464870453,0.15049509704113007,0.11814996600151062,0.47167807817459106,0.5685272216796875,0.05680484510958195,0.9179916977882385,0.1834486573934555,0.20484495908021927,0.17664073407649994,0.10464950650930405,0.18618924915790558,0.18029602617025375,0.17270255088806152,0.4964199960231781
docetaxel,28,-2.4524741271853108,CPFLOW/comparison_outputs/full44_imageft2_morphology_candidates/images/docetaxel/candidate_028_raw.png,CPFLOW/comparison_outputs/full44_imageft2_morphology_candidates/images/docetaxel/candidate_028_display.png,0.04747772216796875,0.04083827883005142,0.8203685879707336,0.08864342421293259,0.05061427876353264,0.02120981737971306,0.09063106775283813,0.10896944999694824,0.09122796356678009,0.07905152440071106,0.4791961908340454,0.5685272216796875,0.05680484510958195,0.9179916977882385,0.1834486573934555,0.20484495908021927,0.17664073407649994,0.10464950650930405,0.18618924915790558,0.18029602617025375,0.17270255088806152,0.4964199960231781
docetaxel,29,-2.0709275404466116,CPFLOW/comparison_outputs/full44_imageft2_morphology_candidates/images/docetaxel/candidate_029_raw.png,CPFLOW/comparison_outputs/full44_imageft2_morphology_candidates/images/docetaxel/candidate_029_display.png,0.15590667724609375,0.03133546561002731,0.8642685413360596,0.09122032672166824,0.08638276904821396,0.052403125911951065,0.08840801566839218,0.15432050824165344,0.127632737159729,0.10276196897029877,0.49463319778442383,0.5685272216796875,0.05680484510958195,0.9179916977882385,0.1834486573934555,0.20484495908021927,0.17664073407649994,0.10464950650930405,0.18618924915790558,0.18029602617025375,0.17270255088806152,0.4964199960231781
docetaxel,30,-1.596572074221087,CPFLOW/comparison_outputs/full44_imageft2_morphology_candidates/images/docetaxel/candidate_030_raw.png,CPFLOW/comparison_outputs/full44_imageft2_morphology_candidates/images/docetaxel/candidate_030_display.png,0.24405288696289062,0.03675972670316696,0.8928920030593872,0.09198667109012604,0.10363421589136124,0.09079442918300629,0.08137775957584381,0.16611835360527039,0.16640380024909973,0.12111283093690872,0.5208982229232788,0.5685272216796875,0.05680484510958195,0.9179916977882385,0.1834486573934555,0.20484495908021927,0.17664073407649994,0.10464950650930405,0.18618924915790558,0.18029602617025375,0.17270255088806152,0.4964199960231781
docetaxel,31,-0.255337975500875,CPFLOW/comparison_outputs/full44_imageft2_morphology_candidates/images/docetaxel/candidate_031_raw.png,CPFLOW/comparison_outputs/full44_imageft2_morphology_candidates/images/docetaxel/candidate_031_display.png,0.6026344299316406,0.05168396234512329,0.8906393051147461,0.17053650319576263,0.21538770198822021,0.15953035652637482,0.11368945986032486,0.19278746843338013,0.16591091454029083,0.15150420367717743,0.5019721388816833,0.5685272216796875,0.05680484510958195,0.9179916977882385,0.1834486573934555,0.20484495908021927,0.17664073407649994,0.10464950650930405,0.18618924915790558,0.18029602617025375,0.17270255088806152,0.4964199960231781
simvastatin,0,-1.2513555116629678,CPFLOW/comparison_outputs/full44_imageft2_morphology_candidates/images/simvastatin/candidate_000_raw.png,CPFLOW/comparison_outputs/full44_imageft2_morphology_candidates/images/simvastatin/candidate_000_display.png,0.4713172912597656,0.061861567199230194,0.9259030818939209,0.18267379701137543,0.200936421751976,0.18160562217235565,0.1136944442987442,0.20869287848472595,0.1970137357711792,0.1746753454208374,0.5057485699653625,0.22054100036621094,0.04675043746829033,0.9216207563877106,0.11032494530081749,0.11051733791828156,0.1039414033293724,0.07664768025279045,0.1927465721964836,0.1750379204750061,0.13897094130516052,0.49963414669036865
simvastatin,1,-0.2828508349097243,CPFLOW/comparison_outputs/full44_imageft2_morphology_candidates/images/simvastatin/candidate_001_raw.png,CPFLOW/comparison_outputs/full44_imageft2_morphology_candidates/images/simvastatin/candidate_001_display.png,0.24805450439453125,0.046975553035736084,0.8609843850135803,0.13948874175548553,0.12007568031549454,0.12597784399986267,0.12053076922893524,0.17485953867435455,0.1999843269586563,0.13108211755752563,0.49816280603408813,0.22054100036621094,0.04675043746829033,0.9216207563877106,0.11032494530081749,0.11051733791828156,0.1039414033293724,0.07664768025279045,0.1927465721964836,0.1750379204750061,0.13897094130516052,0.49963414669036865
simvastatin,2,-0.5697696919677937,CPFLOW/comparison_outputs/full44_imageft2_morphology_candidates/images/simvastatin/candidate_002_raw.png,CPFLOW/comparison_outputs/full44_imageft2_morphology_candidates/images/simvastatin/candidate_002_display.png,0.3323516845703125,0.05212279409170151,0.925674557685852,0.13878729939460754,0.16200925409793854,0.13472843170166016,0.10174275934696198,0.20815281569957733,0.18802966177463531,0.14642611145973206,0.4960905909538269,0.22054100036621094,0.04675043746829033,0.9216207563877106,0.11032494530081749,0.11051733791828156,0.1039414033293724,0.07664768025279045,0.1927465721964836,0.1750379204750061,0.13897094130516052,0.49963414669036865
simvastatin,3,-0.71518733882036,CPFLOW/comparison_outputs/full44_imageft2_morphology_candidates/images/simvastatin/candidate_003_raw.png,CPFLOW/comparison_outputs/full44_imageft2_morphology_candidates/images/simvastatin/candidate_003_display.png,0.3668098449707031,0.04070623591542244,0.9282324910163879,0.13781535625457764,0.16767388582229614,0.14666619896888733,0.09863286465406418,0.20893001556396484,0.18990866839885712,0.15595589578151703,0.48585033416748047,0.22054100036621094,0.04675043746829033,0.9216207563877106,0.11032494530081749,0.11051733791828156,0.1039414033293724,0.07664768025279045,0.1927465721964836,0.1750379204750061,0.13897094130516052,0.49963414669036865
simvastatin,4,-0.8160508737757161,CPFLOW/comparison_outputs/full44_imageft2_morphology_candidates/images/simvastatin/candidate_004_raw.png,CPFLOW/comparison_outputs/full44_imageft2_morphology_candidates/images/simvastatin/candidate_004_display.png,0.4117164611816406,0.04899301379919052,0.8843210935592651,0.13736863434314728,0.15669947862625122,0.14903567731380463,0.10345052927732468,0.18028506636619568,0.18462103605270386,0.15398108959197998,0.49469467997550964,0.22054100036621094,0.04675043746829033,0.9216207563877106,0.11032494530081749,0.11051733791828156,0.1039414033293724,0.07664768025279045,0.1927465721964836,0.1750379204750061,0.13897094130516052,0.49963414669036865
simvastatin,5,-0.40410948075383024,CPFLOW/comparison_outputs/full44_imageft2_morphology_candidates/images/simvastatin/candidate_005_raw.png,CPFLOW/comparison_outputs/full44_imageft2_morphology_candidates/images/simvastatin/candidate_005_display.png,0.2970008850097656,0.04246470332145691,0.8854330778121948,0.12364290654659271,0.1367914378643036,0.10946990549564362,0.10612659156322479,0.19123396277427673,0.15809006989002228,0.13979849219322205,0.5003856420516968,0.22054100036621094,0.04675043746829033,0.9216207563877106,0.11032494530081749,0.11051733791828156,0.1039414033293724,0.07664768025279045,0.1927465721964836,0.1750379204750061,0.13897094130516052,0.49963414669036865
simvastatin,6,-0.7130562880845981,CPFLOW/comparison_outputs/full44_imageft2_morphology_candidates/images/simvastatin/candidate_006_raw.png,CPFLOW/comparison_outputs/full44_imageft2_morphology_candidates/images/simvastatin/candidate_006_display.png,0.3577117919921875,0.054509252309799194,0.9089634418487549,0.15517596900463104,0.14879785478115082,0.157198965549469,0.09971658140420914,0.20054563879966736,0.2099796086549759,0.15515324473381042,0.47578203678131104,0.22054100036621094,0.04675043746829033,0.9216207563877106,0.11032494530081749,0.11051733791828156,0.1039414033293724,0.07664768025279045,0.1927465721964836,0.1750379204750061,0.13897094130516052,0.49963414669036865
simvastatin,7,-1.202046103379557,CPFLOW/comparison_outputs/full44_imageft2_morphology_candidates/images/simvastatin/candidate_007_raw.png,CPFLOW/comparison_outputs/full44_imageft2_morphology_candidates/images/simvastatin/candidate_007_display.png,0.4654541015625,0.05787030607461929,0.9048784375190735,0.19269375503063202,0.17185154557228088,0.18941530585289001,0.12693670392036438,0.20191442966461182,0.21211513876914978,0.15675677359104156,0.4958069324493408,0.22054100036621094,0.04675043746829033,0.9216207563877106,0.11032494530081749,0.11051733791828156,0.1039414033293724,0.07664768025279045,0.1927465721964836,0.1750379204750061,0.13897094130516052,0.49963414669036865
simvastatin,8,-0.3943212555352086,CPFLOW/comparison_outputs/full44_imageft2_morphology_candidates/images/simvastatin/candidate_008_raw.png,CPFLOW/comparison_outputs/full44_imageft2_morphology_candidates/images/simvastatin/candidate_008_display.png,0.2632102966308594,0.03503047674894333,0.8731980323791504,0.11549065262079239,0.0876225158572197,0.11219949275255203,0.08153271675109863,0.16324464976787567,0.1641697883605957,0.1280784159898758,0.4898858964443207,0.22054100036621094,0.04675043746829033,0.9216207563877106,0.11032494530081749,0.11051733791828156,0.1039414033293724,0.07664768025279045,0.1927465721964836,0.1750379204750061,0.13897094130516052,0.49963414669036865
simvastatin,9,-0.3071082151719988,CPFLOW/comparison_outputs/full44_imageft2_morphology_candidates/images/simvastatin/candidate_009_raw.png,CPFLOW/comparison_outputs/full44_imageft2_morphology_candidates/images/simvastatin/candidate_009_display.png,0.2896995544433594,0.048968151211738586,0.9014660716056824,0.12359246611595154,0.11104302853345871,0.12441378831863403,0.08436992764472961,0.1792270690202713,0.18246029317378998,0.1398402750492096,0.5098951458930969,0.22054100036621094,0.04675043746829033,0.9216207563877106,0.11032494530081749,0.11051733791828156,0.1039414033293724,0.07664768025279045,0.1927465721964836,0.1750379204750061,0.13897094130516052,0.49963414669036865
simvastatin,10,-0.47915421800398705,CPFLOW/comparison_outputs/full44_imageft2_morphology_candidates/images/simvastatin/candidate_010_raw.png,CPFLOW/comparison_outputs/full44_imageft2_morphology_candidates/images/simvastatin/candidate_010_display.png,0.17934036254882812,0.033025965094566345,0.8504661917686462,0.11082256585359573,0.0963190570473671,0.09277153015136719,0.10869656503200531,0.1696045845746994,0.14687573909759521,0.11091133207082748,0.515596330165863,0.22054100036621094,0.04675043746829033,0.9216207563877106,0.11032494530081749,0.11051733791828156,0.1039414033293724,0.07664768025279045,0.1927465721964836,0.1750379204750061,0.13897094130516052,0.49963414669036865
simvastatin,11,-1.216069129467226,CPFLOW/comparison_outputs/full44_imageft2_morphology_candidates/images/simvastatin/candidate_011_raw.png,CPFLOW/comparison_outputs/full44_imageft2_morphology_candidates/images/simvastatin/candidate_011_display.png,0.4754142761230469,0.050907284021377563,0.890729546546936,0.17130716145038605,0.21406778693199158,0.18633046746253967,0.13155777752399445,0.22184860706329346,0.20304210484027863,0.1480797529220581,0.48538562655448914,0.22054100036621094,0.04675043746829033,0.9216207563877106,0.11032494530081749,0.11051733791828156,0.1039414033293724,0.07664768025279045,0.1927465721964836,0.1750379204750061,0.13897094130516052,0.49963414669036865
simvastatin,12,-0.2965782515836232,CPFLOW/comparison_outputs/full44_imageft2_morphology_candidates/images/simvastatin/candidate_012_raw.png,CPFLOW/comparison_outputs/full44_imageft2_morphology_candidates/images/simvastatin/candidate_012_display.png,0.25785064697265625,0.051449574530124664,0.9020767211914062,0.14418454468250275,0.08887235820293427,0.1178857609629631,0.09337490797042847,0.17392171919345856,0.19133716821670532,0.12942656874656677,0.4908541738986969,0.22054100036621094,0.04675043746829033,0.9216207563877106,0.11032494530081749,0.11051733791828156,0.1039414033293724,0.07664768025279045,0.1927465721964836,0.1750379204750061,0.13897094130516052,0.49963414669036865
simvastatin,13,-0.40178470040417125,CPFLOW/comparison_outputs/full44_imageft2_morphology_candidates/images/simvastatin/candidate_013_raw.png,CPFLOW/comparison_outputs/full44_imageft2_morphology_candidates/images/simvastatin/candidate_013_display.png,0.29282379150390625,0.04898666962981224,0.8831790685653687,0.13010847568511963,0.13753695785999298,0.1251785010099411,0.11133080720901489,0.19782568514347076,0.18263357877731323,0.12953609228134155,0.4995664656162262,0.22054100036621094,0.04675043746829033,0.9216207563877106,0.11032494530081749,0.11051733791828156,0.1039414033293724,0.07664768025279045,0.1927465721964836,0.1750379204750061,0.13897094130516052,0.49963414669036865
simvastatin,14,-0.5469852921245061,CPFLOW/comparison_outputs/full44_imageft2_morphology_candidates/images/simvastatin/candidate_014_raw.png,CPFLOW/comparison_outputs/full44_imageft2_morphology_candidates/images/simvastatin/candidate_014_display.png,0.3289794921875,0.0384267121553421,0.8832367062568665,0.13939978182315826,0.12234722822904587,0.12072489410638809,0.09348716586828232,0.18640099465847015,0.172197625041008,0.126566544175148,0.47044825553894043,0.22054100036621094,0.04675043746829033,0.9216207563877106,0.11032494530081749,0.11051733791828156,0.1039414033293724,0.07664768025279045,0.1927465721964836,0.1750379204750061,0.13897094130516052,0.49963414669036865
simvastatin,15,-0.2786634326358999,CPFLOW/comparison_outputs/full44_imageft2_morphology_candidates/images/simvastatin/candidate_015_raw.png,CPFLOW/comparison_outputs/full44_imageft2_morphology_candidates/images/simvastatin/candidate_015_display.png,0.24850845336914062,0.04226509854197502,0.9247413873672485,0.12397591769695282,0.13147087395191193,0.1342380791902542,0.10661645233631134,0.2010994702577591,0.21143324673175812,0.1419931948184967,0.49115389585494995,0.22054100036621094,0.04675043746829033,0.9216207563877106,0.11032494530081749,0.11051733791828156,0.1039414033293724,0.07664768025279045,0.1927465721964836,0.1750379204750061,0.13897094130516052,0.49963414669036865
simvastatin,16,-0.8996541155144193,CPFLOW/comparison_outputs/full44_imageft2_morphology_candidates/images/simvastatin/candidate_016_raw.png,CPFLOW/comparison_outputs/full44_imageft2_morphology_candidates/images/simvastatin/candidate_016_display.png,0.10416030883789062,0.028346091508865356,0.8336405754089355,0.08117970824241638,0.07400593161582947,0.06114276498556137,0.09030251204967499,0.1506890058517456,0.11763706058263779,0.10260660946369171,0.4728735089302063,0.22054100036621094,0.04675043746829033,0.9216207563877106,0.11032494530081749,0.11051733791828156,0.1039414033293724,0.07664768025279045,0.1927465721964836,0.1750379204750061,0.13897094130516052,0.49963414669036865
simvastatin,17,-0.6965559773879642,CPFLOW/comparison_outputs/full44_imageft2_morphology_candidates/images/simvastatin/candidate_017_raw.png,CPFLOW/comparison_outputs/full44_imageft2_morphology_candidates/images/simvastatin/candidate_017_display.png,0.35900115966796875,0.049625881016254425,0.9165046811103821,0.1480177640914917,0.15517987310886383,0.17658555507659912,0.10306920111179352,0.20010867714881897,0.22349438071250916,0.1468963623046875,0.49921849370002747,0.22054100036621094,0.04675043746829033,0.9216207563877106,0.11032494530081749,0.11051733791828156,0.1039414033293724,0.07664768025279045,0.1927465721964836,0.1750379204750061,0.13897094130516052,0.49963414669036865
simvastatin,18,-1.504959797250805,CPFLOW/comparison_outputs/full44_imageft2_morphology_candidates/images/simvastatin/candidate_018_raw.png,CPFLOW/comparison_outputs/full44_imageft2_morphology_candidates/images/simvastatin/candidate_018_display.png,0.5421562194824219,0.050692059099674225,0.8486325144767761,0.18338586390018463,0.2071957290172577,0.22511723637580872,0.1387168914079666,0.19341683387756348,0.21492044627666473,0.1654246598482132,0.4889725148677826,0.22054100036621094,0.04675043746829033,0.9216207563877106,0.11032494530081749,0.11051733791828156,0.1039414033293724,0.07664768025279045,0.1927465721964836,0.1750379204750061,0.13897094130516052,0.49963414669036865
simvastatin,19,-0.4853662619261836,CPFLOW/comparison_outputs/full44_imageft2_morphology_candidates/images/simvastatin/candidate_019_raw.png,CPFLOW/comparison_outputs/full44_imageft2_morphology_candidates/images/simvastatin/candidate_019_display.png,0.2772102355957031,0.035898998379707336,0.8842711448669434,0.13350965082645416,0.1384252905845642,0.12602563202381134,0.12671342492103577,0.19954685866832733,0.18865087628364563,0.13969168066978455,0.5117967128753662,0.22054100036621094,0.04675043746829033,0.9216207563877106,0.11032494530081749,0.11051733791828156,0.1039414033293724,0.07664768025279045,0.1927465721964836,0.1750379204750061,0.13897094130516052,0.49963414669036865
simvastatin,20,-0.5791950485673902,CPFLOW/comparison_outputs/full44_imageft2_morphology_candidates/images/simvastatin/candidate_020_raw.png,CPFLOW/comparison_outputs/full44_imageft2_morphology_candidates/images/simvastatin/candidate_020_display.png,0.32494354248046875,0.045601487159729004,0.9045739769935608,0.14621086418628693,0.1586528718471527,0.15091587603092194,0.12150883674621582,0.214530810713768,0.20166133344173431,0.15231119096279144,0.5074331760406494,0.22054100036621094,0.04675043746829033,0.9216207563877106,0.11032494530081749,0.11051733791828156,0.1039414033293724,0.07664768025279045,0.1927465721964836,0.1750379204750061,0.13897094130516052,0.49963414669036865
simvastatin,21,-0.30773331920182945,CPFLOW/comparison_outputs/full44_imageft2_morphology_candidates/images/simvastatin/candidate_021_raw.png,CPFLOW/comparison_outputs/full44_imageft2_morphology_candidates/images/simvastatin/candidate_021_display.png,0.23392868041992188,0.035356827080249786,0.8811377882957458,0.12635987997055054,0.12013512849807739,0.10428747534751892,0.10947602242231369,0.1807076334953308,0.16656963527202606,0.1147230789065361,0.5044616460800171,0.22054100036621094,0.04675043746829033,0.9216207563877106,0.11032494530081749,0.11051733791828156,0.1039414033293724,0.07664768025279045,0.1927465721964836,0.1750379204750061,0.13897094130516052,0.49963414669036865
simvastatin,22,-0.7073263270459004,CPFLOW/comparison_outputs/full44_imageft2_morphology_candidates/images/simvastatin/candidate_022_raw.png,CPFLOW/comparison_outputs/full44_imageft2_morphology_candidates/images/simvastatin/candidate_022_display.png,0.3767547607421875,0.04457278549671173,0.8837066292762756,0.1387930065393448,0.1577414870262146,0.1473947912454605,0.11399843543767929,0.1932641863822937,0.1732058823108673,0.14817069470882416,0.4946894347667694,0.22054100036621094,0.04675043746829033,0.9216207563877106,0.11032494530081749,0.11051733791828156,0.1039414033293724,0.07664768025279045,0.1927465721964836,0.1750379204750061,0.13897094130516052,0.49963414669036865
simvastatin,23,-0.7555990694025252,CPFLOW/comparison_outputs/full44_imageft2_morphology_candidates/images/simvastatin/candidate_023_raw.png,CPFLOW/comparison_outputs/full44_imageft2_morphology_candidates/images/simvastatin/candidate_023_display.png,0.3634223937988281,0.050140947103500366,0.9055487513542175,0.15675042569637299,0.17915070056915283,0.1559828370809555,0.1124221608042717,0.2222445160150528,0.20196832716464996,0.16000156104564667,0.4819119870662689,0.22054100036621094,0.04675043746829033,0.9216207563877106,0.11032494530081749,0.11051733791828156,0.1039414033293724,0.07664768025279045,0.1927465721964836,0.1750379204750061,0.13897094130516052,0.49963414669036865
simvastatin,24,-0.22473760183497327,CPFLOW/comparison_outputs/full44_imageft2_morphology_candidates/images/simvastatin/candidate_024_raw.png,CPFLOW/comparison_outputs/full44_imageft2_morphology_candidates/images/simvastatin/candidate_024_display.png,0.23271942138671875,0.041677966713905334,0.8549724221229553,0.11159000545740128,0.09683504700660706,0.08881251513957977,0.08327306807041168,0.18112727999687195,0.15644149482250214,0.1207415908575058,0.5147780776023865,0.22054100036621094,0.04675043746829033,0.9216207563877106,0.11032494530081749,0.11051733791828156,0.1039414033293724,0.07664768025279045,0.1927465721964836,0.1750379204750061,0.13897094130516052,0.49963414669036865
simvastatin,25,-0.33933819076886923,CPFLOW/comparison_outputs/full44_imageft2_morphology_candidates/images/simvastatin/candidate_025_raw.png,CPFLOW/comparison_outputs/full44_imageft2_morphology_candidates/images/simvastatin/candidate_025_display.png,0.2689552307128906,0.04991205781698227,0.8853664398193359,0.14679907262325287,0.12471388280391693,0.1274014264345169,0.10625381022691727,0.199530690908432,0.18800100684165955,0.12659142911434174,0.5001571774482727,0.22054100036621094,0.04675043746829033,0.9216207563877106,0.11032494530081749,0.11051733791828156,0.1039414033293724,0.07664768025279045,0.1927465721964836,0.1750379204750061,0.13897094130516052,0.49963414669036865
simvastatin,26,-0.8966513473621351,CPFLOW/comparison_outputs/full44_imageft2_morphology_candidates/images/simvastatin/candidate_026_raw.png,CPFLOW/comparison_outputs/full44_imageft2_morphology_candidates/images/simvastatin/candidate_026_display.png,0.40024566650390625,0.0456235408782959,0.9064953923225403,0.16362003982067108,0.1779075264930725,0.18768489360809326,0.11889950931072235,0.21039637923240662,0.2252117395401001,0.15475843846797943,0.5011861324310303,0.22054100036621094,0.04675043746829033,0.9216207563877106,0.11032494530081749,0.11051733791828156,0.1039414033293724,0.07664768025279045,0.1927465721964836,0.1750379204750061,0.13897094130516052,0.49963414669036865
simvastatin,27,-1.2553100431137794,CPFLOW/comparison_outputs/full44_imageft2_morphology_candidates/images/simvastatin/candidate_027_raw.png,CPFLOW/comparison_outputs/full44_imageft2_morphology_candidates/images/simvastatin/candidate_027_display.png,0.4821205139160156,0.052171602845191956,0.8718498945236206,0.17073559761047363,0.2043004035949707,0.18648795783519745,0.1338612586259842,0.21173743903636932,0.20160748064517975,0.1610216349363327,0.4942665994167328,0.22054100036621094,0.04675043746829033,0.9216207563877106,0.11032494530081749,0.11051733791828156,0.1039414033293724,0.07664768025279045,0.1927465721964836,0.1750379204750061,0.13897094130516052,0.49963414669036865
simvastatin,28,-0.2561572529385901,CPFLOW/comparison_outputs/full44_imageft2_morphology_candidates/images/simvastatin/candidate_028_raw.png,CPFLOW/comparison_outputs/full44_imageft2_morphology_candidates/images/simvastatin/candidate_028_display.png,0.21284103393554688,0.041339531540870667,0.8624618649482727,0.12735752761363983,0.10560327023267746,0.09943964332342148,0.13349594175815582,0.16878244280815125,0.17091508209705353,0.12266594171524048,0.4929566979408264,0.22054100036621094,0.04675043746829033,0.9216207563877106,0.11032494530081749,0.11051733791828156,0.1039414033293724,0.07664768025279045,0.1927465721964836,0.1750379204750061,0.13897094130516052,0.49963414669036865
simvastatin,29,-0.408209700507987,CPFLOW/comparison_outputs/full44_imageft2_morphology_candidates/images/simvastatin/candidate_029_raw.png,CPFLOW/comparison_outputs/full44_imageft2_morphology_candidates/images/simvastatin/candidate_029_display.png,0.18938827514648438,0.03260527178645134,0.8844884037971497,0.12270016223192215,0.11695320904254913,0.0911940485239029,0.11243387311697006,0.1973525434732437,0.15882909297943115,0.1183619424700737,0.5039985179901123,0.22054100036621094,0.04675043746829033,0.9216207563877106,0.11032494530081749,0.11051733791828156,0.1039414033293724,0.07664768025279045,0.1927465721964836,0.1750379204750061,0.13897094130516052,0.49963414669036865
simvastatin,30,-0.5352051163422066,CPFLOW/comparison_outputs/full44_imageft2_morphology_candidates/images/simvastatin/candidate_030_raw.png,CPFLOW/comparison_outputs/full44_imageft2_morphology_candidates/images/simvastatin/candidate_030_display.png,0.15038299560546875,0.032839469611644745,0.8957038521766663,0.09876257926225662,0.07926608622074127,0.08548790961503983,0.09370298683643341,0.16571614146232605,0.16249705851078033,0.12421553581953049,0.5164700746536255,0.22054100036621094,0.04675043746829033,0.9216207563877106,0.11032494530081749,0.11051733791828156,0.1039414033293724,0.07664768025279045,0.1927465721964836,0.1750379204750061,0.13897094130516052,0.49963414669036865
simvastatin,31,-0.4809387608983963,CPFLOW/comparison_outputs/full44_imageft2_morphology_candidates/images/simvastatin/candidate_031_raw.png,CPFLOW/comparison_outputs/full44_imageft2_morphology_candidates/images/simvastatin/candidate_031_display.png,0.2928810119628906,0.04460389167070389,0.8956921696662903,0.13730475306510925,0.1616927683353424,0.14193008840084076,0.1297684907913208,0.2148837447166443,0.18756088614463806,0.1433653086423874,0.502998948097229,0.22054100036621094,0.04675043746829033,0.9216207563877106,0.11032494530081749,0.11051733791828156,0.1039414033293724,0.07664768025279045,0.1927465721964836,0.1750379204750061,0.13897094130516052,0.49963414669036865
chlorambucil,0,-0.4124770565123202,CPFLOW/comparison_outputs/full44_imageft2_morphology_candidates/images/chlorambucil/candidate_000_raw.png,CPFLOW/comparison_outputs/full44_imageft2_morphology_candidates/images/chlorambucil/candidate_000_display.png,0.8829803466796875,0.05728687345981598,0.9167189002037048,0.2949710786342621,0.3139835596084595,0.3311917185783386,0.162587970495224,0.16094735264778137,0.18461838364601135,0.21104435622692108,0.5255189538002014,0.8269462585449219,0.07713748142123222,0.9130936563014984,0.30115465819835663,0.32138529419898987,0.3034306615591049,0.13718146085739136,0.1753024384379387,0.1912764310836792,0.21051578223705292,0.5015607476234436
chlorambucil,1,-3.5757757970969593,CPFLOW/comparison_outputs/full44_imageft2_morphology_candidates/images/chlorambucil/candidate_001_raw.png,CPFLOW/comparison_outputs/full44_imageft2_morphology_candidates/images/chlorambucil/candidate_001_display.png,0.931488037109375,0.05976066738367081,0.8382815718650818,0.3069227933883667,0.32002755999565125,0.3142969012260437,0.13282090425491333,0.14729608595371246,0.1662847399711609,0.1918601542711258,0.5023556351661682,0.8269462585449219,0.07713748142123222,0.9130936563014984,0.30115465819835663,0.32138529419898987,0.3034306615591049,0.13718146085739136,0.1753024384379387,0.1912764310836792,0.21051578223705292,0.5015607476234436
chlorambucil,2,-3.9959030304516396,CPFLOW/comparison_outputs/full44_imageft2_morphology_candidates/images/chlorambucil/candidate_002_raw.png,CPFLOW/comparison_outputs/full44_imageft2_morphology_candidates/images/chlorambucil/candidate_002_display.png,0.9497718811035156,0.04849589616060257,0.8197720050811768,0.35212618112564087,0.39411917328834534,0.40163660049438477,0.1858254373073578,0.15994396805763245,0.18699926137924194,0.2143508940935135,0.4932490587234497,0.8269462585449219,0.07713748142123222,0.9130936563014984,0.30115465819835663,0.32138529419898987,0.3034306615591049,0.13718146085739136,0.1753024384379387,0.1912764310836792,0.21051578223705292,0.5015607476234436
chlorambucil,3,-0.6487390377177515,CPFLOW/comparison_outputs/full44_imageft2_morphology_candidates/images/chlorambucil/candidate_003_raw.png,CPFLOW/comparison_outputs/full44_imageft2_morphology_candidates/images/chlorambucil/candidate_003_display.png,0.9073448181152344,0.05445835366845131,0.8955923318862915,0.3226005733013153,0.36849528551101685,0.36540520191192627,0.18282516300678253,0.1648818999528885,0.18443070352077484,0.21700477600097656,0.5155739188194275,0.8269462585449219,0.07713748142123222,0.9130936563014984,0.30115465819835663,0.32138529419898987,0.3034306615591049,0.13718146085739136,0.1753024384379387,0.1912764310836792,0.21051578223705292,0.5015607476234436
chlorambucil,4,-0.24019661392621652,CPFLOW/comparison_outputs/full44_imageft2_morphology_candidates/images/chlorambucil/candidate_004_raw.png,CPFLOW/comparison_outputs/full44_imageft2_morphology_candidates/images/chlorambucil/candidate_004_display.png,0.8334846496582031,0.061689529567956924,0.9307637214660645,0.297820121049881,0.28721633553504944,0.29832392930984497,0.11852627992630005,0.17479851841926575,0.19826152920722961,0.18583810329437256,0.5164060592651367,0.8269462585449219,0.07713748142123222,0.9130936563014984,0.30115465819835663,0.32138529419898987,0.3034306615591049,0.13718146085739136,0.1753024384379387,0.1912764310836792,0.21051578223705292,0.5015607476234436
chlorambucil,5,-0.33244614482140905,CPFLOW/comparison_outputs/full44_imageft2_morphology_candidates/images/chlorambucil/candidate_005_raw.png,CPFLOW/comparison_outputs/full44_imageft2_morphology_candidates/images/chlorambucil/candidate_005_display.png,0.7955894470214844,0.06166984885931015,0.9506689310073853,0.3182690143585205,0.3057123124599457,0.28982385993003845,0.12898370623588562,0.20126992464065552,0.21376635134220123,0.21598322689533234,0.5295032262802124,0.8269462585449219,0.07713748142123222,0.9130936563014984,0.30115465819835663,0.32138529419898987,0.3034306615591049,0.13718146085739136,0.1753024384379387,0.1912764310836792,0.21051578223705292,0.5015607476234436
chlorambucil,6,-0.36001036559774147,CPFLOW/comparison_outputs/full44_imageft2_morphology_candidates/images/chlorambucil/candidate_006_raw.png,CPFLOW/comparison_outputs/full44_imageft2_morphology_candidates/images/chlorambucil/candidate_006_display.png,0.7679634094238281,0.06811589002609253,0.9071781635284424,0.27765604853630066,0.30523645877838135,0.27176356315612793,0.14378423988819122,0.196594700217247,0.20020078122615814,0.19497209787368774,0.4997285306453705,0.8269462585449219,0.07713748142123222,0.9130936563014984,0.30115465819835663,0.32138529419898987,0.3034306615591049,0.13718146085739136,0.1753024384379387,0.1912764310836792,0.21051578223705292,0.5015607476234436
chlorambucil,7,-0.6442764287147246,CPFLOW/comparison_outputs/full44_imageft2_morphology_candidates/images/chlorambucil/candidate_007_raw.png,CPFLOW/comparison_outputs/full44_imageft2_morphology_candidates/images/chlorambucil/candidate_007_display.png,0.9102554321289062,0.05500814691185951,0.8956358432769775,0.3246937692165375,0.3407626450061798,0.3872774541378021,0.17696906626224518,0.16290946304798126,0.20134958624839783,0.2031579315662384,0.5007649064064026,0.8269462585449219,0.07713748142123222,0.9130936563014984,0.30115465819835663,0.32138529419898987,0.3034306615591049,0.13718146085739136,0.1753024384379387,0.1912764310836792,0.21051578223705292,0.5015607476234436
chlorambucil,8,-3.642830519617199,CPFLOW/comparison_outputs/full44_imageft2_morphology_candidates/images/chlorambucil/candidate_008_raw.png,CPFLOW/comparison_outputs/full44_imageft2_morphology_candidates/images/chlorambucil/candidate_008_display.png,0.9478034973144531,0.0732477456331253,0.848592221736908,0.38849180936813354,0.3354344367980957,0.38448527455329895,0.14146307110786438,0.1707237809896469,0.20003557205200195,0.216675266623497,0.5118701457977295,0.8269462585449219,0.07713748142123222,0.9130936563014984,0.30115465819835663,0.32138529419898987,0.3034306615591049,0.13718146085739136,0.1753024384379387,0.1912764310836792,0.21051578223705292,0.5015607476234436
chlorambucil,9,-0.23656416755280568,CPFLOW/comparison_outputs/full44_imageft2_morphology_candidates/images/chlorambucil/candidate_009_raw.png,CPFLOW/comparison_outputs/full44_imageft2_morphology_candidates/images/chlorambucil/candidate_009_display.png,0.8479881286621094,0.0623597726225853,0.9389398694038391,0.30852147936820984,0.29985859990119934,0.29767224192619324,0.1392752081155777,0.177364319562912,0.18865801393985748,0.21336771547794342,0.5072966814041138,0.8269462585449219,0.07713748142123222,0.9130936563014984,0.30115465819835663,0.32138529419898987,0.3034306615591049,0.13718146085739136,0.1753024384379387,0.1912764310836792,0.21051578223705292,0.5015607476234436
chlorambucil,10,-0.5612997702504761,CPFLOW/comparison_outputs/full44_imageft2_morphology_candidates/images/chlorambucil/candidate_010_raw.png,CPFLOW/comparison_outputs/full44_imageft2_morphology_candidates/images/chlorambucil/candidate_010_display.png,0.9174613952636719,0.06857679039239883,0.8669710159301758,0.35380709171295166,0.29944321513175964,0.3864482641220093,0.1370478719472885,0.1586175560951233,0.1992039978504181,0.19827349483966827,0.5064215064048767,0.8269462585449219,0.07713748142123222,0.9130936563014984,0.30115465819835663,0.32138529419898987,0.3034306615591049,0.13718146085739136,0.1753024384379387,0.1912764310836792,0.21051578223705292,0.5015607476234436
chlorambucil,11,-0.43308693812072385,CPFLOW/comparison_outputs/full44_imageft2_morphology_candidates/images/chlorambucil/candidate_011_raw.png,CPFLOW/comparison_outputs/full44_imageft2_morphology_candidates/images/chlorambucil/candidate_011_display.png,0.9182968139648438,0.07543262839317322,0.9040138721466064,0.3594566881656647,0.32936593890190125,0.35029616951942444,0.14474661648273468,0.16560430824756622,0.19689324498176575,0.22242237627506256,0.5003020167350769,0.8269462585449219,0.07713748142123222,0.9130936563014984,0.30115465819835663,0.32138529419898987,0.3034306615591049,0.13718146085739136,0.1753024384379387,0.1912764310836792,0.21051578223705292,0.5015607476234436
chlorambucil,12,-4.053375832585711,CPFLOW/comparison_outputs/full44_imageft2_morphology_candidates/images/chlorambucil/candidate_012_raw.png,CPFLOW/comparison_outputs/full44_imageft2_morphology_candidates/images/chlorambucil/candidate_012_display.png,0.9712486267089844,0.058673739433288574,0.7172218561172485,0.3875894248485565,0.3609144389629364,0.4326528310775757,0.1695062220096588,0.16052471101284027,0.18360742926597595,0.21167930960655212,0.4969935715198517,0.8269462585449219,0.07713748142123222,0.9130936563014984,0.30115465819835663,0.32138529419898987,0.3034306615591049,0.13718146085739136,0.1753024384379387,0.1912764310836792,0.21051578223705292,0.5015607476234436
chlorambucil,13,-0.8862072048022105,CPFLOW/comparison_outputs/full44_imageft2_morphology_candidates/images/chlorambucil/candidate_013_raw.png,CPFLOW/comparison_outputs/full44_imageft2_morphology_candidates/images/chlorambucil/candidate_013_display.png,0.6462478637695312,0.07221155613660812,0.9203413724899292,0.24082092940807343,0.23835794627666473,0.2292831540107727,0.12099287658929825,0.19563156366348267,0.21690641343593597,0.18646110594272614,0.49942222237586975,0.8269462585449219,0.07713748142123222,0.9130936563014984,0.30115465819835663,0.32138529419898987,0.3034306615591049,0.13718146085739136,0.1753024384379387,0.1912764310836792,0.21051578223705292,0.5015607476234436
chlorambucil,14,-0.5204094308683052,CPFLOW/comparison_outputs/full44_imageft2_morphology_candidates/images/chlorambucil/candidate_014_raw.png,CPFLOW/comparison_outputs/full44_imageft2_morphology_candidates/images/chlorambucil/candidate_014_display.png,0.90838623046875,0.06326083838939667,0.9183173775672913,0.305787593126297,0.35609951615333557,0.35372647643089294,0.17958109080791473,0.16242769360542297,0.18166707456111908,0.20993603765964508,0.510543167591095,0.8269462585449219,0.07713748142123222,0.9130936563014984,0.30115465819835663,0.32138529419898987,0.3034306615591049,0.13718146085739136,0.1753024384379387,0.1912764310836792,0.21051578223705292,0.5015607476234436
chlorambucil,15,-0.527090327677076,CPFLOW/comparison_outputs/full44_imageft2_morphology_candidates/images/chlorambucil/candidate_015_raw.png,CPFLOW/comparison_outputs/full44_imageft2_morphology_candidates/images/chlorambucil/candidate_015_display.png,0.891815185546875,0.05583138018846512,0.9366456866264343,0.34961801767349243,0.35205015540122986,0.34112027287483215,0.14816483855247498,0.18206968903541565,0.20104731619358063,0.2197386771440506,0.5109569430351257,0.8269462585449219,0.07713748142123222,0.9130936563014984,0.30115465819835663,0.32138529419898987,0.3034306615591049,0.13718146085739136,0.1753024384379387,0.1912764310836792,0.21051578223705292,0.5015607476234436
chlorambucil,16,-0.47320171839706215,CPFLOW/comparison_outputs/full44_imageft2_morphology_candidates/images/chlorambucil/candidate_016_raw.png,CPFLOW/comparison_outputs/full44_imageft2_morphology_candidates/images/chlorambucil/candidate_016_display.png,0.8952484130859375,0.057140614837408066,0.8761479258537292,0.30823978781700134,0.3344052731990814,0.3229910731315613,0.15613825619220734,0.1665586531162262,0.17865775525569916,0.20161768794059753,0.5068484544754028,0.8269462585449219,0.07713748142123222,0.9130936563014984,0.30115465819835663,0.32138529419898987,0.3034306615591049,0.13718146085739136,0.1753024384379387,0.1912764310836792,0.21051578223705292,0.5015607476234436
chlorambucil,17,-0.5299618904007481,CPFLOW/comparison_outputs/full44_imageft2_morphology_candidates/images/chlorambucil/candidate_017_raw.png,CPFLOW/comparison_outputs/full44_imageft2_morphology_candidates/images/chlorambucil/candidate_017_display.png,0.9125480651855469,0.07399149984121323,0.9060260653495789,0.3487941026687622,0.3364037275314331,0.4129437804222107,0.17353178560733795,0.16502973437309265,0.1977541744709015,0.21591757237911224,0.5068098902702332,0.8269462585449219,0.07713748142123222,0.9130936563014984,0.30115465819835663,0.32138529419898987,0.3034306615591049,0.13718146085739136,0.1753024384379387,0.1912764310836792,0.21051578223705292,0.5015607476234436
chlorambucil,18,-0.21176298708244148,CPFLOW/comparison_outputs/full44_imageft2_morphology_candidates/images/chlorambucil/candidate_018_raw.png,CPFLOW/comparison_outputs/full44_imageft2_morphology_candidates/images/chlorambucil/candidate_018_display.png,0.8367385864257812,0.06497181206941605,0.9287038445472717,0.3378007113933563,0.31259384751319885,0.3166305124759674,0.13050082325935364,0.19284003973007202,0.1982772797346115,0.21504920721054077,0.5019042491912842,0.8269462585449219,0.07713748142123222,0.9130936563014984,0.30115465819835663,0.32138529419898987,0.3034306615591049,0.13718146085739136,0.1753024384379387,0.1912764310836792,0.21051578223705292,0.5015607476234436
chlorambucil,19,-0.41511098841073535,CPFLOW/comparison_outputs/full44_imageft2_morphology_candidates/images/chlorambucil/candidate_019_raw.png,CPFLOW/comparison_outputs/full44_imageft2_morphology_candidates/images/chlorambucil/candidate_019_display.png,0.8199691772460938,0.04848938435316086,0.8972991108894348,0.27071839570999146,0.2700805366039276,0.31838110089302063,0.13652180135250092,0.1596805453300476,0.2072136551141739,0.17811977863311768,0.504555344581604,0.8269462585449219,0.07713748142123222,0.9130936563014984,0.30115465819835663,0.32138529419898987,0.3034306615591049,0.13718146085739136,0.1753024384379387,0.1912764310836792,0.21051578223705292,0.5015607476234436
chlorambucil,20,-0.5257651217856919,CPFLOW/comparison_outputs/full44_imageft2_morphology_candidates/images/chlorambucil/candidate_020_raw.png,CPFLOW/comparison_outputs/full44_imageft2_morphology_candidates/images/chlorambucil/candidate_020_display.png,0.8864021301269531,0.052564866840839386,0.8615792393684387,0.28904688358306885,0.31592264771461487,0.3380396366119385,0.1629640907049179,0.15148873627185822,0.1811324506998062,0.20776274800300598,0.5072940587997437,0.8269462585449219,0.07713748142123222,0.9130936563014984,0.30115465819835663,0.32138529419898987,0.3034306615591049,0.13718146085739136,0.1753024384379387,0.1912764310836792,0.21051578223705292,0.5015607476234436
chlorambucil,21,-0.5977013618516858,CPFLOW/comparison_outputs/full44_imageft2_morphology_candidates/images/chlorambucil/candidate_021_raw.png,CPFLOW/comparison_outputs/full44_imageft2_morphology_candidates/images/chlorambucil/candidate_021_display.png,0.8986930847167969,0.060410771518945694,0.9302161335945129,0.3582707643508911,0.37247535586357117,0.38545989990234375,0.15743261575698853,0.18048404157161713,0.2075461447238922,0.21307596564292908,0.4958993196487427,0.8269462585449219,0.07713748142123222,0.9130936563014984,0.30115465819835663,0.32138529419898987,0.3034306615591049,0.13718146085739136,0.1753024384379387,0.1912764310836792,0.21051578223705292,0.5015607476234436
chlorambucil,22,-0.1883980998123191,CPFLOW/comparison_outputs/full44_imageft2_morphology_candidates/images/chlorambucil/candidate_022_raw.png,CPFLOW/comparison_outputs/full44_imageft2_morphology_candidates/images/chlorambucil/candidate_022_display.png,0.8352851867675781,0.06722649931907654,0.9262127876281738,0.33112430572509766,0.3009253442287445,0.30704936385154724,0.12351437658071518,0.18734633922576904,0.19928325712680817,0.21167652308940887,0.514767050743103,0.8269462585449219,0.07713748142123222,0.9130936563014984,0.30115465819835663,0.32138529419898987,0.3034306615591049,0.13718146085739136,0.1753024384379387,0.1912764310836792,0.21051578223705292,0.5015607476234436
chlorambucil,23,-0.4039557868246628,CPFLOW/comparison_outputs/full44_imageft2_morphology_candidates/images/chlorambucil/candidate_023_raw.png,CPFLOW/comparison_outputs/full44_imageft2_morphology_candidates/images/chlorambucil/candidate_023_display.png,0.8677215576171875,0.05894339457154274,0.8892295956611633,0.2732784152030945,0.3082044720649719,0.26478636264801025,0.14723514020442963,0.1668744832277298,0.16597555577754974,0.19928641617298126,0.5121825933456421,0.8269462585449219,0.07713748142123222,0.9130936563014984,0.30115465819835663,0.32138529419898987,0.3034306615591049,0.13718146085739136,0.1753024384379387,0.1912764310836792,0.21051578223705292,0.5015607476234436
chlorambucil,24,-0.5917841996392261,CPFLOW/comparison_outputs/full44_imageft2_morphology_candidates/images/chlorambucil/candidate_024_raw.png,CPFLOW/comparison_outputs/full44_imageft2_morphology_candidates/images/chlorambucil/candidate_024_display.png,0.8742294311523438,0.05174500495195389,0.9374862909317017,0.3558952510356903,0.3533586859703064,0.3900081515312195,0.15020398795604706,0.1846209615468979,0.2215985208749771,0.20858092606067657,0.4898413121700287,0.8269462585449219,0.07713748142123222,0.9130936563014984,0.30115465819835663,0.32138529419898987,0.3034306615591049,0.13718146085739136,0.1753024384379387,0.1912764310836792,0.21051578223705292,0.5015607476234436
chlorambucil,25,-0.4501070370568262,CPFLOW/comparison_outputs/full44_imageft2_morphology_candidates/images/chlorambucil/candidate_025_raw.png,CPFLOW/comparison_outputs/full44_imageft2_morphology_candidates/images/chlorambucil/candidate_025_display.png,0.872406005859375,0.05142735689878464,0.8759340643882751,0.31404829025268555,0.3001318871974945,0.31951960921287537,0.1302829533815384,0.17094029486179352,0.19141672551631927,0.18947510421276093,0.48770755529403687,0.8269462585449219,0.07713748142123222,0.9130936563014984,0.30115465819835663,0.32138529419898987,0.3034306615591049,0.13718146085739136,0.1753024384379387,0.1912764310836792,0.21051578223705292,0.5015607476234436
chlorambucil,26,-0.44000880781931206,CPFLOW/comparison_outputs/full44_imageft2_morphology_candidates/images/chlorambucil/candidate_026_raw.png,CPFLOW/comparison_outputs/full44_imageft2_morphology_candidates/images/chlorambucil/candidate_026_display.png,0.9011611938476562,0.07103732228279114,0.9176495671272278,0.3212580680847168,0.35754096508026123,0.3414621353149414,0.1785854995250702,0.17281712591648102,0.1858118623495102,0.22789260745048523,0.5095648169517517,0.8269462585449219,0.07713748142123222,0.9130936563014984,0.30115465819835663,0.32138529419898987,0.3034306615591049,0.13718146085739136,0.1753024384379387,0.1912764310836792,0.21051578223705292,0.5015607476234436
chlorambucil,27,-0.5133249738690631,CPFLOW/comparison_outputs/full44_imageft2_morphology_candidates/images/chlorambucil/candidate_027_raw.png,CPFLOW/comparison_outputs/full44_imageft2_morphology_candidates/images/chlorambucil/candidate_027_display.png,0.9093246459960938,0.08316689729690552,0.9242458343505859,0.36781740188598633,0.3712391257286072,0.36631131172180176,0.14982645213603973,0.1823512315750122,0.1991245448589325,0.21827450394630432,0.5108042359352112,0.8269462585449219,0.07713748142123222,0.9130936563014984,0.30115465819835663,0.32138529419898987,0.3034306615591049,0.13718146085739136,0.1753024384379387,0.1912764310836792,0.21051578223705292,0.5015607476234436
chlorambucil,28,-3.8358468003037958,CPFLOW/comparison_outputs/full44_imageft2_morphology_candidates/images/chlorambucil/candidate_028_raw.png,CPFLOW/comparison_outputs/full44_imageft2_morphology_candidates/images/chlorambucil/candidate_028_display.png,0.9652633666992188,0.06328236311674118,0.7316659688949585,0.35106539726257324,0.328152060508728,0.35886815190315247,0.16149426996707916,0.15837648510932922,0.16892121732234955,0.2183866947889328,0.5048954486846924,0.8269462585449219,0.07713748142123222,0.9130936563014984,0.30115465819835663,0.32138529419898987,0.3034306615591049,0.13718146085739136,0.1753024384379387,0.1912764310836792,0.21051578223705292,0.5015607476234436
chlorambucil,29,-3.622098869451433,CPFLOW/comparison_outputs/full44_imageft2_morphology_candidates/images/chlorambucil/candidate_029_raw.png,CPFLOW/comparison_outputs/full44_imageft2_morphology_candidates/images/chlorambucil/candidate_029_display.png,0.9391975402832031,0.06378442049026489,0.8569170832633972,0.344053715467453,0.36072856187820435,0.32528993487358093,0.12952053546905518,0.16470666229724884,0.17765413224697113,0.19415998458862305,0.4996985197067261,0.8269462585449219,0.07713748142123222,0.9130936563014984,0.30115465819835663,0.32138529419898987,0.3034306615591049,0.13718146085739136,0.1753024384379387,0.1912764310836792,0.21051578223705292,0.5015607476234436
chlorambucil,30,-0.25488871233983135,CPFLOW/comparison_outputs/full44_imageft2_morphology_candidates/images/chlorambucil/candidate_030_raw.png,CPFLOW/comparison_outputs/full44_imageft2_morphology_candidates/images/chlorambucil/candidate_030_display.png,0.850189208984375,0.06774813681840897,0.9042539000511169,0.2819472849369049,0.324651837348938,0.3256731331348419,0.17568278312683105,0.16994723677635193,0.2031378597021103,0.19772227108478546,0.49960359930992126,0.8269462585449219,0.07713748142123222,0.9130936563014984,0.30115465819835663,0.32138529419898987,0.3034306615591049,0.13718146085739136,0.1753024384379387,0.1912764310836792,0.21051578223705292,0.5015607476234436
chlorambucil,31,-0.535904583576777,CPFLOW/comparison_outputs/full44_imageft2_morphology_candidates/images/chlorambucil/candidate_031_raw.png,CPFLOW/comparison_outputs/full44_imageft2_morphology_candidates/images/chlorambucil/candidate_031_display.png,0.8979644775390625,0.05682263523340225,0.9119372963905334,0.3072355091571808,0.3603126108646393,0.3536209464073181,0.17641033232212067,0.1698472499847412,0.18230609595775604,0.21035468578338623,0.5036424994468689,0.8269462585449219,0.07713748142123222,0.9130936563014984,0.30115465819835663,0.32138529419898987,0.3034306615591049,0.13718146085739136,0.1753024384379387,0.1912764310836792,0.21051578223705292,0.5015607476234436
aphidicolin,0,-0.8403500112291544,CPFLOW/comparison_outputs/full44_imageft2_morphology_candidates/images/aphidicolin/candidate_000_raw.png,CPFLOW/comparison_outputs/full44_imageft2_morphology_candidates/images/aphidicolin/candidate_000_display.png,0.8769302368164062,0.07442472875118256,0.8559713959693909,0.30151063203811646,0.3479659855365753,0.277805358171463,0.20020218193531036,0.189476877450943,0.2034754902124405,0.1867058128118515,0.4979320764541626,0.7189579010009766,0.083481065928936,0.920189619064331,0.2605651170015335,0.27626933157444,0.23715760558843613,0.13365337252616882,0.19329755753278732,0.19998152554035187,0.1939745545387268,0.49874597787857056
aphidicolin,1,-0.29245938519190756,CPFLOW/comparison_outputs/full44_imageft2_morphology_candidates/images/aphidicolin/candidate_001_raw.png,CPFLOW/comparison_outputs/full44_imageft2_morphology_candidates/images/aphidicolin/candidate_001_display.png,0.7158546447753906,0.06382226943969727,0.8826462030410767,0.2523038983345032,0.2861500680446625,0.25026458501815796,0.17339497804641724,0.20179149508476257,0.21961535513401031,0.16929389536380768,0.5046775341033936,0.7189579010009766,0.083481065928936,0.920189619064331,0.2605651170015335,0.27626933157444,0.23715760558843613,0.13365337252616882,0.19329755753278732,0.19998152554035187,0.1939745545387268,0.49874597787857056
aphidicolin,2,-4.1429626837515325,CPFLOW/comparison_outputs/full44_imageft2_morphology_candidates/images/aphidicolin/candidate_002_raw.png,CPFLOW/comparison_outputs/full44_imageft2_morphology_candidates/images/aphidicolin/candidate_002_display.png,0.9588661193847656,0.07945770025253296,0.8293865919113159,0.2870076596736908,0.3518815338611603,0.30633774399757385,0.2333502471446991,0.1867135614156723,0.20341414213180542,0.18777544796466827,0.4926467537879944,0.7189579010009766,0.083481065928936,0.920189619064331,0.2605651170015335,0.27626933157444,0.23715760558843613,0.13365337252616882,0.19329755753278732,0.19998152554035187,0.1939745545387268,0.49874597787857056
aphidicolin,3,-0.7838758913353727,CPFLOW/comparison_outputs/full44_imageft2_morphology_candidates/images/aphidicolin/candidate_003_raw.png,CPFLOW/comparison_outputs/full44_imageft2_morphology_candidates/images/aphidicolin/candidate_003_display.png,0.8537483215332031,0.06681828200817108,0.8431470990180969,0.2533756494522095,0.3070496916770935,0.26928603649139404,0.20608414709568024,0.20093481242656708,0.2184729427099228,0.1652689278125763,0.5032384991645813,0.7189579010009766,0.083481065928936,0.920189619064331,0.2605651170015335,0.27626933157444,0.23715760558843613,0.13365337252616882,0.19329755753278732,0.19998152554035187,0.1939745545387268,0.49874597787857056
aphidicolin,4,-1.1147933027238492,CPFLOW/comparison_outputs/full44_imageft2_morphology_candidates/images/aphidicolin/candidate_004_raw.png,CPFLOW/comparison_outputs/full44_imageft2_morphology_candidates/images/aphidicolin/candidate_004_display.png,0.9097824096679688,0.07766403257846832,0.8591448068618774,0.303096741437912,0.39029693603515625,0.3534633219242096,0.24101722240447998,0.18066909909248352,0.20238663256168365,0.20480132102966309,0.5055988430976868,0.7189579010009766,0.083481065928936,0.920189619064331,0.2605651170015335,0.27626933157444,0.23715760558843613,0.13365337252616882,0.19329755753278732,0.19998152554035187,0.1939745545387268,0.49874597787857056
aphidicolin,5,-4.309467128897785,CPFLOW/comparison_outputs/full44_imageft2_morphology_candidates/images/aphidicolin/candidate_005_raw.png,CPFLOW/comparison_outputs/full44_imageft2_morphology_candidates/images/aphidicolin/candidate_005_display.png,0.965240478515625,0.07496819645166397,0.8360499143600464,0.2830439507961273,0.36359864473342896,0.3639559745788574,0.2528412342071533,0.1661049872636795,0.20616526901721954,0.18226231634616852,0.5108209848403931,0.7189579010009766,0.083481065928936,0.920189619064331,0.2605651170015335,0.27626933157444,0.23715760558843613,0.13365337252616882,0.19329755753278732,0.19998152554035187,0.1939745545387268,0.49874597787857056
aphidicolin,6,-4.095681355185559,CPFLOW/comparison_outputs/full44_imageft2_morphology_candidates/images/aphidicolin/candidate_006_raw.png,CPFLOW/comparison_outputs/full44_imageft2_morphology_candidates/images/aphidicolin/candidate_006_display.png,0.9397735595703125,0.07198738306760788,0.8285848498344421,0.2561497986316681,0.2942226231098175,0.3241161108016968,0.23877741396427155,0.15114456415176392,0.20035509765148163,0.1932085156440735,0.4964207112789154,0.7189579010009766,0.083481065928936,0.920189619064331,0.2605651170015335,0.27626933157444,0.23715760558843613,0.13365337252616882,0.19329755753278732,0.19998152554035187,0.1939745545387268,0.49874597787857056
aphidicolin,7,-0.3991112804865169,CPFLOW/comparison_outputs/full44_imageft2_morphology_candidates/images/aphidicolin/candidate_007_raw.png,CPFLOW/comparison_outputs/full44_imageft2_morphology_candidates/images/aphidicolin/candidate_007_display.png,0.7665328979492188,0.0772613137960434,0.8868286609649658,0.2952325642108917,0.3296363949775696,0.21823963522911072,0.17476734519004822,0.2125227302312851,0.20777378976345062,0.182184100151062,0.48858222365379333,0.7189579010009766,0.083481065928936,0.920189619064331,0.2605651170015335,0.27626933157444,0.23715760558843613,0.13365337252616882,0.19329755753278732,0.19998152554035187,0.1939745545387268,0.49874597787857056
aphidicolin,8,-3.945837133579145,CPFLOW/comparison_outputs/full44_imageft2_morphology_candidates/images/aphidicolin/candidate_008_raw.png,CPFLOW/comparison_outputs/full44_imageft2_morphology_candidates/images/aphidicolin/candidate_008_display.png,0.920318603515625,0.08162842690944672,0.8598765730857849,0.3199164867401123,0.34401029348373413,0.27192994952201843,0.1925787329673767,0.20609597861766815,0.2335430085659027,0.18166308104991913,0.4913404583930969,0.7189579010009766,0.083481065928936,0.920189619064331,0.2605651170015335,0.27626933157444,0.23715760558843613,0.13365337252616882,0.19329755753278732,0.19998152554035187,0.1939745545387268,0.49874597787857056
aphidicolin,9,-0.7087255005379091,CPFLOW/comparison_outputs/full44_imageft2_morphology_candidates/images/aphidicolin/candidate_009_raw.png,CPFLOW/comparison_outputs/full44_imageft2_morphology_candidates/images/aphidicolin/candidate_009_display.png,0.8561515808105469,0.08706215023994446,0.8812296390533447,0.3207833766937256,0.3503793478012085,0.28428345918655396,0.1665133386850357,0.1919853538274765,0.21111685037612915,0.1894339919090271,0.5011318922042847,0.7189579010009766,0.083481065928936,0.920189619064331,0.2605651170015335,0.27626933157444,0.23715760558843613,0.13365337252616882,0.19329755753278732,0.19998152554035187,0.1939745545387268,0.49874597787857056
aphidicolin,10,-4.084934760293687,CPFLOW/comparison_outputs/full44_imageft2_morphology_candidates/images/aphidicolin/candidate_010_raw.png,CPFLOW/comparison_outputs/full44_imageft2_morphology_candidates/images/aphidicolin/candidate_010_display.png,0.9206733703613281,0.07222887873649597,0.8358139991760254,0.2708970904350281,0.3496623933315277,0.3254108726978302,0.2273007184267044,0.17323917150497437,0.19344785809516907,0.18446099758148193,0.49134495854377747,0.7189579010009766,0.083481065928936,0.920189619064331,0.2605651170015335,0.27626933157444,0.23715760558843613,0.13365337252616882,0.19329755753278732,0.19998152554035187,0.1939745545387268,0.49874597787857056
aphidicolin,11,-4.128020682920682,CPFLOW/comparison_outputs/full44_imageft2_morphology_candidates/images/aphidicolin/candidate_011_raw.png,CPFLOW/comparison_outputs/full44_imageft2_morphology_candidates/images/aphidicolin/candidate_011_display.png,0.9388198852539062,0.07509039342403412,0.8490527272224426,0.30660104751586914,0.3644513189792633,0.31542572379112244,0.21739797294139862,0.19583186507225037,0.2194318175315857,0.1852545440196991,0.4974445700645447,0.7189579010009766,0.083481065928936,0.920189619064331,0.2605651170015335,0.27626933157444,0.23715760558843613,0.13365337252616882,0.19329755753278732,0.19998152554035187,0.1939745545387268,0.49874597787857056
aphidicolin,12,-4.1108525325765,CPFLOW/comparison_outputs/full44_imageft2_morphology_candidates/images/aphidicolin/candidate_012_raw.png,CPFLOW/comparison_outputs/full44_imageft2_morphology_candidates/images/aphidicolin/candidate_012_display.png,0.9281578063964844,0.07393361628055573,0.8624440431594849,0.2778640687465668,0.3605804741382599,0.33352237939834595,0.23121900856494904,0.163441002368927,0.1904522180557251,0.19251009821891785,0.510708212852478,0.7189579010009766,0.083481065928936,0.920189619064331,0.2605651170015335,0.27626933157444,0.23715760558843613,0.13365337252616882,0.19329755753278732,0.19998152554035187,0.1939745545387268,0.49874597787857056
aphidicolin,13,-4.200453162489052,CPFLOW/comparison_outputs/full44_imageft2_morphology_candidates/images/aphidicolin/candidate_013_raw.png,CPFLOW/comparison_outputs/full44_imageft2_morphology_candidates/images/aphidicolin/candidate_013_display.png,0.9539070129394531,0.07179868221282959,0.8296759128570557,0.279955118894577,0.34254419803619385,0.3249187767505646,0.2301267832517624,0.17486877739429474,0.21555104851722717,0.18270333111286163,0.49333807826042175,0.7189579010009766,0.083481065928936,0.920189619064331,0.2605651170015335,0.27626933157444,0.23715760558843613,0.13365337252616882,0.19329755753278732,0.19998152554035187,0.1939745545387268,0.49874597787857056
aphidicolin,14,-0.7582904231799719,CPFLOW/comparison_outputs/full44_imageft2_morphology_candidates/images/aphidicolin/candidate_014_raw.png,CPFLOW/comparison_outputs/full44_imageft2_morphology_candidates/images/aphidicolin/candidate_014_display.png,0.8738174438476562,0.08040396124124527,0.8721726536750793,0.306111216545105,0.3442211151123047,0.27833491563796997,0.1794014573097229,0.18916606903076172,0.205806702375412,0.1836104542016983,0.5027019381523132,0.7189579010009766,0.083481065928936,0.920189619064331,0.2605651170015335,0.27626933157444,0.23715760558843613,0.13365337252616882,0.19329755753278732,0.19998152554035187,0.1939745545387268,0.49874597787857056
aphidicolin,15,-0.8993954292076656,CPFLOW/comparison_outputs/full44_imageft2_morphology_candidates/images/aphidicolin/candidate_015_raw.png,CPFLOW/comparison_outputs/full44_imageft2_morphology_candidates/images/aphidicolin/candidate_015_display.png,0.879913330078125,0.07104682922363281,0.8485257625579834,0.28869739174842834,0.3301612138748169,0.2984413802623749,0.21057575941085815,0.19473382830619812,0.222141295671463,0.18110162019729614,0.49749764800071716,0.7189579010009766,0.083481065928936,0.920189619064331,0.2605651170015335,0.27626933157444,0.23715760558843613,0.13365337252616882,0.19329755753278732,0.19998152554035187,0.1939745545387268,0.49874597787857056
aphidicolin,16,-0.9243019976743225,CPFLOW/comparison_outputs/full44_imageft2_morphology_candidates/images/aphidicolin/candidate_016_raw.png,CPFLOW/comparison_outputs/full44_imageft2_morphology_candidates/images/aphidicolin/candidate_016_display.png,0.8547477722167969,0.06468930095434189,0.8768740296363831,0.2900075316429138,0.37455567717552185,0.3285861313343048,0.20522332191467285,0.18648438155651093,0.20943409204483032,0.1850028783082962,0.5059223771095276,0.7189579010009766,0.083481065928936,0.920189619064331,0.2605651170015335,0.27626933157444,0.23715760558843613,0.13365337252616882,0.19329755753278732,0.19998152554035187,0.1939745545387268,0.49874597787857056
aphidicolin,17,-0.44327712365461597,CPFLOW/comparison_outputs/full44_imageft2_morphology_candidates/images/aphidicolin/candidate_017_raw.png,CPFLOW/comparison_outputs/full44_imageft2_morphology_candidates/images/aphidicolin/candidate_017_display.png,0.7864456176757812,0.07314610481262207,0.8667587041854858,0.2831801772117615,0.27710452675819397,0.23380473256111145,0.17509226500988007,0.21819981932640076,0.23469328880310059,0.16910520195960999,0.5002819299697876,0.7189579010009766,0.083481065928936,0.920189619064331,0.2605651170015335,0.27626933157444,0.23715760558843613,0.13365337252616882,0.19329755753278732,0.19998152554035187,0.1939745545387268,0.49874597787857056
aphidicolin,18,-0.7406391745950565,CPFLOW/comparison_outputs/full44_imageft2_morphology_candidates/images/aphidicolin/candidate_018_raw.png,CPFLOW/comparison_outputs/full44_imageft2_morphology_candidates/images/aphidicolin/candidate_018_display.png,0.8057975769042969,0.06087614595890045,0.8248544931411743,0.20965272188186646,0.2367704212665558,0.1948884129524231,0.19172433018684387,0.18368849158287048,0.19434413313865662,0.15576380491256714,0.499628484249115,0.7189579010009766,0.083481065928936,0.920189619064331,0.2605651170015335,0.27626933157444,0.23715760558843613,0.13365337252616882,0.19329755753278732,0.19998152554035187,0.1939745545387268,0.49874597787857056
aphidicolin,19,-4.019858884688699,CPFLOW/comparison_outputs/full44_imageft2_morphology_candidates/images/aphidicolin/candidate_019_raw.png,CPFLOW/comparison_outputs/full44_imageft2_morphology_candidates/images/aphidicolin/candidate_019_display.png,0.9253883361816406,0.0705992728471756,0.8500954508781433,0.30346107482910156,0.34425756335258484,0.23795156180858612,0.20815862715244293,0.22289101779460907,0.22591373324394226,0.17175085842609406,0.5029361844062805,0.7189579010009766,0.083481065928936,0.920189619064331,0.2605651170015335,0.27626933157444,0.23715760558843613,0.13365337252616882,0.19329755753278732,0.19998152554035187,0.1939745545387268,0.49874597787857056
aphidicolin,20,-0.3813389251787075,CPFLOW/comparison_outputs/full44_imageft2_morphology_candidates/images/aphidicolin/candidate_020_raw.png,CPFLOW/comparison_outputs/full44_imageft2_morphology_candidates/images/aphidicolin/candidate_020_display.png,0.757415771484375,0.0697595402598381,0.867554783821106,0.24385419487953186,0.2874903380870819,0.21540150046348572,0.1886996328830719,0.19519777595996857,0.1952991932630539,0.17902590334415436,0.4952618181705475,0.7189579010009766,0.083481065928936,0.920189619064331,0.2605651170015335,0.27626933157444,0.23715760558843613,0.13365337252616882,0.19329755753278732,0.19998152554035187,0.1939745545387268,0.49874597787857056
aphidicolin,21,-1.2200011468160357,CPFLOW/comparison_outputs/full44_imageft2_morphology_candidates/images/aphidicolin/candidate_021_raw.png,CPFLOW/comparison_outputs/full44_imageft2_morphology_candidates/images/aphidicolin/candidate_021_display.png,0.9013023376464844,0.05542341247200966,0.725456953048706,0.22156430780887604,0.32841503620147705,0.27717912197113037,0.19918683171272278,0.15102721750736237,0.15530246496200562,0.1496019810438156,0.506570041179657,0.7189579010009766,0.083481065928936,0.920189619064331,0.2605651170015335,0.27626933157444,0.23715760558843613,0.13365337252616882,0.19329755753278732,0.19998152554035187,0.1939745545387268,0.49874597787857056
aphidicolin,22,-4.298688979410853,CPFLOW/comparison_outputs/full44_imageft2_morphology_candidates/images/aphidicolin/candidate_022_raw.png,CPFLOW/comparison_outputs/full44_imageft2_morphology_candidates/images/aphidicolin/candidate_022_display.png,0.9580192565917969,0.07261449098587036,0.7875429391860962,0.2624920606613159,0.3375243544578552,0.35891667008399963,0.23793594539165497,0.14227892458438873,0.17541003227233887,0.1847698837518692,0.512974202632904,0.7189579010009766,0.083481065928936,0.920189619064331,0.2605651170015335,0.27626933157444,0.23715760558843613,0.13365337252616882,0.19329755753278732,0.19998152554035187,0.1939745545387268,0.49874597787857056
aphidicolin,23,-1.0857864158602069,CPFLOW/comparison_outputs/full44_imageft2_morphology_candidates/images/aphidicolin/candidate_023_raw.png,CPFLOW/comparison_outputs/full44_imageft2_morphology_candidates/images/aphidicolin/candidate_023_display.png,0.5027236938476562,0.06612380594015121,0.9080440998077393,0.21972611546516418,0.23023416101932526,0.12834663689136505,0.11613449454307556,0.23622003197669983,0.19412259757518768,0.14088930189609528,0.48879069089889526,0.7189579010009766,0.083481065928936,0.920189619064331,0.2605651170015335,0.27626933157444,0.23715760558843613,0.13365337252616882,0.19329755753278732,0.19998152554035187,0.1939745545387268,0.49874597787857056
aphidicolin,24,-0.36769856329014816,CPFLOW/comparison_outputs/full44_imageft2_morphology_candidates/images/aphidicolin/candidate_024_raw.png,CPFLOW/comparison_outputs/full44_imageft2_morphology_candidates/images/aphidicolin/candidate_024_display.png,0.7642478942871094,0.06785779446363449,0.8701832294464111,0.2479010671377182,0.27503058314323425,0.21602033078670502,0.15235434472560883,0.17757059633731842,0.19129563868045807,0.17725732922554016,0.5022152662277222,0.7189579010009766,0.083481065928936,0.920189619064331,0.2605651170015335,0.27626933157444,0.23715760558843613,0.13365337252616882,0.19329755753278732,0.19998152554035187,0.1939745545387268,0.49874597787857056
aphidicolin,25,-0.3956555130662431,CPFLOW/comparison_outputs/full44_imageft2_morphology_candidates/images/aphidicolin/candidate_025_raw.png,CPFLOW/comparison_outputs/full44_imageft2_morphology_candidates/images/aphidicolin/candidate_025_display.png,0.7546615600585938,0.07173480093479156,0.8847782611846924,0.2610999047756195,0.29509520530700684,0.2814115285873413,0.1908787339925766,0.1978885680437088,0.23301279544830322,0.17503467202186584,0.4882645010948181,0.7189579010009766,0.083481065928936,0.920189619064331,0.2605651170015335,0.27626933157444,0.23715760558843613,0.13365337252616882,0.19329755753278732,0.19998152554035187,0.1939745545387268,0.49874597787857056
aphidicolin,26,-4.29189648313494,CPFLOW/comparison_outputs/full44_imageft2_morphology_candidates/images/aphidicolin/candidate_026_raw.png,CPFLOW/comparison_outputs/full44_imageft2_morphology_candidates/images/aphidicolin/candidate_026_display.png,0.9580726623535156,0.07364413142204285,0.8240149021148682,0.29436567425727844,0.3534325957298279,0.374154269695282,0.23092970252037048,0.15192587673664093,0.19449038803577423,0.19204482436180115,0.5026540756225586,0.7189579010009766,0.083481065928936,0.920189619064331,0.2605651170015335,0.27626933157444,0.23715760558843613,0.13365337252616882,0.19329755753278732,0.19998152554035187,0.1939745545387268,0.49874597787857056
aphidicolin,27,-4.134511578696781,CPFLOW/comparison_outputs/full44_imageft2_morphology_candidates/images/aphidicolin/candidate_027_raw.png,CPFLOW/comparison_outputs/full44_imageft2_morphology_candidates/images/aphidicolin/candidate_027_display.png,0.9375495910644531,0.07374701648950577,0.8436725735664368,0.27565664052963257,0.35808849334716797,0.3098601698875427,0.23977838456630707,0.20636825263500214,0.22319522500038147,0.186433345079422,0.507845401763916,0.7189579010009766,0.083481065928936,0.920189619064331,0.2605651170015335,0.27626933157444,0.23715760558843613,0.13365337252616882,0.19329755753278732,0.19998152554035187,0.1939745545387268,0.49874597787857056
aphidicolin,28,-0.5615384008182323,CPFLOW/comparison_outputs/full44_imageft2_morphology_candidates/images/aphidicolin/candidate_028_raw.png,CPFLOW/comparison_outputs/full44_imageft2_morphology_candidates/images/aphidicolin/candidate_028_display.png,0.8024177551269531,0.06999202072620392,0.8614941239356995,0.23594869673252106,0.25128570199012756,0.23058754205703735,0.20285728573799133,0.2027950882911682,0.22009333968162537,0.17290548980236053,0.5021102428436279,0.7189579010009766,0.083481065928936,0.920189619064331,0.2605651170015335,0.27626933157444,0.23715760558843613,0.13365337252616882,0.19329755753278732,0.19998152554035187,0.1939745545387268,0.49874597787857056
aphidicolin,29,-0.9866166558695503,CPFLOW/comparison_outputs/full44_imageft2_morphology_candidates/images/aphidicolin/candidate_029_raw.png,CPFLOW/comparison_outputs/full44_imageft2_morphology_candidates/images/aphidicolin/candidate_029_display.png,0.9104118347167969,0.07128054648637772,0.8539344072341919,0.2635083794593811,0.33262938261032104,0.3000832200050354,0.2273215353488922,0.1867847740650177,0.20892688632011414,0.17750799655914307,0.5056601762771606,0.7189579010009766,0.083481065928936,0.920189619064331,0.2605651170015335,0.27626933157444,0.23715760558843613,0.13365337252616882,0.19329755753278732,0.19998152554035187,0.1939745545387268,0.49874597787857056
aphidicolin,30,-0.8572394970525264,CPFLOW/comparison_outputs/full44_imageft2_morphology_candidates/images/aphidicolin/candidate_030_raw.png,CPFLOW/comparison_outputs/full44_imageft2_morphology_candidates/images/aphidicolin/candidate_030_display.png,0.8844146728515625,0.07626700401306152,0.855453610420227,0.27771103382110596,0.3333934247493744,0.29511967301368713,0.20664307475090027,0.18382196128368378,0.2124389111995697,0.18094055354595184,0.49400025606155396,0.7189579010009766,0.083481065928936,0.920189619064331,0.2605651170015335,0.27626933157444,0.23715760558843613,0.13365337252616882,0.19329755753278732,0.19998152554035187,0.1939745545387268,0.49874597787857056
aphidicolin,31,-0.48674504685164394,CPFLOW/comparison_outputs/full44_imageft2_morphology_candidates/images/aphidicolin/candidate_031_raw.png,CPFLOW/comparison_outputs/full44_imageft2_morphology_candidates/images/aphidicolin/candidate_031_display.png,0.6470603942871094,0.07595856487751007,0.8837382793426514,0.2738127112388611,0.30449795722961426,0.2082333117723465,0.1654556393623352,0.24264515936374664,0.22010324895381927,0.15297925472259521,0.47999846935272217,0.7189579010009766,0.083481065928936,0.920189619064331,0.2605651170015335,0.27626933157444,0.23715760558843613,0.13365337252616882,0.19329755753278732,0.19998152554035187,0.1939745545387268,0.49874597787857056
olomoucine,0,-0.6887478461699689,CPFLOW/comparison_outputs/full44_imageft2_morphology_candidates/images/olomoucine/candidate_000_raw.png,CPFLOW/comparison_outputs/full44_imageft2_morphology_candidates/images/olomoucine/candidate_000_display.png,0.8441658020019531,0.06132284551858902,0.8953508734703064,0.279939204454422,0.2657201886177063,0.31627216935157776,0.1539030522108078,0.1662096083164215,0.18377278745174408,0.19285795092582703,0.518355131149292,0.6916236877441406,0.06857084482908249,0.9259634017944336,0.28114698827266693,0.29129746556282043,0.2727907598018646,0.12480619549751282,0.1920587122440338,0.18816117942333221,0.20835448056459427,0.49341176450252533
olomoucine,1,-1.0677931552711728,CPFLOW/comparison_outputs/full44_imageft2_morphology_candidates/images/olomoucine/candidate_001_raw.png,CPFLOW/comparison_outputs/full44_imageft2_morphology_candidates/images/olomoucine/candidate_001_display.png,0.48279571533203125,0.05091787129640579,0.9311664700508118,0.1965462565422058,0.2306828498840332,0.23333872854709625,0.14743971824645996,0.22702652215957642,0.23795603215694427,0.18827147781848907,0.500420868396759,0.6916236877441406,0.06857084482908249,0.9259634017944336,0.28114698827266693,0.29129746556282043,0.2727907598018646,0.12480619549751282,0.1920587122440338,0.18816117942333221,0.20835448056459427,0.49341176450252533
olomoucine,2,-0.4854603178064556,CPFLOW/comparison_outputs/full44_imageft2_morphology_candidates/images/olomoucine/candidate_002_raw.png,CPFLOW/comparison_outputs/full44_imageft2_morphology_candidates/images/olomoucine/candidate_002_display.png,0.7706527709960938,0.05951502174139023,0.9401618242263794,0.2938600778579712,0.3074606657028198,0.3138918876647949,0.17245300114154816,0.20126813650131226,0.21326178312301636,0.2170785367488861,0.4906822144985199,0.6916236877441406,0.06857084482908249,0.9259634017944336,0.28114698827266693,0.29129746556282043,0.2727907598018646,0.12480619549751282,0.1920587122440338,0.18816117942333221,0.20835448056459427,0.49341176450252533
olomoucine,3,-0.4520050818805992,CPFLOW/comparison_outputs/full44_imageft2_morphology_candidates/images/olomoucine/candidate_003_raw.png,CPFLOW/comparison_outputs/full44_imageft2_morphology_candidates/images/olomoucine/candidate_003_display.png,0.786773681640625,0.05659988522529602,0.9035308957099915,0.2873772382736206,0.2740512192249298,0.2673760950565338,0.13295871019363403,0.1882094144821167,0.1808762103319168,0.20418696105480194,0.5152638554573059,0.6916236877441406,0.06857084482908249,0.9259634017944336,0.28114698827266693,0.29129746556282043,0.2727907598018646,0.12480619549751282,0.1920587122440338,0.18816117942333221,0.20835448056459427,0.49341176450252533
olomoucine,4,-0.4862956638228683,CPFLOW/comparison_outputs/full44_imageft2_morphology_candidates/images/olomoucine/candidate_004_raw.png,CPFLOW/comparison_outputs/full44_imageft2_morphology_candidates/images/olomoucine/candidate_004_display.png,0.8066825866699219,0.06299629807472229,0.9186719059944153,0.27620330452919006,0.26482295989990234,0.28769001364707947,0.13548116385936737,0.1729435920715332,0.1903725415468216,0.1918676495552063,0.5174081325531006,0.6916236877441406,0.06857084482908249,0.9259634017944336,0.28114698827266693,0.29129746556282043,0.2727907598018646,0.12480619549751282,0.1920587122440338,0.18816117942333221,0.20835448056459427,0.49341176450252533
olomoucine,5,-0.9421257839123646,CPFLOW/comparison_outputs/full44_imageft2_morphology_candidates/images/olomoucine/candidate_005_raw.png,CPFLOW/comparison_outputs/full44_imageft2_morphology_candidates/images/olomoucine/candidate_005_display.png,0.8834991455078125,0.06553547084331512,0.9184243679046631,0.32649391889572144,0.3536469042301178,0.3677024841308594,0.19720301032066345,0.18296557664871216,0.1954667717218399,0.22903549671173096,0.514812707901001,0.6916236877441406,0.06857084482908249,0.9259634017944336,0.28114698827266693,0.29129746556282043,0.2727907598018646,0.12480619549751282,0.1920587122440338,0.18816117942333221,0.20835448056459427,0.49341176450252533
olomoucine,6,-0.6574060627351251,CPFLOW/comparison_outputs/full44_imageft2_morphology_candidates/images/olomoucine/candidate_006_raw.png,CPFLOW/comparison_outputs/full44_imageft2_morphology_candidates/images/olomoucine/candidate_006_display.png,0.8153457641601562,0.06508190184831619,0.9158743023872375,0.28180184960365295,0.34374213218688965,0.3367047607898712,0.20394515991210938,0.19549818336963654,0.2064441442489624,0.2108173966407776,0.4894864857196808,0.6916236877441406,0.06857084482908249,0.9259634017944336,0.28114698827266693,0.29129746556282043,0.2727907598018646,0.12480619549751282,0.1920587122440338,0.18816117942333221,0.20835448056459427,0.49341176450252533
olomoucine,7,-1.0792382143594825,CPFLOW/comparison_outputs/full44_imageft2_morphology_candidates/images/olomoucine/candidate_007_raw.png,CPFLOW/comparison_outputs/full44_imageft2_morphology_candidates/images/olomoucine/candidate_007_display.png,0.8811531066894531,0.06339098513126373,0.9049537181854248,0.32574039697647095,0.4039236605167389,0.40097081661224365,0.2196660190820694,0.19222991168498993,0.20820575952529907,0.2111215740442276,0.5021824240684509,0.6916236877441406,0.06857084482908249,0.9259634017944336,0.28114698827266693,0.29129746556282043,0.2727907598018646,0.12480619549751282,0.1920587122440338,0.18816117942333221,0.20835448056459427,0.49341176450252533
olomoucine,8,-0.885656017895945,CPFLOW/comparison_outputs/full44_imageft2_morphology_candidates/images/olomoucine/candidate_008_raw.png,CPFLOW/comparison_outputs/full44_imageft2_morphology_candidates/images/olomoucine/candidate_008_display.png,0.9066581726074219,0.0699799582362175,0.8852337002754211,0.33675625920295715,0.2665354609489441,0.3408525884151459,0.1339244246482849,0.15568296611309052,0.18380241096019745,0.2048211693763733,0.4921686351299286,0.6916236877441406,0.06857084482908249,0.9259634017944336,0.28114698827266693,0.29129746556282043,0.2727907598018646,0.12480619549751282,0.1920587122440338,0.18816117942333221,0.20835448056459427,0.49341176450252533
olomoucine,9,-0.13721806724137486,CPFLOW/comparison_outputs/full44_imageft2_morphology_candidates/images/olomoucine/candidate_009_raw.png,CPFLOW/comparison_outputs/full44_imageft2_morphology_candidates/images/olomoucine/candidate_009_display.png,0.6833763122558594,0.0687335953116417,0.932530403137207,0.2732590436935425,0.2527315616607666,0.2617228627204895,0.12349078804254532,0.20418977737426758,0.21786856651306152,0.19505736231803894,0.5210487842559814,0.6916236877441406,0.06857084482908249,0.9259634017944336,0.28114698827266693,0.29129746556282043,0.2727907598018646,0.12480619549751282,0.1920587122440338,0.18816117942333221,0.20835448056459427,0.49341176450252533
olomoucine,10,-0.5028253783337874,CPFLOW/comparison_outputs/full44_imageft2_morphology_candidates/images/olomoucine/candidate_010_raw.png,CPFLOW/comparison_outputs/full44_imageft2_morphology_candidates/images/olomoucine/candidate_010_display.png,0.7950859069824219,0.07185481488704681,0.9024091958999634,0.2811482548713684,0.31230151653289795,0.31175053119659424,0.17886951565742493,0.19456379115581512,0.20108141005039215,0.21204198896884918,0.5095545649528503,0.6916236877441406,0.06857084482908249,0.9259634017944336,0.28114698827266693,0.29129746556282043,0.2727907598018646,0.12480619549751282,0.1920587122440338,0.18816117942333221,0.20835448056459427,0.49341176450252533
olomoucine,11,-4.246309980676278,CPFLOW/comparison_outputs/full44_imageft2_morphology_candidates/images/olomoucine/candidate_011_raw.png,CPFLOW/comparison_outputs/full44_imageft2_morphology_candidates/images/olomoucine/candidate_011_display.png,0.9348526000976562,0.05830316245555878,0.8827664256095886,0.32629895210266113,0.3466178774833679,0.4008232355117798,0.2134363204240799,0.1626548171043396,0.1760009378194809,0.22172124683856964,0.48937103152275085,0.6916236877441406,0.06857084482908249,0.9259634017944336,0.28114698827266693,0.29129746556282043,0.2727907598018646,0.12480619549751282,0.1920587122440338,0.18816117942333221,0.20835448056459427,0.49341176450252533
olomoucine,12,-0.22505580731651745,CPFLOW/comparison_outputs/full44_imageft2_morphology_candidates/images/olomoucine/candidate_012_raw.png,CPFLOW/comparison_outputs/full44_imageft2_morphology_candidates/images/olomoucine/candidate_012_display.png,0.6973381042480469,0.05956881493330002,0.9454818964004517,0.2870480716228485,0.2580171823501587,0.26040342450141907,0.10600303113460541,0.21532201766967773,0.21076127886772156,0.19730782508850098,0.5130552053451538,0.6916236877441406,0.06857084482908249,0.9259634017944336,0.28114698827266693,0.29129746556282043,0.2727907598018646,0.12480619549751282,0.1920587122440338,0.18816117942333221,0.20835448056459427,0.49341176450252533
olomoucine,13,-0.6613751861889913,CPFLOW/comparison_outputs/full44_imageft2_morphology_candidates/images/olomoucine/candidate_013_raw.png,CPFLOW/comparison_outputs/full44_imageft2_morphology_candidates/images/olomoucine/candidate_013_display.png,0.8492202758789062,0.07263831794261932,0.8478773236274719,0.28820323944091797,0.2520516812801361,0.2705874741077423,0.12451006472110748,0.17581163346767426,0.16333745419979095,0.19003665447235107,0.5040208101272583,0.6916236877441406,0.06857084482908249,0.9259634017944336,0.28114698827266693,0.29129746556282043,0.2727907598018646,0.12480619549751282,0.1920587122440338,0.18816117942333221,0.20835448056459427,0.49341176450252533
olomoucine,14,-1.4146272425729458,CPFLOW/comparison_outputs/full44_imageft2_morphology_candidates/images/olomoucine/candidate_014_raw.png,CPFLOW/comparison_outputs/full44_imageft2_morphology_candidates/images/olomoucine/candidate_014_display.png,0.4189796447753906,0.048575904220342636,0.9108898043632507,0.15762415528297424,0.17986096441745758,0.17353515326976776,0.11988064646720886,0.2038327157497406,0.2069440633058548,0.16076911985874176,0.4855711758136749,0.6916236877441406,0.06857084482908249,0.9259634017944336,0.28114698827266693,0.29129746556282043,0.2727907598018646,0.12480619549751282,0.1920587122440338,0.18816117942333221,0.20835448056459427,0.49341176450252533
olomoucine,15,-0.6157331206775535,CPFLOW/comparison_outputs/full44_imageft2_morphology_candidates/images/olomoucine/candidate_015_raw.png,CPFLOW/comparison_outputs/full44_imageft2_morphology_candidates/images/olomoucine/candidate_015_display.png,0.7886772155761719,0.06368549913167953,0.9272881150245667,0.2817471921443939,0.3230336606502533,0.3556087613105774,0.2120991051197052,0.20005181431770325,0.23302944004535675,0.21814098954200745,0.4900221824645996,0.6916236877441406,0.06857084482908249,0.9259634017944336,0.28114698827266693,0.29129746556282043,0.2727907598018646,0.12480619549751282,0.1920587122440338,0.18816117942333221,0.20835448056459427,0.49341176450252533
olomoucine,16,-0.22511942510885996,CPFLOW/comparison_outputs/full44_imageft2_morphology_candidates/images/olomoucine/candidate_016_raw.png,CPFLOW/comparison_outputs/full44_imageft2_morphology_candidates/images/olomoucine/candidate_016_display.png,0.7186164855957031,0.06615147739648819,0.9408628344535828,0.28488659858703613,0.31841182708740234,0.2937210202217102,0.1385759860277176,0.21743620932102203,0.21336890757083893,0.21074797213077545,0.4823414981365204,0.6916236877441406,0.06857084482908249,0.9259634017944336,0.28114698827266693,0.29129746556282043,0.2727907598018646,0.12480619549751282,0.1920587122440338,0.18816117942333221,0.20835448056459427,0.49341176450252533
olomoucine,17,-0.2550280760325297,CPFLOW/comparison_outputs/full44_imageft2_morphology_candidates/images/olomoucine/candidate_017_raw.png,CPFLOW/comparison_outputs/full44_imageft2_morphology_candidates/images/olomoucine/candidate_017_display.png,0.7300033569335938,0.07188068330287933,0.9469475150108337,0.3060637414455414,0.29662787914276123,0.2892281413078308,0.13094039261341095,0.2158210426568985,0.22634293138980865,0.20440825819969177,0.5068305730819702,0.6916236877441406,0.06857084482908249,0.9259634017944336,0.28114698827266693,0.29129746556282043,0.2727907598018646,0.12480619549751282,0.1920587122440338,0.18816117942333221,0.20835448056459427,0.49341176450252533
olomoucine,18,-4.161137278133637,CPFLOW/comparison_outputs/full44_imageft2_morphology_candidates/images/olomoucine/candidate_018_raw.png,CPFLOW/comparison_outputs/full44_imageft2_morphology_candidates/images/olomoucine/candidate_018_display.png,0.9457664489746094,0.076225146651268,0.8409926891326904,0.38810470700263977,0.2816101908683777,0.3835533559322357,0.145484060049057,0.16998714208602905,0.1848948746919632,0.21574270725250244,0.5049189329147339,0.6916236877441406,0.06857084482908249,0.9259634017944336,0.28114698827266693,0.29129746556282043,0.2727907598018646,0.12480619549751282,0.1920587122440338,0.18816117942333221,0.20835448056459427,0.49341176450252533
olomoucine,19,-0.6576564973375734,CPFLOW/comparison_outputs/full44_imageft2_morphology_candidates/images/olomoucine/candidate_019_raw.png,CPFLOW/comparison_outputs/full44_imageft2_morphology_candidates/images/olomoucine/candidate_019_display.png,0.8506088256835938,0.06097378581762314,0.9233012199401855,0.28178220987319946,0.2948340177536011,0.3157132863998413,0.15661460161209106,0.1694808006286621,0.193872332572937,0.20032471418380737,0.5028916001319885,0.6916236877441406,0.06857084482908249,0.9259634017944336,0.28114698827266693,0.29129746556282043,0.2727907598018646,0.12480619549751282,0.1920587122440338,0.18816117942333221,0.20835448056459427,0.49341176450252533
olomoucine,20,-4.063676091191233,CPFLOW/comparison_outputs/full44_imageft2_morphology_candidates/images/olomoucine/candidate_020_raw.png,CPFLOW/comparison_outputs/full44_imageft2_morphology_candidates/images/olomoucine/candidate_020_display.png,0.9203529357910156,0.06857627630233765,0.9115901589393616,0.35536518692970276,0.3321898281574249,0.41382625699043274,0.17238621413707733,0.16659562289714813,0.20370084047317505,0.21188519895076752,0.5164619088172913,0.6916236877441406,0.06857084482908249,0.9259634017944336,0.28114698827266693,0.29129746556282043,0.2727907598018646,0.12480619549751282,0.1920587122440338,0.18816117942333221,0.20835448056459427,0.49341176450252533
olomoucine,21,-0.8250120391686854,CPFLOW/comparison_outputs/full44_imageft2_morphology_candidates/images/olomoucine/candidate_021_raw.png,CPFLOW/comparison_outputs/full44_imageft2_morphology_candidates/images/olomoucine/candidate_021_display.png,0.8834991455078125,0.06882135570049286,0.9084981083869934,0.32527339458465576,0.3394250273704529,0.34890732169151306,0.15481917560100555,0.1807446926832199,0.1924380511045456,0.2051057368516922,0.500724196434021,0.6916236877441406,0.06857084482908249,0.9259634017944336,0.28114698827266693,0.29129746556282043,0.2727907598018646,0.12480619549751282,0.1920587122440338,0.18816117942333221,0.20835448056459427,0.49341176450252533
olomoucine,22,-0.3379679866430237,CPFLOW/comparison_outputs/full44_imageft2_morphology_candidates/images/olomoucine/candidate_022_raw.png,CPFLOW/comparison_outputs/full44_imageft2_morphology_candidates/images/olomoucine/candidate_022_display.png,0.7035980224609375,0.05248851701617241,0.8841472864151001,0.22515720129013062,0.27478981018066406,0.2644825577735901,0.14609287679195404,0.1971503347158432,0.19915787875652313,0.17468078434467316,0.4653879404067993,0.6916236877441406,0.06857084482908249,0.9259634017944336,0.28114698827266693,0.29129746556282043,0.2727907598018646,0.12480619549751282,0.1920587122440338,0.18816117942333221,0.20835448056459427,0.49341176450252533
olomoucine,23,-0.7260424731518098,CPFLOW/comparison_outputs/full44_imageft2_morphology_candidates/images/olomoucine/candidate_023_raw.png,CPFLOW/comparison_outputs/full44_imageft2_morphology_candidates/images/olomoucine/candidate_023_display.png,0.8113632202148438,0.05286776274442673,0.9195716977119446,0.2796666920185089,0.3237878084182739,0.3578082323074341,0.1779719591140747,0.18972927331924438,0.21998648345470428,0.20583230257034302,0.491386741399765,0.6916236877441406,0.06857084482908249,0.9259634017944336,0.28114698827266693,0.29129746556282043,0.2727907598018646,0.12480619549751282,0.1920587122440338,0.18816117942333221,0.20835448056459427,0.49341176450252533
olomoucine,24,-0.31028950006891526,CPFLOW/comparison_outputs/full44_imageft2_morphology_candidates/images/olomoucine/candidate_024_raw.png,CPFLOW/comparison_outputs/full44_imageft2_morphology_candidates/images/olomoucine/candidate_024_display.png,0.7262687683105469,0.0626974105834961,0.9059850573539734,0.25398966670036316,0.2745750844478607,0.29259541630744934,0.17543691396713257,0.18744787573814392,0.20937828719615936,0.2100629359483719,0.49047785997390747,0.6916236877441406,0.06857084482908249,0.9259634017944336,0.28114698827266693,0.29129746556282043,0.2727907598018646,0.12480619549751282,0.1920587122440338,0.18816117942333221,0.20835448056459427,0.49341176450252533
olomoucine,25,-0.402607836899078,CPFLOW/comparison_outputs/full44_imageft2_morphology_candidates/images/olomoucine/candidate_025_raw.png,CPFLOW/comparison_outputs/full44_imageft2_morphology_candidates/images/olomoucine/candidate_025_display.png,0.7552909851074219,0.05794032663106918,0.8984171748161316,0.27730950713157654,0.2890090048313141,0.3117729425430298,0.14866256713867188,0.19232185184955597,0.21728336811065674,0.203293576836586,0.5054380893707275,0.6916236877441406,0.06857084482908249,0.9259634017944336,0.28114698827266693,0.29129746556282043,0.2727907598018646,0.12480619549751282,0.1920587122440338,0.18816117942333221,0.20835448056459427,0.49341176450252533
olomoucine,26,-0.3184399729682051,CPFLOW/comparison_outputs/full44_imageft2_morphology_candidates/images/olomoucine/candidate_026_raw.png,CPFLOW/comparison_outputs/full44_imageft2_morphology_candidates/images/olomoucine/candidate_026_display.png,0.6849365234375,0.05634555220603943,0.8999481797218323,0.247032031416893,0.23256319761276245,0.2428951859474182,0.11144817620515823,0.18365949392318726,0.19991612434387207,0.1860807240009308,0.5116612911224365,0.6916236877441406,0.06857084482908249,0.9259634017944336,0.28114698827266693,0.29129746556282043,0.2727907598018646,0.12480619549751282,0.1920587122440338,0.18816117942333221,0.20835448056459427,0.49341176450252533
olomoucine,27,-0.48405469179942684,CPFLOW/comparison_outputs/full44_imageft2_morphology_candidates/images/olomoucine/candidate_027_raw.png,CPFLOW/comparison_outputs/full44_imageft2_morphology_candidates/images/olomoucine/candidate_027_display.png,0.7436637878417969,0.08151467144489288,0.9455103874206543,0.34939515590667725,0.2690865397453308,0.3310086131095886,0.11761891096830368,0.22210675477981567,0.2411295622587204,0.1969301998615265,0.5146911144256592,0.6916236877441406,0.06857084482908249,0.9259634017944336,0.28114698827266693,0.29129746556282043,0.2727907598018646,0.12480619549751282,0.1920587122440338,0.18816117942333221,0.20835448056459427,0.49341176450252533
olomoucine,28,-0.41149416259041477,CPFLOW/comparison_outputs/full44_imageft2_morphology_candidates/images/olomoucine/candidate_028_raw.png,CPFLOW/comparison_outputs/full44_imageft2_morphology_candidates/images/olomoucine/candidate_028_display.png,0.766845703125,0.060644496232271194,0.9009637236595154,0.2520141899585724,0.260730504989624,0.271262526512146,0.14226682484149933,0.17091991007328033,0.19391489028930664,0.20434902608394623,0.5181251764297485,0.6916236877441406,0.06857084482908249,0.9259634017944336,0.28114698827266693,0.29129746556282043,0.2727907598018646,0.12480619549751282,0.1920587122440338,0.18816117942333221,0.20835448056459427,0.49341176450252533
olomoucine,29,-1.0881250024747222,CPFLOW/comparison_outputs/full44_imageft2_morphology_candidates/images/olomoucine/candidate_029_raw.png,CPFLOW/comparison_outputs/full44_imageft2_morphology_candidates/images/olomoucine/candidate_029_display.png,0.8960952758789062,0.07373343408107758,0.8990368843078613,0.32483938336372375,0.39925622940063477,0.38405999541282654,0.21205933392047882,0.18771973252296448,0.19841425120830536,0.21397754549980164,0.5084477066993713,0.6916236877441406,0.06857084482908249,0.9259634017944336,0.28114698827266693,0.29129746556282043,0.2727907598018646,0.12480619549751282,0.1920587122440338,0.18816117942333221,0.20835448056459427,0.49341176450252533
olomoucine,30,-0.7148708693858432,CPFLOW/comparison_outputs/full44_imageft2_morphology_candidates/images/olomoucine/candidate_030_raw.png,CPFLOW/comparison_outputs/full44_imageft2_morphology_candidates/images/olomoucine/candidate_030_display.png,0.8538398742675781,0.06767897307872772,0.9179027676582336,0.328668475151062,0.3375256657600403,0.33461794257164,0.1569036841392517,0.18990693986415863,0.18991436064243317,0.21733513474464417,0.5181100368499756,0.6916236877441406,0.06857084482908249,0.9259634017944336,0.28114698827266693,0.29129746556282043,0.2727907598018646,0.12480619549751282,0.1920587122440338,0.18816117942333221,0.20835448056459427,0.49341176450252533
olomoucine,31,-0.3686122644395133,CPFLOW/comparison_outputs/full44_imageft2_morphology_candidates/images/olomoucine/candidate_031_raw.png,CPFLOW/comparison_outputs/full44_imageft2_morphology_candidates/images/olomoucine/candidate_031_display.png,0.7267036437988281,0.07110102474689484,0.9389952421188354,0.30972209572792053,0.34517231583595276,0.3077319264411926,0.15660208463668823,0.23780950903892517,0.2282170057296753,0.21860884130001068,0.5068026781082153,0.6916236877441406,0.06857084482908249,0.9259634017944336,0.28114698827266693,0.29129746556282043,0.2727907598018646,0.12480619549751282,0.1920587122440338,0.18816117942333221,0.20835448056459427,0.49341176450252533
forskolin,0,-5.003881033045202,CPFLOW/comparison_outputs/full44_imageft2_morphology_candidates/images/forskolin/candidate_000_raw.png,CPFLOW/comparison_outputs/full44_imageft2_morphology_candidates/images/forskolin/candidate_000_display.png,0.9866561889648438,0.08029396831989288,0.747341513633728,0.31933677196502686,0.325732946395874,0.3467442989349365,0.1968921422958374,0.16294141113758087,0.1585870385169983,0.21777915954589844,0.5076689124107361,0.6028995513916016,0.05525558441877365,0.9190492928028107,0.23879249393939972,0.23015949130058289,0.21442677080631256,0.0917152687907219,0.18761958181858063,0.1785327047109604,0.17058221250772476,0.5003778636455536
forskolin,1,-1.4523886944609736,CPFLOW/comparison_outputs/full44_imageft2_morphology_candidates/images/forskolin/candidate_001_raw.png,CPFLOW/comparison_outputs/full44_imageft2_morphology_candidates/images/forskolin/candidate_001_display.png,0.89276123046875,0.06958510726690292,0.8787946701049805,0.2654104232788086,0.33303993940353394,0.33225417137145996,0.18976283073425293,0.16956675052642822,0.1771721988916397,0.19619400799274445,0.5037565231323242,0.6028995513916016,0.05525558441877365,0.9190492928028107,0.23879249393939972,0.23015949130058289,0.21442677080631256,0.0917152687907219,0.18761958181858063,0.1785327047109604,0.17058221250772476,0.5003778636455536
forskolin,2,-0.5871776732895554,CPFLOW/comparison_outputs/full44_imageft2_morphology_candidates/images/forskolin/candidate_002_raw.png,CPFLOW/comparison_outputs/full44_imageft2_morphology_candidates/images/forskolin/candidate_002_display.png,0.7469978332519531,0.053218990564346313,0.8952606320381165,0.23900818824768066,0.2725074589252472,0.2217589169740677,0.12543901801109314,0.18302883207798004,0.17736594378948212,0.1888369917869568,0.5134469270706177,0.6028995513916016,0.05525558441877365,0.9190492928028107,0.23879249393939972,0.23015949130058289,0.21442677080631256,0.0917152687907219,0.18761958181858063,0.1785327047109604,0.17058221250772476,0.5003778636455536
forskolin,3,-4.576244768475533,CPFLOW/comparison_outputs/full44_imageft2_morphology_candidates/images/forskolin/candidate_003_raw.png,CPFLOW/comparison_outputs/full44_imageft2_morphology_candidates/images/forskolin/candidate_003_display.png,0.93267822265625,0.06051032990217209,0.8912468552589417,0.2869647145271301,0.32978498935699463,0.36571937799453735,0.20041973888874054,0.15866892039775848,0.17450830340385437,0.20784807205200195,0.4962807595729828,0.6028995513916016,0.05525558441877365,0.9190492928028107,0.23879249393939972,0.23015949130058289,0.21442677080631256,0.0917152687907219,0.18761958181858063,0.1785327047109604,0.17058221250772476,0.5003778636455536
forskolin,4,-0.21683794860418218,CPFLOW/comparison_outputs/full44_imageft2_morphology_candidates/images/forskolin/candidate_004_raw.png,CPFLOW/comparison_outputs/full44_imageft2_morphology_candidates/images/forskolin/candidate_004_display.png,0.5922660827636719,0.06275492161512375,0.9100331664085388,0.21544770896434784,0.20863468945026398,0.19774606823921204,0.11382437497377396,0.19743096828460693,0.19600626826286316,0.1762208789587021,0.49987658858299255,0.6028995513916016,0.05525558441877365,0.9190492928028107,0.23879249393939972,0.23015949130058289,0.21442677080631256,0.0917152687907219,0.18761958181858063,0.1785327047109604,0.17058221250772476,0.5003778636455536
forskolin,5,-4.855555110830727,CPFLOW/comparison_outputs/full44_imageft2_morphology_candidates/images/forskolin/candidate_005_raw.png,CPFLOW/comparison_outputs/full44_imageft2_morphology_candidates/images/forskolin/candidate_005_display.png,0.9772453308105469,0.07048045098781586,0.7694878578186035,0.30276694893836975,0.30941224098205566,0.34024757146835327,0.19626376032829285,0.15636345744132996,0.15984490513801575,0.21845068037509918,0.511970043182373,0.6028995513916016,0.05525558441877365,0.9190492928028107,0.23879249393939972,0.23015949130058289,0.21442677080631256,0.0917152687907219,0.18761958181858063,0.1785327047109604,0.17058221250772476,0.5003778636455536
forskolin,6,-5.0059656978856975,CPFLOW/comparison_outputs/full44_imageft2_morphology_candidates/images/forskolin/candidate_006_raw.png,CPFLOW/comparison_outputs/full44_imageft2_morphology_candidates/images/forskolin/candidate_006_display.png,0.9857711791992188,0.07690256834030151,0.7595373392105103,0.313266783952713,0.30954426527023315,0.3767246901988983,0.21890105307102203,0.15536697208881378,0.16868828237056732,0.21740484237670898,0.5085259079933167,0.6028995513916016,0.05525558441877365,0.9190492928028107,0.23879249393939972,0.23015949130058289,0.21442677080631256,0.0917152687907219,0.18761958181858063,0.1785327047109604,0.17058221250772476,0.5003778636455536
forskolin,7,-4.866891842432029,CPFLOW/comparison_outputs/full44_imageft2_morphology_candidates/images/forskolin/candidate_007_raw.png,CPFLOW/comparison_outputs/full44_imageft2_morphology_candidates/images/forskolin/candidate_007_display.png,0.9779701232910156,0.07640412449836731,0.7735525369644165,0.30983766913414,0.28684312105178833,0.3527451455593109,0.1856929212808609,0.15574763715267181,0.16725564002990723,0.2126423567533493,0.518121063709259,0.6028995513916016,0.05525558441877365,0.9190492928028107,0.23879249393939972,0.23015949130058289,0.21442677080631256,0.0917152687907219,0.18761958181858063,0.1785327047109604,0.17058221250772476,0.5003778636455536
forskolin,8,-0.9577913107759923,CPFLOW/comparison_outputs/full44_imageft2_morphology_candidates/images/forskolin/candidate_008_raw.png,CPFLOW/comparison_outputs/full44_imageft2_morphology_candidates/images/forskolin/candidate_008_display.png,0.8312759399414062,0.06044363975524902,0.8938582539558411,0.28302469849586487,0.2992683947086334,0.24551156163215637,0.11450397968292236,0.17573131620883942,0.17228592932224274,0.18770822882652283,0.5154799222946167,0.6028995513916016,0.05525558441877365,0.9190492928028107,0.23879249393939972,0.23015949130058289,0.21442677080631256,0.0917152687907219,0.18761958181858063,0.1785327047109604,0.17058221250772476,0.5003778636455536
forskolin,9,-5.127151684075772,CPFLOW/comparison_outputs/full44_imageft2_morphology_candidates/images/forskolin/candidate_009_raw.png,CPFLOW/comparison_outputs/full44_imageft2_morphology_candidates/images/forskolin/candidate_009_display.png,0.9914398193359375,0.08034426718950272,0.7517450451850891,0.3478732407093048,0.3156217038631439,0.4127603769302368,0.22286269068717957,0.16209173202514648,0.17877821624279022,0.22384367883205414,0.500717043876648,0.6028995513916016,0.05525558441877365,0.9190492928028107,0.23879249393939972,0.23015949130058289,0.21442677080631256,0.0917152687907219,0.18761958181858063,0.1785327047109604,0.17058221250772476,0.5003778636455536
forskolin,10,-5.10337663801353,CPFLOW/comparison_outputs/full44_imageft2_morphology_candidates/images/forskolin/candidate_010_raw.png,CPFLOW/comparison_outputs/full44_imageft2_morphology_candidates/images/forskolin/candidate_010_display.png,0.9950103759765625,0.08587291836738586,0.7458307147026062,0.3430558741092682,0.2866494357585907,0.3912505507469177,0.21675831079483032,0.16308541595935822,0.1729423999786377,0.21844342350959778,0.5037990808486938,0.6028995513916016,0.05525558441877365,0.9190492928028107,0.23879249393939972,0.23015949130058289,0.21442677080631256,0.0917152687907219,0.18761958181858063,0.1785327047109604,0.17058221250772476,0.5003778636455536
forskolin,11,-4.853225031438656,CPFLOW/comparison_outputs/full44_imageft2_morphology_candidates/images/forskolin/candidate_011_raw.png,CPFLOW/comparison_outputs/full44_imageft2_morphology_candidates/images/forskolin/candidate_011_display.png,0.9571380615234375,0.06684480607509613,0.7783969044685364,0.34364578127861023,0.3642127513885498,0.3779626786708832,0.17104677855968475,0.1617245376110077,0.17693868279457092,0.20967471599578857,0.5098859071731567,0.6028995513916016,0.05525558441877365,0.9190492928028107,0.23879249393939972,0.23015949130058289,0.21442677080631256,0.0917152687907219,0.18761958181858063,0.1785327047109604,0.17058221250772476,0.5003778636455536
forskolin,12,-0.8555949157110143,CPFLOW/comparison_outputs/full44_imageft2_morphology_candidates/images/forskolin/candidate_012_raw.png,CPFLOW/comparison_outputs/full44_imageft2_morphology_candidates/images/forskolin/candidate_012_display.png,0.7761116027832031,0.06366575509309769,0.9518048763275146,0.3016306757926941,0.2777860164642334,0.23626406490802765,0.13067877292633057,0.20969519019126892,0.20875543355941772,0.20191431045532227,0.49738460779190063,0.6028995513916016,0.05525558441877365,0.9190492928028107,0.23879249393939972,0.23015949130058289,0.21442677080631256,0.0917152687907219,0.18761958181858063,0.1785327047109604,0.17058221250772476,0.5003778636455536
forskolin,13,-1.22291898862688,CPFLOW/comparison_outputs/full44_imageft2_morphology_candidates/images/forskolin/candidate_013_raw.png,CPFLOW/comparison_outputs/full44_imageft2_morphology_candidates/images/forskolin/candidate_013_display.png,0.8880157470703125,0.06558316946029663,0.9342924356460571,0.2978905141353607,0.3019114136695862,0.2663815915584564,0.119889035820961,0.1670496165752411,0.16806082427501678,0.196933314204216,0.5129581093788147,0.6028995513916016,0.05525558441877365,0.9190492928028107,0.23879249393939972,0.23015949130058289,0.21442677080631256,0.0917152687907219,0.18761958181858063,0.1785327047109604,0.17058221250772476,0.5003778636455536
forskolin,14,-5.077079891658663,CPFLOW/comparison_outputs/full44_imageft2_morphology_candidates/images/forskolin/candidate_014_raw.png,CPFLOW/comparison_outputs/full44_imageft2_morphology_candidates/images/forskolin/candidate_014_display.png,0.9728584289550781,0.07251515984535217,0.728679895401001,0.3274531364440918,0.36931687593460083,0.42165523767471313,0.20719991624355316,0.1592361479997635,0.1682582050561905,0.20882508158683777,0.5056443214416504,0.6028995513916016,0.05525558441877365,0.9190492928028107,0.23879249393939972,0.23015949130058289,0.21442677080631256,0.0917152687907219,0.18761958181858063,0.1785327047109604,0.17058221250772476,0.5003778636455536
forskolin,15,-1.1039189847988387,CPFLOW/comparison_outputs/full44_imageft2_morphology_candidates/images/forskolin/candidate_015_raw.png,CPFLOW/comparison_outputs/full44_imageft2_morphology_candidates/images/forskolin/candidate_015_display.png,0.8673667907714844,0.05577369034290314,0.8773114681243896,0.2574717402458191,0.27858471870422363,0.28752511739730835,0.14882783591747284,0.15651004016399384,0.17045293748378754,0.19305413961410522,0.4998825192451477,0.6028995513916016,0.05525558441877365,0.9190492928028107,0.23879249393939972,0.23015949130058289,0.21442677080631256,0.0917152687907219,0.18761958181858063,0.1785327047109604,0.17058221250772476,0.5003778636455536
forskolin,16,-5.023312508483005,CPFLOW/comparison_outputs/full44_imageft2_morphology_candidates/images/forskolin/candidate_016_raw.png,CPFLOW/comparison_outputs/full44_imageft2_morphology_candidates/images/forskolin/candidate_016_display.png,0.9917335510253906,0.08503696322441101,0.743471086025238,0.33221662044525146,0.29404526948928833,0.37732401490211487,0.17985522747039795,0.15613403916358948,0.17375542223453522,0.20310768485069275,0.5070200562477112,0.6028995513916016,0.05525558441877365,0.9190492928028107,0.23879249393939972,0.23015949130058289,0.21442677080631256,0.0917152687907219,0.18761958181858063,0.1785327047109604,0.17058221250772476,0.5003778636455536
forskolin,17,-4.703749058634589,CPFLOW/comparison_outputs/full44_imageft2_morphology_candidates/images/forskolin/candidate_017_raw.png,CPFLOW/comparison_outputs/full44_imageft2_morphology_candidates/images/forskolin/candidate_017_display.png,0.96063232421875,0.07073365896940231,0.7365490198135376,0.29945018887519836,0.30320286750793457,0.2983141243457794,0.1416831612586975,0.14775055646896362,0.14884987473487854,0.1928575038909912,0.5187866687774658,0.6028995513916016,0.05525558441877365,0.9190492928028107,0.23879249393939972,0.23015949130058289,0.21442677080631256,0.0917152687907219,0.18761958181858063,0.1785327047109604,0.17058221250772476,0.5003778636455536
forskolin,18,-5.3322097471346055,CPFLOW/comparison_outputs/full44_imageft2_morphology_candidates/images/forskolin/candidate_018_raw.png,CPFLOW/comparison_outputs/full44_imageft2_morphology_candidates/images/forskolin/candidate_018_display.png,0.9844551086425781,0.07656934857368469,0.7033621072769165,0.30393683910369873,0.36262157559394836,0.47918593883514404,0.30195915699005127,0.15819162130355835,0.1607203483581543,0.2245061993598938,0.4987677335739136,0.6028995513916016,0.05525558441877365,0.9190492928028107,0.23879249393939972,0.23015949130058289,0.21442677080631256,0.0917152687907219,0.18761958181858063,0.1785327047109604,0.17058221250772476,0.5003778636455536
forskolin,19,-4.514607565523222,CPFLOW/comparison_outputs/full44_imageft2_morphology_candidates/images/forskolin/candidate_019_raw.png,CPFLOW/comparison_outputs/full44_imageft2_morphology_candidates/images/forskolin/candidate_019_display.png,0.9448356628417969,0.06674198061227798,0.7794255018234253,0.28195756673812866,0.2583981454372406,0.30298930406570435,0.13456527888774872,0.14485026895999908,0.15654988586902618,0.18663491308689117,0.514146625995636,0.6028995513916016,0.05525558441877365,0.9190492928028107,0.23879249393939972,0.23015949130058289,0.21442677080631256,0.0917152687907219,0.18761958181858063,0.1785327047109604,0.17058221250772476,0.5003778636455536
forskolin,20,-1.4647064833276509,CPFLOW/comparison_outputs/full44_imageft2_morphology_candidates/images/forskolin/candidate_020_raw.png,CPFLOW/comparison_outputs/full44_imageft2_morphology_candidates/images/forskolin/candidate_020_display.png,0.9113388061523438,0.06878846138715744,0.9019328951835632,0.32025665044784546,0.31828945875167847,0.31701526045799255,0.14929452538490295,0.16413798928260803,0.1700783520936966,0.21442164480686188,0.5104864835739136,0.6028995513916016,0.05525558441877365,0.9190492928028107,0.23879249393939972,0.23015949130058289,0.21442677080631256,0.0917152687907219,0.18761958181858063,0.1785327047109604,0.17058221250772476,0.5003778636455536
forskolin,21,-1.5194751830474218,CPFLOW/comparison_outputs/full44_imageft2_morphology_candidates/images/forskolin/candidate_021_raw.png,CPFLOW/comparison_outputs/full44_imageft2_morphology_candidates/images/forskolin/candidate_021_display.png,0.9134178161621094,0.06693094968795776,0.8882291316986084,0.31880587339401245,0.3423353135585785,0.34095391631126404,0.15940353274345398,0.16834358870983124,0.186428040266037,0.19447815418243408,0.5128576159477234,0.6028995513916016,0.05525558441877365,0.9190492928028107,0.23879249393939972,0.23015949130058289,0.21442677080631256,0.0917152687907219,0.18761958181858063,0.1785327047109604,0.17058221250772476,0.5003778636455536
forskolin,22,-1.4054799556688393,CPFLOW/comparison_outputs/full44_imageft2_morphology_candidates/images/forskolin/candidate_022_raw.png,CPFLOW/comparison_outputs/full44_imageft2_morphology_candidates/images/forskolin/candidate_022_display.png,0.8935012817382812,0.05830957740545273,0.9068068265914917,0.27718010544776917,0.33642908930778503,0.3615577518939972,0.18991418182849884,0.16062451899051666,0.18600063025951385,0.19949334859848022,0.5081485509872437,0.6028995513916016,0.05525558441877365,0.9190492928028107,0.23879249393939972,0.23015949130058289,0.21442677080631256,0.0917152687907219,0.18761958181858063,0.1785327047109604,0.17058221250772476,0.5003778636455536
forskolin,23,-0.2648526219620446,CPFLOW/comparison_outputs/full44_imageft2_morphology_candidates/images/forskolin/candidate_023_raw.png,CPFLOW/comparison_outputs/full44_imageft2_morphology_candidates/images/forskolin/candidate_023_display.png,0.59979248046875,0.04731328785419464,0.912126362323761,0.18971988558769226,0.2504994571208954,0.23143668472766876,0.13352888822555542,0.20667679607868195,0.2138310819864273,0.17071321606636047,0.5035223364830017,0.6028995513916016,0.05525558441877365,0.9190492928028107,0.23879249393939972,0.23015949130058289,0.21442677080631256,0.0917152687907219,0.18761958181858063,0.1785327047109604,0.17058221250772476,0.5003778636455536
forskolin,24,-0.972846375674507,CPFLOW/comparison_outputs/full44_imageft2_morphology_candidates/images/forskolin/candidate_024_raw.png,CPFLOW/comparison_outputs/full44_imageft2_morphology_candidates/images/forskolin/candidate_024_display.png,0.83966064453125,0.05993933230638504,0.942855954170227,0.2590583264827728,0.27846765518188477,0.2192065715789795,0.1466839611530304,0.16999945044517517,0.15258803963661194,0.20839513838291168,0.5039406418800354,0.6028995513916016,0.05525558441877365,0.9190492928028107,0.23879249393939972,0.23015949130058289,0.21442677080631256,0.0917152687907219,0.18761958181858063,0.1785327047109604,0.17058221250772476,0.5003778636455536
forskolin,25,-0.4490690497719507,CPFLOW/comparison_outputs/full44_imageft2_morphology_candidates/images/forskolin/candidate_025_raw.png,CPFLOW/comparison_outputs/full44_imageft2_morphology_candidates/images/forskolin/candidate_025_display.png,0.6925010681152344,0.05366816371679306,0.9132669568061829,0.2448699027299881,0.26583486795425415,0.26074180006980896,0.11574443429708481,0.19414669275283813,0.20857620239257812,0.17539653182029724,0.5053191184997559,0.6028995513916016,0.05525558441877365,0.9190492928028107,0.23879249393939972,0.23015949130058289,0.21442677080631256,0.0917152687907219,0.18761958181858063,0.1785327047109604,0.17058221250772476,0.5003778636455536
forskolin,26,-4.8039414577520825,CPFLOW/comparison_outputs/full44_imageft2_morphology_candidates/images/forskolin/candidate_026_raw.png,CPFLOW/comparison_outputs/full44_imageft2_morphology_candidates/images/forskolin/candidate_026_display.png,0.958404541015625,0.06631142646074295,0.7897213101387024,0.346893846988678,0.35018056631088257,0.35462233424186707,0.1719408631324768,0.16487139463424683,0.17646969854831696,0.214006707072258,0.5041390061378479,0.6028995513916016,0.05525558441877365,0.9190492928028107,0.23879249393939972,0.23015949130058289,0.21442677080631256,0.0917152687907219,0.18761958181858063,0.1785327047109604,0.17058221250772476,0.5003778636455536
forskolin,27,-5.230203328739648,CPFLOW/comparison_outputs/full44_imageft2_morphology_candidates/images/forskolin/candidate_027_raw.png,CPFLOW/comparison_outputs/full44_imageft2_morphology_candidates/images/forskolin/candidate_027_display.png,0.9836997985839844,0.08912178128957748,0.7459595799446106,0.34702178835868835,0.34599027037620544,0.4490765333175659,0.22113516926765442,0.1680736094713211,0.17455852031707764,0.21543166041374207,0.49154093861579895,0.6028995513916016,0.05525558441877365,0.9190492928028107,0.23879249393939972,0.23015949130058289,0.21442677080631256,0.0917152687907219,0.18761958181858063,0.1785327047109604,0.17058221250772476,0.5003778636455536
forskolin,28,-0.6654771070227954,CPFLOW/comparison_outputs/full44_imageft2_morphology_candidates/images/forskolin/candidate_028_raw.png,CPFLOW/comparison_outputs/full44_imageft2_morphology_candidates/images/forskolin/candidate_028_display.png,0.7542266845703125,0.05205031484365463,0.8737555742263794,0.23689943552017212,0.28420478105545044,0.23585663735866547,0.12733621895313263,0.18152141571044922,0.17740976810455322,0.1784220039844513,0.511638879776001,0.6028995513916016,0.05525558441877365,0.9190492928028107,0.23879249393939972,0.23015949130058289,0.21442677080631256,0.0917152687907219,0.18761958181858063,0.1785327047109604,0.17058221250772476,0.5003778636455536
forskolin,29,-4.860885271066667,CPFLOW/comparison_outputs/full44_imageft2_morphology_candidates/images/forskolin/candidate_029_raw.png,CPFLOW/comparison_outputs/full44_imageft2_morphology_candidates/images/forskolin/candidate_029_display.png,0.97747802734375,0.07154044508934021,0.7635723352432251,0.3073421120643616,0.325128436088562,0.35617539286613464,0.17425599694252014,0.16223204135894775,0.16043730080127716,0.19235770404338837,0.5101355910301208,0.6028995513916016,0.05525558441877365,0.9190492928028107,0.23879249393939972,0.23015949130058289,0.21442677080631256,0.0917152687907219,0.18761958181858063,0.1785327047109604,0.17058221250772476,0.5003778636455536
forskolin,30,-4.946501048153557,CPFLOW/comparison_outputs/full44_imageft2_morphology_candidates/images/forskolin/candidate_030_raw.png,CPFLOW/comparison_outputs/full44_imageft2_morphology_candidates/images/forskolin/candidate_030_display.png,0.9797897338867188,0.06836262345314026,0.7447463870048523,0.31200405955314636,0.330937922000885,0.3828059434890747,0.19664223492145538,0.1540514975786209,0.16301807761192322,0.2107824683189392,0.5094748139381409,0.6028995513916016,0.05525558441877365,0.9190492928028107,0.23879249393939972,0.23015949130058289,0.21442677080631256,0.0917152687907219,0.18761958181858063,0.1785327047109604,0.17058221250772476,0.5003778636455536
forskolin,31,-4.962765015686501,CPFLOW/comparison_outputs/full44_imageft2_morphology_candidates/images/forskolin/candidate_031_raw.png,CPFLOW/comparison_outputs/full44_imageft2_morphology_candidates/images/forskolin/candidate_031_display.png,0.9861297607421875,0.07677101343870163,0.7733952403068542,0.3195289075374603,0.3061596155166626,0.3734417259693146,0.204454243183136,0.1685553789138794,0.1687435805797577,0.21349650621414185,0.4825673997402191,0.6028995513916016,0.05525558441877365,0.9190492928028107,0.23879249393939972,0.23015949130058289,0.21442677080631256,0.0917152687907219,0.18761958181858063,0.1785327047109604,0.17058221250772476,0.5003778636455536
floxuridine,0,-0.5090288807841163,CPFLOW/comparison_outputs/full44_imageft2_morphology_candidates/images/floxuridine/candidate_000_raw.png,CPFLOW/comparison_outputs/full44_imageft2_morphology_candidates/images/floxuridine/candidate_000_display.png,0.3316078186035156,0.06463119387626648,0.9117642045021057,0.16172631084918976,0.1579110026359558,0.15325510501861572,0.10312466323375702,0.20822209119796753,0.21746590733528137,0.12961871922016144,0.48465096950531006,0.43242645263671875,0.060908980667591095,0.9386134743690491,0.19948767870664597,0.19206741452217102,0.1909102275967598,0.09474299848079681,0.20161867141723633,0.21266160905361176,0.1596432402729988,0.5031541585922241
floxuridine,1,-0.8797804999403182,CPFLOW/comparison_outputs/full44_imageft2_morphology_candidates/images/floxuridine/candidate_001_raw.png,CPFLOW/comparison_outputs/full44_imageft2_morphology_candidates/images/floxuridine/candidate_001_display.png,0.6266937255859375,0.05777594447135925,0.8695026636123657,0.21287418901920319,0.2177044302225113,0.22845233976840973,0.18673525750637054,0.20503206551074982,0.23307126760482788,0.1572335958480835,0.4900161623954773,0.43242645263671875,0.060908980667591095,0.9386134743690491,0.19948767870664597,0.19206741452217102,0.1909102275967598,0.09474299848079681,0.20161867141723633,0.21266160905361176,0.1596432402729988,0.5031541585922241
floxuridine,2,-5.265187541488076,CPFLOW/comparison_outputs/full44_imageft2_morphology_candidates/images/floxuridine/candidate_002_raw.png,CPFLOW/comparison_outputs/full44_imageft2_morphology_candidates/images/floxuridine/candidate_002_display.png,0.9573402404785156,0.049877673387527466,0.7965304851531982,0.2460128217935562,0.10045547038316727,0.07732076197862625,0.19930332899093628,0.19892552495002747,0.16969524323940277,0.10825446993112564,0.47558555006980896,0.43242645263671875,0.060908980667591095,0.9386134743690491,0.19948767870664597,0.19206741452217102,0.1909102275967598,0.09474299848079681,0.20161867141723633,0.21266160905361176,0.1596432402729988,0.5031541585922241
floxuridine,3,-0.8778507135786752,CPFLOW/comparison_outputs/full44_imageft2_morphology_candidates/images/floxuridine/candidate_003_raw.png,CPFLOW/comparison_outputs/full44_imageft2_morphology_candidates/images/floxuridine/candidate_003_display.png,0.2787055969238281,0.04852510988712311,0.9074100852012634,0.17978540062904358,0.10139355808496475,0.12882857024669647,0.1266457438468933,0.1926010102033615,0.2036954015493393,0.11946157366037369,0.4895171523094177,0.43242645263671875,0.060908980667591095,0.9386134743690491,0.19948767870664597,0.19206741452217102,0.1909102275967598,0.09474299848079681,0.20161867141723633,0.21266160905361176,0.1596432402729988,0.5031541585922241
floxuridine,4,-1.4048235791028725,CPFLOW/comparison_outputs/full44_imageft2_morphology_candidates/images/floxuridine/candidate_004_raw.png,CPFLOW/comparison_outputs/full44_imageft2_morphology_candidates/images/floxuridine/candidate_004_display.png,0.19240188598632812,0.04214537888765335,0.8902392387390137,0.13944657146930695,0.07583513855934143,0.07459444552659988,0.12137394398450851,0.16778536140918732,0.15290343761444092,0.10628215223550797,0.4827801585197449,0.43242645263671875,0.060908980667591095,0.9386134743690491,0.19948767870664597,0.19206741452217102,0.1909102275967598,0.09474299848079681,0.20161867141723633,0.21266160905361176,0.1596432402729988,0.5031541585922241
floxuridine,5,-0.7511113336123492,CPFLOW/comparison_outputs/full44_imageft2_morphology_candidates/images/floxuridine/candidate_005_raw.png,CPFLOW/comparison_outputs/full44_imageft2_morphology_candidates/images/floxuridine/candidate_005_display.png,0.28603363037109375,0.05823555588722229,0.8979506492614746,0.14166133105754852,0.1279517561197281,0.12587414681911469,0.09813164919614792,0.18885989487171173,0.1880040317773819,0.1232844740152359,0.49547430872917175,0.43242645263671875,0.060908980667591095,0.9386134743690491,0.19948767870664597,0.19206741452217102,0.1909102275967598,0.09474299848079681,0.20161867141723633,0.21266160905361176,0.1596432402729988,0.5031541585922241
floxuridine,6,-0.29008825979507574,CPFLOW/comparison_outputs/full44_imageft2_morphology_candidates/images/floxuridine/candidate_006_raw.png,CPFLOW/comparison_outputs/full44_imageft2_morphology_candidates/images/floxuridine/candidate_006_display.png,0.4227256774902344,0.06672734767198563,0.8721283674240112,0.17102566361427307,0.17457903921604156,0.16096726059913635,0.13669784367084503,0.19484329223632812,0.19992245733737946,0.13322077691555023,0.5031604766845703,0.43242645263671875,0.060908980667591095,0.9386134743690491,0.19948767870664597,0.19206741452217102,0.1909102275967598,0.09474299848079681,0.20161867141723633,0.21266160905361176,0.1596432402729988,0.5031541585922241
floxuridine,7,-1.5470968853126172,CPFLOW/comparison_outputs/full44_imageft2_morphology_candidates/images/floxuridine/candidate_007_raw.png,CPFLOW/comparison_outputs/full44_imageft2_morphology_candidates/images/floxuridine/candidate_007_display.png,0.16180801391601562,0.03798341751098633,0.8763342499732971,0.11709579825401306,0.0992870107293129,0.07959261536598206,0.11959844082593918,0.1739124059677124,0.1477300077676773,0.09708560258150101,0.4888794720172882,0.43242645263671875,0.060908980667591095,0.9386134743690491,0.19948767870664597,0.19206741452217102,0.1909102275967598,0.09474299848079681,0.20161867141723633,0.21266160905361176,0.1596432402729988,0.5031541585922241
floxuridine,8,-0.700227328142326,CPFLOW/comparison_outputs/full44_imageft2_morphology_candidates/images/floxuridine/candidate_008_raw.png,CPFLOW/comparison_outputs/full44_imageft2_morphology_candidates/images/floxuridine/candidate_008_display.png,0.376708984375,0.045188404619693756,0.8728979229927063,0.15173055231571198,0.13312816619873047,0.10592824965715408,0.1464439332485199,0.19783833622932434,0.1871039867401123,0.10573559254407883,0.4960116147994995,0.43242645263671875,0.060908980667591095,0.9386134743690491,0.19948767870664597,0.19206741452217102,0.1909102275967598,0.09474299848079681,0.20161867141723633,0.21266160905361176,0.1596432402729988,0.5031541585922241
floxuridine,9,-1.915109558191825,CPFLOW/comparison_outputs/full44_imageft2_morphology_candidates/images/floxuridine/candidate_009_raw.png,CPFLOW/comparison_outputs/full44_imageft2_morphology_candidates/images/floxuridine/candidate_009_display.png,0.10231399536132812,0.029698584228754044,0.8948037028312683,0.1116737574338913,0.04888680577278137,0.056092701852321625,0.0947151929140091,0.14732152223587036,0.146711528301239,0.09890008717775345,0.49007418751716614,0.43242645263671875,0.060908980667591095,0.9386134743690491,0.19948767870664597,0.19206741452217102,0.1909102275967598,0.09474299848079681,0.20161867141723633,0.21266160905361176,0.1596432402729988,0.5031541585922241
floxuridine,10,-1.3736724319050104,CPFLOW/comparison_outputs/full44_imageft2_morphology_candidates/images/floxuridine/candidate_010_raw.png,CPFLOW/comparison_outputs/full44_imageft2_morphology_candidates/images/floxuridine/candidate_010_display.png,0.18178558349609375,0.0410720519721508,0.9106536507606506,0.14457233250141144,0.07341506332159042,0.07375961542129517,0.09417766332626343,0.17739064991474152,0.17890174686908722,0.11081233620643616,0.4842991232872009,0.43242645263671875,0.060908980667591095,0.9386134743690491,0.19948767870664597,0.19206741452217102,0.1909102275967598,0.09474299848079681,0.20161867141723633,0.21266160905361176,0.1596432402729988,0.5031541585922241
floxuridine,11,-0.7379049939524225,CPFLOW/comparison_outputs/full44_imageft2_morphology_candidates/images/floxuridine/candidate_011_raw.png,CPFLOW/comparison_outputs/full44_imageft2_morphology_candidates/images/floxuridine/candidate_011_display.png,0.308685302734375,0.048519864678382874,0.8781159520149231,0.16407857835292816,0.16412514448165894,0.1465359926223755,0.13958188891410828,0.21690581738948822,0.21667127311229706,0.1280001997947693,0.5031699538230896,0.43242645263671875,0.060908980667591095,0.9386134743690491,0.19948767870664597,0.19206741452217102,0.1909102275967598,0.09474299848079681,0.20161867141723633,0.21266160905361176,0.1596432402729988,0.5031541585922241
floxuridine,12,-1.510570933883173,CPFLOW/comparison_outputs/full44_imageft2_morphology_candidates/images/floxuridine/candidate_012_raw.png,CPFLOW/comparison_outputs/full44_imageft2_morphology_candidates/images/floxuridine/candidate_012_display.png,0.16242218017578125,0.03726094216108322,0.8756862878799438,0.13194887340068817,0.07308720052242279,0.10029169917106628,0.1032063364982605,0.17141921818256378,0.17334969341754913,0.10231871157884598,0.500600278377533,0.43242645263671875,0.060908980667591095,0.9386134743690491,0.19948767870664597,0.19206741452217102,0.1909102275967598,0.09474299848079681,0.20161867141723633,0.21266160905361176,0.1596432402729988,0.5031541585922241
floxuridine,13,-1.5099251158388376,CPFLOW/comparison_outputs/full44_imageft2_morphology_candidates/images/floxuridine/candidate_013_raw.png,CPFLOW/comparison_outputs/full44_imageft2_morphology_candidates/images/floxuridine/candidate_013_display.png,0.13817596435546875,0.041139040142297745,0.9057446122169495,0.11992716789245605,0.07831189036369324,0.08918552845716476,0.09614580124616623,0.18073374032974243,0.1733701229095459,0.10446140915155411,0.475816011428833,0.43242645263671875,0.060908980667591095,0.9386134743690491,0.19948767870664597,0.19206741452217102,0.1909102275967598,0.09474299848079681,0.20161867141723633,0.21266160905361176,0.1596432402729988,0.5031541585922241
floxuridine,14,-0.2986318445692258,CPFLOW/comparison_outputs/full44_imageft2_morphology_candidates/images/floxuridine/candidate_014_raw.png,CPFLOW/comparison_outputs/full44_imageft2_morphology_candidates/images/floxuridine/candidate_014_display.png,0.40508270263671875,0.06848730146884918,0.9101408123970032,0.21680817008018494,0.1402040272951126,0.1687551885843277,0.10123176872730255,0.21248862147331238,0.21412865817546844,0.13664911687374115,0.4870794713497162,0.43242645263671875,0.060908980667591095,0.9386134743690491,0.19948767870664597,0.19206741452217102,0.1909102275967598,0.09474299848079681,0.20161867141723633,0.21266160905361176,0.1596432402729988,0.5031541585922241
floxuridine,15,-1.1247595831650588,CPFLOW/comparison_outputs/full44_imageft2_morphology_candidates/images/floxuridine/candidate_015_raw.png,CPFLOW/comparison_outputs/full44_imageft2_morphology_candidates/images/floxuridine/candidate_015_display.png,0.6035957336425781,0.04614633694291115,0.8116036653518677,0.16790252923965454,0.09854152798652649,0.13654734194278717,0.16293181478977203,0.14915496110916138,0.1826438307762146,0.11884910613298416,0.5007264614105225,0.43242645263671875,0.060908980667591095,0.9386134743690491,0.19948767870664597,0.19206741452217102,0.1909102275967598,0.09474299848079681,0.20161867141723633,0.21266160905361176,0.1596432402729988,0.5031541585922241
floxuridine,16,-1.2949376022214472,CPFLOW/comparison_outputs/full44_imageft2_morphology_candidates/images/floxuridine/candidate_016_raw.png,CPFLOW/comparison_outputs/full44_imageft2_morphology_candidates/images/floxuridine/candidate_016_display.png,0.2689323425292969,0.035029008984565735,0.8719080090522766,0.1643969565629959,0.05440380424261093,0.08363441377878189,0.1372504085302353,0.161025732755661,0.1670849621295929,0.10085301101207733,0.4974786639213562,0.43242645263671875,0.060908980667591095,0.9386134743690491,0.19948767870664597,0.19206741452217102,0.1909102275967598,0.09474299848079681,0.20161867141723633,0.21266160905361176,0.1596432402729988,0.5031541585922241
floxuridine,17,-1.031243152870531,CPFLOW/comparison_outputs/full44_imageft2_morphology_candidates/images/floxuridine/candidate_017_raw.png,CPFLOW/comparison_outputs/full44_imageft2_morphology_candidates/images/floxuridine/candidate_017_display.png,0.23701095581054688,0.044962771236896515,0.9054695963859558,0.14508068561553955,0.15023158490657806,0.12119497358798981,0.12171067297458649,0.21397599577903748,0.1852247565984726,0.11807691305875778,0.4929311275482178,0.43242645263671875,0.060908980667591095,0.9386134743690491,0.19948767870664597,0.19206741452217102,0.1909102275967598,0.09474299848079681,0.20161867141723633,0.21266160905361176,0.1596432402729988,0.5031541585922241
floxuridine,18,-0.2966535324524333,CPFLOW/comparison_outputs/full44_imageft2_morphology_candidates/images/floxuridine/candidate_018_raw.png,CPFLOW/comparison_outputs/full44_imageft2_morphology_candidates/images/floxuridine/candidate_018_display.png,0.4708824157714844,0.06099662557244301,0.8957554697990417,0.23153193295001984,0.19540800154209137,0.1769537478685379,0.1437525451183319,0.23861227929592133,0.21252146363258362,0.13808391988277435,0.48513609170913696,0.43242645263671875,0.060908980667591095,0.9386134743690491,0.19948767870664597,0.19206741452217102,0.1909102275967598,0.09474299848079681,0.20161867141723633,0.21266160905361176,0.1596432402729988,0.5031541585922241
floxuridine,19,-0.40654189828022513,CPFLOW/comparison_outputs/full44_imageft2_morphology_candidates/images/floxuridine/candidate_019_raw.png,CPFLOW/comparison_outputs/full44_imageft2_morphology_candidates/images/floxuridine/candidate_019_display.png,0.4993476867675781,0.060441307723522186,0.9159261584281921,0.21634164452552795,0.21416902542114258,0.22711192071437836,0.15207944810390472,0.21805718541145325,0.2394806444644928,0.16140758991241455,0.4949837327003479,0.43242645263671875,0.060908980667591095,0.9386134743690491,0.19948767870664597,0.19206741452217102,0.1909102275967598,0.09474299848079681,0.20161867141723633,0.21266160905361176,0.1596432402729988,0.5031541585922241
floxuridine,20,-1.9878919453825459,CPFLOW/comparison_outputs/full44_imageft2_morphology_candidates/images/floxuridine/candidate_020_raw.png,CPFLOW/comparison_outputs/full44_imageft2_morphology_candidates/images/floxuridine/candidate_020_display.png,0.9113235473632812,0.04964364320039749,0.8388321399688721,0.18962755799293518,0.12125036865472794,0.10814697295427322,0.18585442006587982,0.18478767573833466,0.18427424132823944,0.10829862952232361,0.5057945251464844,0.43242645263671875,0.060908980667591095,0.9386134743690491,0.19948767870664597,0.19206741452217102,0.1909102275967598,0.09474299848079681,0.20161867141723633,0.21266160905361176,0.1596432402729988,0.5031541585922241
floxuridine,21,-0.8933004637896026,CPFLOW/comparison_outputs/full44_imageft2_morphology_candidates/images/floxuridine/candidate_021_raw.png,CPFLOW/comparison_outputs/full44_imageft2_morphology_candidates/images/floxuridine/candidate_021_display.png,0.293792724609375,0.04855243116617203,0.882832944393158,0.18683916330337524,0.0943879634141922,0.11659349501132965,0.12906433641910553,0.20398561656475067,0.1783047765493393,0.10822612047195435,0.4959805905818939,0.43242645263671875,0.060908980667591095,0.9386134743690491,0.19948767870664597,0.19206741452217102,0.1909102275967598,0.09474299848079681,0.20161867141723633,0.21266160905361176,0.1596432402729988,0.5031541585922241
floxuridine,22,-0.373470468861325,CPFLOW/comparison_outputs/full44_imageft2_morphology_candidates/images/floxuridine/candidate_022_raw.png,CPFLOW/comparison_outputs/full44_imageft2_morphology_candidates/images/floxuridine/candidate_022_display.png,0.46073150634765625,0.04862045496702194,0.8827376365661621,0.18906234204769135,0.1934683471918106,0.169313445687294,0.15058019757270813,0.21069185435771942,0.19450849294662476,0.14653223752975464,0.4962257146835327,0.43242645263671875,0.060908980667591095,0.9386134743690491,0.19948767870664597,0.19206741452217102,0.1909102275967598,0.09474299848079681,0.20161867141723633,0.21266160905361176,0.1596432402729988,0.5031541585922241
floxuridine,23,-0.6473850816442788,CPFLOW/comparison_outputs/full44_imageft2_morphology_candidates/images/floxuridine/candidate_023_raw.png,CPFLOW/comparison_outputs/full44_imageft2_morphology_candidates/images/floxuridine/candidate_023_display.png,0.3316001892089844,0.05034327134490013,0.9089094400405884,0.17610915005207062,0.13096076250076294,0.14914433658123016,0.14304442703723907,0.2031688392162323,0.2174558788537979,0.129179909825325,0.5042476058006287,0.43242645263671875,0.060908980667591095,0.9386134743690491,0.19948767870664597,0.19206741452217102,0.1909102275967598,0.09474299848079681,0.20161867141723633,0.21266160905361176,0.1596432402729988,0.5031541585922241
floxuridine,24,-2.0068325801112654,CPFLOW/comparison_outputs/full44_imageft2_morphology_candidates/images/floxuridine/candidate_024_raw.png,CPFLOW/comparison_outputs/full44_imageft2_morphology_candidates/images/floxuridine/candidate_024_display.png,0.07245254516601562,0.03082393668591976,0.9281017780303955,0.06955570727586746,0.07373427599668503,0.05754547193646431,0.07634959369897842,0.15300385653972626,0.12008226662874222,0.08670365810394287,0.48404765129089355,0.43242645263671875,0.060908980667591095,0.9386134743690491,0.19948767870664597,0.19206741452217102,0.1909102275967598,0.09474299848079681,0.20161867141723633,0.21266160905361176,0.1596432402729988,0.5031541585922241
floxuridine,25,-0.505335376223571,CPFLOW/comparison_outputs/full44_imageft2_morphology_candidates/images/floxuridine/candidate_025_raw.png,CPFLOW/comparison_outputs/full44_imageft2_morphology_candidates/images/floxuridine/candidate_025_display.png,0.34181976318359375,0.055393025279045105,0.9078480005264282,0.1762068271636963,0.15642021596431732,0.16507726907730103,0.12228146195411682,0.21631361544132233,0.2265927791595459,0.1368633210659027,0.5002467632293701,0.43242645263671875,0.060908980667591095,0.9386134743690491,0.19948767870664597,0.19206741452217102,0.1909102275967598,0.09474299848079681,0.20161867141723633,0.21266160905361176,0.1596432402729988,0.5031541585922241
floxuridine,26,-1.4870682625274294,CPFLOW/comparison_outputs/full44_imageft2_morphology_candidates/images/floxuridine/candidate_026_raw.png,CPFLOW/comparison_outputs/full44_imageft2_morphology_candidates/images/floxuridine/candidate_026_display.png,0.6508674621582031,0.04798366129398346,0.8116153478622437,0.14306314289569855,0.05376739799976349,0.05856664106249809,0.15621554851531982,0.12407064437866211,0.12875176966190338,0.08224470913410187,0.4777805507183075,0.43242645263671875,0.060908980667591095,0.9386134743690491,0.19948767870664597,0.19206741452217102,0.1909102275967598,0.09474299848079681,0.20161867141723633,0.21266160905361176,0.1596432402729988,0.5031541585922241
floxuridine,27,-0.21256185091134827,CPFLOW/comparison_outputs/full44_imageft2_morphology_candidates/images/floxuridine/candidate_027_raw.png,CPFLOW/comparison_outputs/full44_imageft2_morphology_candidates/images/floxuridine/candidate_027_display.png,0.4417724609375,0.059292688965797424,0.9027608036994934,0.2342904657125473,0.16838914155960083,0.1778673529624939,0.11827205866575241,0.2246699184179306,0.23162460327148438,0.14130935072898865,0.49492138624191284,0.43242645263671875,0.060908980667591095,0.9386134743690491,0.19948767870664597,0.19206741452217102,0.1909102275967598,0.09474299848079681,0.20161867141723633,0.21266160905361176,0.1596432402729988,0.5031541585922241
floxuridine,28,-2.806409885280568,CPFLOW/comparison_outputs/full44_imageft2_morphology_candidates/images/floxuridine/candidate_028_raw.png,CPFLOW/comparison_outputs/full44_imageft2_morphology_candidates/images/floxuridine/candidate_028_display.png,0.87567138671875,0.11836439371109009,0.39487192034721375,0.19829986989498138,0.05177677050232887,0.07750454545021057,0.24095650017261505,0.07558794319629669,0.07355900853872299,0.09812749922275543,0.4873075485229492,0.43242645263671875,0.060908980667591095,0.9386134743690491,0.19948767870664597,0.19206741452217102,0.1909102275967598,0.09474299848079681,0.20161867141723633,0.21266160905361176,0.1596432402729988,0.5031541585922241
floxuridine,29,-0.5082006244578445,CPFLOW/comparison_outputs/full44_imageft2_morphology_candidates/images/floxuridine/candidate_029_raw.png,CPFLOW/comparison_outputs/full44_imageft2_morphology_candidates/images/floxuridine/candidate_029_display.png,0.49037933349609375,0.07227359712123871,0.8790866136550903,0.21133682131767273,0.11700081825256348,0.17676210403442383,0.1348298192024231,0.1831512451171875,0.20974132418632507,0.12881892919540405,0.5051004886627197,0.43242645263671875,0.060908980667591095,0.9386134743690491,0.19948767870664597,0.19206741452217102,0.1909102275967598,0.09474299848079681,0.20161867141723633,0.21266160905361176,0.1596432402729988,0.5031541585922241
floxuridine,30,-0.3075293097013668,CPFLOW/comparison_outputs/full44_imageft2_morphology_candidates/images/floxuridine/candidate_030_raw.png,CPFLOW/comparison_outputs/full44_imageft2_morphology_candidates/images/floxuridine/candidate_030_display.png,0.411346435546875,0.05223189294338226,0.8898135423660278,0.18887226283550262,0.19951117038726807,0.17925740778446198,0.15108774602413177,0.226998433470726,0.21809901297092438,0.1484953910112381,0.48751750588417053,0.43242645263671875,0.060908980667591095,0.9386134743690491,0.19948767870664597,0.19206741452217102,0.1909102275967598,0.09474299848079681,0.20161867141723633,0.21266160905361176,0.1596432402729988,0.5031541585922241
floxuridine,31,-0.9245439759645802,CPFLOW/comparison_outputs/full44_imageft2_morphology_candidates/images/floxuridine/candidate_031_raw.png,CPFLOW/comparison_outputs/full44_imageft2_morphology_candidates/images/floxuridine/candidate_031_display.png,0.2866172790527344,0.04309931769967079,0.8937299251556396,0.16023105382919312,0.12441612780094147,0.1198495477437973,0.11952240020036697,0.2067660540342331,0.17908471822738647,0.12598218023777008,0.47721067070961,0.43242645263671875,0.060908980667591095,0.9386134743690491,0.19948767870664597,0.19206741452217102,0.1909102275967598,0.09474299848079681,0.20161867141723633,0.21266160905361176,0.1596432402729988,0.5031541585922241
etoposide,0,-0.4239209335259322,CPFLOW/comparison_outputs/full44_imageft2_morphology_candidates/images/etoposide/candidate_000_raw.png,CPFLOW/comparison_outputs/full44_imageft2_morphology_candidates/images/etoposide/candidate_000_display.png,0.8361167907714844,0.05000247806310654,0.9039306044578552,0.26802244782447815,0.3382515609264374,0.2783009707927704,0.14987128973007202,0.18403859436511993,0.17489713430404663,0.17452067136764526,0.5132724642753601,0.8184432983398438,0.07827858626842499,0.9296450614929199,0.29089903831481934,0.3191419541835785,0.3014344274997711,0.14212623238563538,0.18521802127361298,0.20260171592235565,0.21411484479904175,0.4974319636821747
etoposide,1,-0.3520136726243528,CPFLOW/comparison_outputs/full44_imageft2_morphology_candidates/images/etoposide/candidate_001_raw.png,CPFLOW/comparison_outputs/full44_imageft2_morphology_candidates/images/etoposide/candidate_001_display.png,0.8588752746582031,0.07475998997688293,0.9157901406288147,0.34702667593955994,0.35861411690711975,0.3647986650466919,0.14900116622447968,0.19063568115234375,0.2148585021495819,0.20310916006565094,0.5117368102073669,0.8184432983398438,0.07827858626842499,0.9296450614929199,0.29089903831481934,0.3191419541835785,0.3014344274997711,0.14212623238563538,0.18521802127361298,0.20260171592235565,0.21411484479904175,0.4974319636821747
etoposide,2,-0.3089567006940536,CPFLOW/comparison_outputs/full44_imageft2_morphology_candidates/images/etoposide/candidate_002_raw.png,CPFLOW/comparison_outputs/full44_imageft2_morphology_candidates/images/etoposide/candidate_002_display.png,0.7801055908203125,0.07085277140140533,0.9344930648803711,0.32738035917282104,0.3068424165248871,0.2828838527202606,0.11336662620306015,0.20346754789352417,0.21837356686592102,0.19169755280017853,0.5012703537940979,0.8184432983398438,0.07827858626842499,0.9296450614929199,0.29089903831481934,0.3191419541835785,0.3014344274997711,0.14212623238563538,0.18521802127361298,0.20260171592235565,0.21411484479904175,0.4974319636821747
etoposide,3,-0.34047641150508207,CPFLOW/comparison_outputs/full44_imageft2_morphology_candidates/images/etoposide/candidate_003_raw.png,CPFLOW/comparison_outputs/full44_imageft2_morphology_candidates/images/etoposide/candidate_003_display.png,0.7811470031738281,0.06747617572546005,0.9275698661804199,0.31888699531555176,0.3253263533115387,0.25804373621940613,0.10840880125761032,0.2034180462360382,0.2000127136707306,0.1915755271911621,0.5088673830032349,0.8184432983398438,0.07827858626842499,0.9296450614929199,0.29089903831481934,0.3191419541835785,0.3014344274997711,0.14212623238563538,0.18521802127361298,0.20260171592235565,0.21411484479904175,0.4974319636821747
etoposide,4,-0.4891318173305402,CPFLOW/comparison_outputs/full44_imageft2_morphology_candidates/images/etoposide/candidate_004_raw.png,CPFLOW/comparison_outputs/full44_imageft2_morphology_candidates/images/etoposide/candidate_004_display.png,0.8110733032226562,0.05328318476676941,0.8517496585845947,0.24458733201026917,0.2757284641265869,0.25996947288513184,0.1315680593252182,0.16306346654891968,0.17215216159820557,0.17986299097537994,0.5121774673461914,0.8184432983398438,0.07827858626842499,0.9296450614929199,0.29089903831481934,0.3191419541835785,0.3014344274997711,0.14212623238563538,0.18521802127361298,0.20260171592235565,0.21411484479904175,0.4974319636821747
etoposide,5,-0.4880885959501286,CPFLOW/comparison_outputs/full44_imageft2_morphology_candidates/images/etoposide/candidate_005_raw.png,CPFLOW/comparison_outputs/full44_imageft2_morphology_candidates/images/etoposide/candidate_005_display.png,0.8523750305175781,0.06241055950522423,0.916986882686615,0.3250351548194885,0.37669020891189575,0.38455384969711304,0.18046605587005615,0.19080916047096252,0.2214745581150055,0.20890343189239502,0.5140759348869324,0.8184432983398438,0.07827858626842499,0.9296450614929199,0.29089903831481934,0.3191419541835785,0.3014344274997711,0.14212623238563538,0.18521802127361298,0.20260171592235565,0.21411484479904175,0.4974319636821747
etoposide,6,-0.22765601572150823,CPFLOW/comparison_outputs/full44_imageft2_morphology_candidates/images/etoposide/candidate_006_raw.png,CPFLOW/comparison_outputs/full44_imageft2_morphology_candidates/images/etoposide/candidate_006_display.png,0.8379058837890625,0.08353087306022644,0.9172988533973694,0.3267136514186859,0.36295610666275024,0.316676527261734,0.14171014726161957,0.19786901772022247,0.20539431273937225,0.19111832976341248,0.5052139759063721,0.8184432983398438,0.07827858626842499,0.9296450614929199,0.29089903831481934,0.3191419541835785,0.3014344274997711,0.14212623238563538,0.18521802127361298,0.20260171592235565,0.21411484479904175,0.4974319636821747
etoposide,7,-0.29018640557911585,CPFLOW/comparison_outputs/full44_imageft2_morphology_candidates/images/etoposide/candidate_007_raw.png,CPFLOW/comparison_outputs/full44_imageft2_morphology_candidates/images/etoposide/candidate_007_display.png,0.8067245483398438,0.0672169029712677,0.9301396608352661,0.3251265585422516,0.26660194993019104,0.32423198223114014,0.11926521360874176,0.1758185476064682,0.21835686266422272,0.19179359078407288,0.5055390000343323,0.8184432983398438,0.07827858626842499,0.9296450614929199,0.29089903831481934,0.3191419541835785,0.3014344274997711,0.14212623238563538,0.18521802127361298,0.20260171592235565,0.21411484479904175,0.4974319636821747
etoposide,8,-0.4991337649808076,CPFLOW/comparison_outputs/full44_imageft2_morphology_candidates/images/etoposide/candidate_008_raw.png,CPFLOW/comparison_outputs/full44_imageft2_morphology_candidates/images/etoposide/candidate_008_display.png,0.8900642395019531,0.07976938784122467,0.9346553087234497,0.3989730775356293,0.376871258020401,0.37041062116622925,0.12631569802761078,0.19090093672275543,0.21445798873901367,0.21257147192955017,0.49491938948631287,0.8184432983398438,0.07827858626842499,0.9296450614929199,0.29089903831481934,0.3191419541835785,0.3014344274997711,0.14212623238563538,0.18521802127361298,0.20260171592235565,0.21411484479904175,0.4974319636821747
etoposide,9,-3.8014324994856983,CPFLOW/comparison_outputs/full44_imageft2_morphology_candidates/images/etoposide/candidate_009_raw.png,CPFLOW/comparison_outputs/full44_imageft2_morphology_candidates/images/etoposide/candidate_009_display.png,0.9386520385742188,0.0632241815328598,0.9013429284095764,0.3965432345867157,0.390136182308197,0.39535951614379883,0.14902912080287933,0.16490454971790314,0.20198245346546173,0.2227000594139099,0.5052440762519836,0.8184432983398438,0.07827858626842499,0.9296450614929199,0.29089903831481934,0.3191419541835785,0.3014344274997711,0.14212623238563538,0.18521802127361298,0.20260171592235565,0.21411484479904175,0.4974319636821747
etoposide,10,-0.23370566771593965,CPFLOW/comparison_outputs/full44_imageft2_morphology_candidates/images/etoposide/candidate_010_raw.png,CPFLOW/comparison_outputs/full44_imageft2_morphology_candidates/images/etoposide/candidate_010_display.png,0.8241653442382812,0.06139680743217468,0.9043968915939331,0.31467556953430176,0.3158639669418335,0.3200031518936157,0.15304610133171082,0.18337039649486542,0.2076060175895691,0.1973448246717453,0.5037443041801453,0.8184432983398438,0.07827858626842499,0.9296450614929199,0.29089903831481934,0.3191419541835785,0.3014344274997711,0.14212623238563538,0.18521802127361298,0.20260171592235565,0.21411484479904175,0.4974319636821747
etoposide,11,-0.2992097914828892,CPFLOW/comparison_outputs/full44_imageft2_morphology_candidates/images/etoposide/candidate_011_raw.png,CPFLOW/comparison_outputs/full44_imageft2_morphology_candidates/images/etoposide/candidate_011_display.png,0.7632293701171875,0.07653754949569702,0.9410743117332458,0.32001811265945435,0.3314916789531708,0.29758092761039734,0.12774944305419922,0.21571485698223114,0.22184596955776215,0.18788360059261322,0.5080387592315674,0.8184432983398438,0.07827858626842499,0.9296450614929199,0.29089903831481934,0.3191419541835785,0.3014344274997711,0.14212623238563538,0.18521802127361298,0.20260171592235565,0.21411484479904175,0.4974319636821747
etoposide,12,-0.26656959530287877,CPFLOW/comparison_outputs/full44_imageft2_morphology_candidates/images/etoposide/candidate_012_raw.png,CPFLOW/comparison_outputs/full44_imageft2_morphology_candidates/images/etoposide/candidate_012_display.png,0.8011856079101562,0.08640795201063156,0.9532573223114014,0.338125079870224,0.3260672092437744,0.29951900243759155,0.1034681648015976,0.20869065821170807,0.21920059621334076,0.1802849918603897,0.49929147958755493,0.8184432983398438,0.07827858626842499,0.9296450614929199,0.29089903831481934,0.3191419541835785,0.3014344274997711,0.14212623238563538,0.18521802127361298,0.20260171592235565,0.21411484479904175,0.4974319636821747
etoposide,13,-0.8768152878208975,CPFLOW/comparison_outputs/full44_imageft2_morphology_candidates/images/etoposide/candidate_013_raw.png,CPFLOW/comparison_outputs/full44_imageft2_morphology_candidates/images/etoposide/candidate_013_display.png,0.6473464965820312,0.06626003980636597,0.9467176795005798,0.27437421679496765,0.26570701599121094,0.24371276795864105,0.09354021400213242,0.21524903178215027,0.22495536506175995,0.17849113047122955,0.48546552658081055,0.8184432983398438,0.07827858626842499,0.9296450614929199,0.29089903831481934,0.3191419541835785,0.3014344274997711,0.14212623238563538,0.18521802127361298,0.20260171592235565,0.21411484479904175,0.4974319636821747
etoposide,14,-0.4298211021785344,CPFLOW/comparison_outputs/full44_imageft2_morphology_candidates/images/etoposide/candidate_014_raw.png,CPFLOW/comparison_outputs/full44_imageft2_morphology_candidates/images/etoposide/candidate_014_display.png,0.8695869445800781,0.07040879130363464,0.9109295010566711,0.34602493047714233,0.3570639193058014,0.36810535192489624,0.16348972916603088,0.18640835583209991,0.21924296021461487,0.21511894464492798,0.5108452439308167,0.8184432983398438,0.07827858626842499,0.9296450614929199,0.29089903831481934,0.3191419541835785,0.3014344274997711,0.14212623238563538,0.18521802127361298,0.20260171592235565,0.21411484479904175,0.4974319636821747
etoposide,15,-0.3389101409164708,CPFLOW/comparison_outputs/full44_imageft2_morphology_candidates/images/etoposide/candidate_015_raw.png,CPFLOW/comparison_outputs/full44_imageft2_morphology_candidates/images/etoposide/candidate_015_display.png,0.8008613586425781,0.059663377702236176,0.9069254398345947,0.3027481138706207,0.3551674783229828,0.31082096695899963,0.16978761553764343,0.20373541116714478,0.21418516337871552,0.19416283071041107,0.5002849698066711,0.8184432983398438,0.07827858626842499,0.9296450614929199,0.29089903831481934,0.3191419541835785,0.3014344274997711,0.14212623238563538,0.18521802127361298,0.20260171592235565,0.21411484479904175,0.4974319636821747
etoposide,16,-0.5276128292540494,CPFLOW/comparison_outputs/full44_imageft2_morphology_candidates/images/etoposide/candidate_016_raw.png,CPFLOW/comparison_outputs/full44_imageft2_morphology_candidates/images/etoposide/candidate_016_display.png,0.8934860229492188,0.06306760013103485,0.8823965787887573,0.33547139167785645,0.352969229221344,0.3434649407863617,0.1447434276342392,0.16948425769805908,0.19407765567302704,0.20006100833415985,0.517792284488678,0.8184432983398438,0.07827858626842499,0.9296450614929199,0.29089903831481934,0.3191419541835785,0.3014344274997711,0.14212623238563538,0.18521802127361298,0.20260171592235565,0.21411484479904175,0.4974319636821747
etoposide,17,-0.5171758773519601,CPFLOW/comparison_outputs/full44_imageft2_morphology_candidates/images/etoposide/candidate_017_raw.png,CPFLOW/comparison_outputs/full44_imageft2_morphology_candidates/images/etoposide/candidate_017_display.png,0.8932991027832031,0.06213771551847458,0.9412378668785095,0.3741750419139862,0.3399735689163208,0.35204067826271057,0.13242118060588837,0.18616461753845215,0.2070208638906479,0.21394479274749756,0.5053015947341919,0.8184432983398438,0.07827858626842499,0.9296450614929199,0.29089903831481934,0.3191419541835785,0.3014344274997711,0.14212623238563538,0.18521802127361298,0.20260171592235565,0.21411484479904175,0.4974319636821747
etoposide,18,-0.36653768455830466,CPFLOW/comparison_outputs/full44_imageft2_morphology_candidates/images/etoposide/candidate_018_raw.png,CPFLOW/comparison_outputs/full44_imageft2_morphology_candidates/images/etoposide/candidate_018_display.png,0.859771728515625,0.07110588252544403,0.8826931118965149,0.2903205156326294,0.36585843563079834,0.3322770595550537,0.17689882218837738,0.18306325376033783,0.18702521920204163,0.20088671147823334,0.5112572908401489,0.8184432983398438,0.07827858626842499,0.9296450614929199,0.29089903831481934,0.3191419541835785,0.3014344274997711,0.14212623238563538,0.18521802127361298,0.20260171592235565,0.21411484479904175,0.4974319636821747
etoposide,19,-0.5632369132578278,CPFLOW/comparison_outputs/full44_imageft2_morphology_candidates/images/etoposide/candidate_019_raw.png,CPFLOW/comparison_outputs/full44_imageft2_morphology_candidates/images/etoposide/candidate_019_display.png,0.9108238220214844,0.07577936351299286,0.9044041633605957,0.3531571328639984,0.3891933262348175,0.3740074336528778,0.1528356373310089,0.1745411455631256,0.20380185544490814,0.20332731306552887,0.4983099102973938,0.8184432983398438,0.07827858626842499,0.9296450614929199,0.29089903831481934,0.3191419541835785,0.3014344274997711,0.14212623238563538,0.18521802127361298,0.20260171592235565,0.21411484479904175,0.4974319636821747
etoposide,20,-0.2590960397137587,CPFLOW/comparison_outputs/full44_imageft2_morphology_candidates/images/etoposide/candidate_020_raw.png,CPFLOW/comparison_outputs/full44_imageft2_morphology_candidates/images/etoposide/candidate_020_display.png,0.8048782348632812,0.0731709897518158,0.9430119395256042,0.34720751643180847,0.30785924196243286,0.3483005166053772,0.12266666442155838,0.2014397829771042,0.22751934826374054,0.20413051545619965,0.5147795081138611,0.8184432983398438,0.07827858626842499,0.9296450614929199,0.29089903831481934,0.3191419541835785,0.3014344274997711,0.14212623238563538,0.18521802127361298,0.20260171592235565,0.21411484479904175,0.4974319636821747
etoposide,21,-0.42381971082922726,CPFLOW/comparison_outputs/full44_imageft2_morphology_candidates/images/etoposide/candidate_021_raw.png,CPFLOW/comparison_outputs/full44_imageft2_morphology_candidates/images/etoposide/candidate_021_display.png,0.8770179748535156,0.06637395173311234,0.9122639298439026,0.31770944595336914,0.3335573077201843,0.3576452136039734,0.16644646227359772,0.17038853466510773,0.20039251446723938,0.20784536004066467,0.511888861656189,0.8184432983398438,0.07827858626842499,0.9296450614929199,0.29089903831481934,0.3191419541835785,0.3014344274997711,0.14212623238563538,0.18521802127361298,0.20260171592235565,0.21411484479904175,0.4974319636821747
etoposide,22,-0.41253765790747793,CPFLOW/comparison_outputs/full44_imageft2_morphology_candidates/images/etoposide/candidate_022_raw.png,CPFLOW/comparison_outputs/full44_imageft2_morphology_candidates/images/etoposide/candidate_022_display.png,0.8835220336914062,0.07545550167560577,0.9162507057189941,0.33776843547821045,0.3721241354942322,0.3397749066352844,0.1675906479358673,0.18479087948799133,0.2067423015832901,0.20357674360275269,0.5059382319450378,0.8184432983398438,0.07827858626842499,0.9296450614929199,0.29089903831481934,0.3191419541835785,0.3014344274997711,0.14212623238563538,0.18521802127361298,0.20260171592235565,0.21411484479904175,0.4974319636821747
etoposide,23,-0.3487554073576603,CPFLOW/comparison_outputs/full44_imageft2_morphology_candidates/images/etoposide/candidate_023_raw.png,CPFLOW/comparison_outputs/full44_imageft2_morphology_candidates/images/etoposide/candidate_023_display.png,0.7584762573242188,0.06719687581062317,0.9122980237007141,0.27793577313423157,0.32701343297958374,0.28573670983314514,0.13704855740070343,0.2088889479637146,0.20059828460216522,0.19136099517345428,0.5155431032180786,0.8184432983398438,0.07827858626842499,0.9296450614929199,0.29089903831481934,0.3191419541835785,0.3014344274997711,0.14212623238563538,0.18521802127361298,0.20260171592235565,0.21411484479904175,0.4974319636821747
etoposide,24,-0.3914721134304887,CPFLOW/comparison_outputs/full44_imageft2_morphology_candidates/images/etoposide/candidate_024_raw.png,CPFLOW/comparison_outputs/full44_imageft2_morphology_candidates/images/etoposide/candidate_024_display.png,0.8731727600097656,0.06739450991153717,0.9373224377632141,0.3421201705932617,0.358928382396698,0.34034469723701477,0.13959267735481262,0.18383356928825378,0.19645996391773224,0.2104596644639969,0.5037326216697693,0.8184432983398438,0.07827858626842499,0.9296450614929199,0.29089903831481934,0.3191419541835785,0.3014344274997711,0.14212623238563538,0.18521802127361298,0.20260171592235565,0.21411484479904175,0.4974319636821747
etoposide,25,-0.6009411882793396,CPFLOW/comparison_outputs/full44_imageft2_morphology_candidates/images/etoposide/candidate_025_raw.png,CPFLOW/comparison_outputs/full44_imageft2_morphology_candidates/images/etoposide/candidate_025_display.png,0.9130859375,0.06008056551218033,0.9114493727684021,0.35359224677085876,0.31586286425590515,0.37217551469802856,0.13928556442260742,0.1597735583782196,0.19919069111347198,0.20330044627189636,0.5048397779464722,0.8184432983398438,0.07827858626842499,0.9296450614929199,0.29089903831481934,0.3191419541835785,0.3014344274997711,0.14212623238563538,0.18521802127361298,0.20260171592235565,0.21411484479904175,0.4974319636821747
etoposide,26,-0.3694563488674956,CPFLOW/comparison_outputs/full44_imageft2_morphology_candidates/images/etoposide/candidate_026_raw.png,CPFLOW/comparison_outputs/full44_imageft2_morphology_candidates/images/etoposide/candidate_026_display.png,0.837188720703125,0.055725403130054474,0.8707349300384521,0.2821318805217743,0.349214106798172,0.31298837065696716,0.15468376874923706,0.183345228433609,0.18994443118572235,0.19416989386081696,0.5025560855865479,0.8184432983398438,0.07827858626842499,0.9296450614929199,0.29089903831481934,0.3191419541835785,0.3014344274997711,0.14212623238563538,0.18521802127361298,0.20260171592235565,0.21411484479904175,0.4974319636821747
etoposide,27,-0.46762590168646534,CPFLOW/comparison_outputs/full44_imageft2_morphology_candidates/images/etoposide/candidate_027_raw.png,CPFLOW/comparison_outputs/full44_imageft2_morphology_candidates/images/etoposide/candidate_027_display.png,0.7356796264648438,0.0653272420167923,0.918817937374115,0.2795819342136383,0.2892857789993286,0.2729513645172119,0.13806132972240448,0.19877785444259644,0.215251162648201,0.1884731650352478,0.5129856467247009,0.8184432983398438,0.07827858626842499,0.9296450614929199,0.29089903831481934,0.3191419541835785,0.3014344274997711,0.14212623238563538,0.18521802127361298,0.20260171592235565,0.21411484479904175,0.4974319636821747
etoposide,28,-0.6874505961928494,CPFLOW/comparison_outputs/full44_imageft2_morphology_candidates/images/etoposide/candidate_028_raw.png,CPFLOW/comparison_outputs/full44_imageft2_morphology_candidates/images/etoposide/candidate_028_display.png,0.9090614318847656,0.061594121158123016,0.9261471033096313,0.39475125074386597,0.3726048171520233,0.4085681140422821,0.14397138357162476,0.17755666375160217,0.21534501016139984,0.21503277122974396,0.49836528301239014,0.8184432983398438,0.07827858626842499,0.9296450614929199,0.29089903831481934,0.3191419541835785,0.3014344274997711,0.14212623238563538,0.18521802127361298,0.20260171592235565,0.21411484479904175,0.4974319636821747
etoposide,29,-0.47044494870639586,CPFLOW/comparison_outputs/full44_imageft2_morphology_candidates/images/etoposide/candidate_029_raw.png,CPFLOW/comparison_outputs/full44_imageft2_morphology_candidates/images/etoposide/candidate_029_display.png,0.8527946472167969,0.05055815353989601,0.926018476486206,0.32245907187461853,0.29400575160980225,0.3431212604045868,0.1303347796201706,0.16447192430496216,0.20698848366737366,0.20164355635643005,0.5323995351791382,0.8184432983398438,0.07827858626842499,0.9296450614929199,0.29089903831481934,0.3191419541835785,0.3014344274997711,0.14212623238563538,0.18521802127361298,0.20260171592235565,0.21411484479904175,0.4974319636821747
etoposide,30,-0.3643217564743151,CPFLOW/comparison_outputs/full44_imageft2_morphology_candidates/images/etoposide/candidate_030_raw.png,CPFLOW/comparison_outputs/full44_imageft2_morphology_candidates/images/etoposide/candidate_030_display.png,0.8666267395019531,0.0660942941904068,0.9041897654533386,0.3236050307750702,0.35308021306991577,0.3102633059024811,0.1280093640089035,0.17709147930145264,0.19799478352069855,0.19773492217063904,0.5036240816116333,0.8184432983398438,0.07827858626842499,0.9296450614929199,0.29089903831481934,0.3191419541835785,0.3014344274997711,0.14212623238563538,0.18521802127361298,0.20260171592235565,0.21411484479904175,0.4974319636821747
etoposide,31,-0.851744450920261,CPFLOW/comparison_outputs/full44_imageft2_morphology_candidates/images/etoposide/candidate_031_raw.png,CPFLOW/comparison_outputs/full44_imageft2_morphology_candidates/images/etoposide/candidate_031_display.png,0.9099655151367188,0.057593755424022675,0.9076354503631592,0.38364943861961365,0.4360094666481018,0.40994328260421753,0.17730911076068878,0.1923288255929947,0.21383191645145416,0.20493821799755096,0.4825855791568756,0.8184432983398438,0.07827858626842499,0.9296450614929199,0.29089903831481934,0.3191419541835785,0.3014344274997711,0.14212623238563538,0.18521802127361298,0.20260171592235565,0.21411484479904175,0.4974319636821747
vincristine,0,-0.9982134684922938,CPFLOW/comparison_outputs/full44_imageft2_morphology_candidates/images/vincristine/candidate_000_raw.png,CPFLOW/comparison_outputs/full44_imageft2_morphology_candidates/images/vincristine/candidate_000_display.png,0.1467437744140625,0.024618620052933693,0.8622464537620544,0.06971104443073273,0.06668700277805328,0.04799342527985573,0.052035458385944366,0.16512180864810944,0.1345641165971756,0.11111204326152802,0.5336621403694153,0.29076194763183594,0.03995603509247303,0.9429167211055756,0.10514593869447708,0.12361828237771988,0.11812488734722137,0.06572246551513672,0.18707580119371414,0.17936665564775467,0.13324733823537827,0.500633955001831
vincristine,1,-0.7154129025608712,CPFLOW/comparison_outputs/full44_imageft2_morphology_candidates/images/vincristine/candidate_001_raw.png,CPFLOW/comparison_outputs/full44_imageft2_morphology_candidates/images/vincristine/candidate_001_display.png,0.4554481506347656,0.04376053065061569,0.9376405477523804,0.15431459248065948,0.1539038121700287,0.17309004068374634,0.06677782535552979,0.19438974559307098,0.2038704752922058,0.14252588152885437,0.5046062469482422,0.29076194763183594,0.03995603509247303,0.9429167211055756,0.10514593869447708,0.12361828237771988,0.11812488734722137,0.06572246551513672,0.18707580119371414,0.17936665564775467,0.13324733823537827,0.500633955001831
vincristine,2,-0.5631787493012868,CPFLOW/comparison_outputs/full44_imageft2_morphology_candidates/images/vincristine/candidate_002_raw.png,CPFLOW/comparison_outputs/full44_imageft2_morphology_candidates/images/vincristine/candidate_002_display.png,0.19348526000976562,0.03209275007247925,0.9098191857337952,0.08543998003005981,0.07478088140487671,0.09162422269582748,0.07633156329393387,0.1690196394920349,0.17723819613456726,0.1300291121006012,0.477463036775589,0.29076194763183594,0.03995603509247303,0.9429167211055756,0.10514593869447708,0.12361828237771988,0.11812488734722137,0.06572246551513672,0.18707580119371414,0.17936665564775467,0.13324733823537827,0.500633955001831
vincristine,3,-0.9838210805926082,CPFLOW/comparison_outputs/full44_imageft2_morphology_candidates/images/vincristine/candidate_003_raw.png,CPFLOW/comparison_outputs/full44_imageft2_morphology_candidates/images/vincristine/candidate_003_display.png,0.12650680541992188,0.024005813524127007,0.9069255590438843,0.06590529531240463,0.07028603553771973,0.0659169852733612,0.06381873041391373,0.16982527077198029,0.15014275908470154,0.11231721192598343,0.4773119390010834,0.29076194763183594,0.03995603509247303,0.9429167211055756,0.10514593869447708,0.12361828237771988,0.11812488734722137,0.06572246551513672,0.18707580119371414,0.17936665564775467,0.13324733823537827,0.500633955001831
vincristine,4,-0.4999706383383652,CPFLOW/comparison_outputs/full44_imageft2_morphology_candidates/images/vincristine/candidate_004_raw.png,CPFLOW/comparison_outputs/full44_imageft2_morphology_candidates/images/vincristine/candidate_004_display.png,0.21283721923828125,0.03020375967025757,0.9634031653404236,0.08829456567764282,0.10026658326387405,0.08803268522024155,0.062328238040208817,0.2105710655450821,0.17965447902679443,0.14975178241729736,0.49291810393333435,0.29076194763183594,0.03995603509247303,0.9429167211055756,0.10514593869447708,0.12361828237771988,0.11812488734722137,0.06572246551513672,0.18707580119371414,0.17936665564775467,0.13324733823537827,0.500633955001831
vincristine,5,-0.35042574640286134,CPFLOW/comparison_outputs/full44_imageft2_morphology_candidates/images/vincristine/candidate_005_raw.png,CPFLOW/comparison_outputs/full44_imageft2_morphology_candidates/images/vincristine/candidate_005_display.png,0.3608551025390625,0.03794177994132042,0.8826169967651367,0.10702856630086899,0.14490577578544617,0.12716920673847198,0.08033905178308487,0.18969592452049255,0.17950014770030975,0.14561712741851807,0.49854400753974915,0.29076194763183594,0.03995603509247303,0.9429167211055756,0.10514593869447708,0.12361828237771988,0.11812488734722137,0.06572246551513672,0.18707580119371414,0.17936665564775467,0.13324733823537827,0.500633955001831
vincristine,6,-0.28724527439092945,CPFLOW/comparison_outputs/full44_imageft2_morphology_candidates/images/vincristine/candidate_006_raw.png,CPFLOW/comparison_outputs/full44_imageft2_morphology_candidates/images/vincristine/candidate_006_display.png,0.3396873474121094,0.04051630198955536,0.8783146142959595,0.1119781881570816,0.13762906193733215,0.14274625480175018,0.0824168398976326,0.1827758252620697,0.1875019073486328,0.13506916165351868,0.50136399269104,0.29076194763183594,0.03995603509247303,0.9429167211055756,0.10514593869447708,0.12361828237771988,0.11812488734722137,0.06572246551513672,0.18707580119371414,0.17936665564775467,0.13324733823537827,0.500633955001831
vincristine,7,-0.2053608861661421,CPFLOW/comparison_outputs/full44_imageft2_morphology_candidates/images/vincristine/candidate_007_raw.png,CPFLOW/comparison_outputs/full44_imageft2_morphology_candidates/images/vincristine/candidate_007_display.png,0.2638664245605469,0.0369444340467453,0.9350011944770813,0.10090569406747818,0.09357191622257233,0.1131691187620163,0.07857159525156021,0.16663169860839844,0.18481263518333435,0.13354769349098206,0.4947928190231323,0.29076194763183594,0.03995603509247303,0.9429167211055756,0.10514593869447708,0.12361828237771988,0.11812488734722137,0.06572246551513672,0.18707580119371414,0.17936665564775467,0.13324733823537827,0.500633955001831
vincristine,8,-0.2972176903313893,CPFLOW/comparison_outputs/full44_imageft2_morphology_candidates/images/vincristine/candidate_008_raw.png,CPFLOW/comparison_outputs/full44_imageft2_morphology_candidates/images/vincristine/candidate_008_display.png,0.2568016052246094,0.033381760120391846,0.8942829370498657,0.08993891626596451,0.10303223133087158,0.10475672036409378,0.07092756032943726,0.18252570927143097,0.18074840307235718,0.12864305078983307,0.49818721413612366,0.29076194763183594,0.03995603509247303,0.9429167211055756,0.10514593869447708,0.12361828237771988,0.11812488734722137,0.06572246551513672,0.18707580119371414,0.17936665564775467,0.13324733823537827,0.500633955001831
vincristine,9,-0.1420356257433083,CPFLOW/comparison_outputs/full44_imageft2_morphology_candidates/images/vincristine/candidate_009_raw.png,CPFLOW/comparison_outputs/full44_imageft2_morphology_candidates/images/vincristine/candidate_009_display.png,0.28456878662109375,0.03541533648967743,0.9351714849472046,0.10881179571151733,0.11565570533275604,0.11591396480798721,0.08381558209657669,0.19509543478488922,0.18541036546230316,0.14786604046821594,0.51175457239151,0.29076194763183594,0.03995603509247303,0.9429167211055756,0.10514593869447708,0.12361828237771988,0.11812488734722137,0.06572246551513672,0.18707580119371414,0.17936665564775467,0.13324733823537827,0.500633955001831
vincristine,10,-0.4484766264846202,CPFLOW/comparison_outputs/full44_imageft2_morphology_candidates/images/vincristine/candidate_010_raw.png,CPFLOW/comparison_outputs/full44_imageft2_morphology_candidates/images/vincristine/candidate_010_display.png,0.20638275146484375,0.032430946826934814,0.9247662425041199,0.09089004993438721,0.09043426066637039,0.11613927781581879,0.07014413177967072,0.18369226157665253,0.19938303530216217,0.13156358897686005,0.5036735534667969,0.29076194763183594,0.03995603509247303,0.9429167211055756,0.10514593869447708,0.12361828237771988,0.11812488734722137,0.06572246551513672,0.18707580119371414,0.17936665564775467,0.13324733823537827,0.500633955001831
vincristine,11,-0.18332631327524412,CPFLOW/comparison_outputs/full44_imageft2_morphology_candidates/images/vincristine/candidate_011_raw.png,CPFLOW/comparison_outputs/full44_imageft2_morphology_candidates/images/vincristine/candidate_011_display.png,0.2578887939453125,0.04028067737817764,0.9528087973594666,0.10039172321557999,0.1028490662574768,0.09684425592422485,0.058966703712940216,0.1932750791311264,0.18563087284564972,0.13562601804733276,0.4793282151222229,0.29076194763183594,0.03995603509247303,0.9429167211055756,0.10514593869447708,0.12361828237771988,0.11812488734722137,0.06572246551513672,0.18707580119371414,0.17936665564775467,0.13324733823537827,0.500633955001831
vincristine,12,-0.36457381127520316,CPFLOW/comparison_outputs/full44_imageft2_morphology_candidates/images/vincristine/candidate_012_raw.png,CPFLOW/comparison_outputs/full44_imageft2_morphology_candidates/images/vincristine/candidate_012_display.png,0.22875213623046875,0.03553006052970886,0.9219157695770264,0.08863445371389389,0.10584299266338348,0.08775867521762848,0.07081938534975052,0.17933610081672668,0.15922574698925018,0.12407723069190979,0.4917761981487274,0.29076194763183594,0.03995603509247303,0.9429167211055756,0.10514593869447708,0.12361828237771988,0.11812488734722137,0.06572246551513672,0.18707580119371414,0.17936665564775467,0.13324733823537827,0.500633955001831
vincristine,13,-0.4377260089664897,CPFLOW/comparison_outputs/full44_imageft2_morphology_candidates/images/vincristine/candidate_013_raw.png,CPFLOW/comparison_outputs/full44_imageft2_morphology_candidates/images/vincristine/candidate_013_display.png,0.37890625,0.04556757211685181,0.9343031048774719,0.13205769658088684,0.13974854350090027,0.14620254933834076,0.07405795156955719,0.18824836611747742,0.19634832441806793,0.13812871277332306,0.5044616460800171,0.29076194763183594,0.03995603509247303,0.9429167211055756,0.10514593869447708,0.12361828237771988,0.11812488734722137,0.06572246551513672,0.18707580119371414,0.17936665564775467,0.13324733823537827,0.500633955001831
vincristine,14,-0.713819849818573,CPFLOW/comparison_outputs/full44_imageft2_morphology_candidates/images/vincristine/candidate_014_raw.png,CPFLOW/comparison_outputs/full44_imageft2_morphology_candidates/images/vincristine/candidate_014_display.png,0.193817138671875,0.0249203871935606,0.8925167918205261,0.07005026936531067,0.08220747113227844,0.08809779584407806,0.07208637148141861,0.16014882922172546,0.17119330167770386,0.13239407539367676,0.5067207217216492,0.29076194763183594,0.03995603509247303,0.9429167211055756,0.10514593869447708,0.12361828237771988,0.11812488734722137,0.06572246551513672,0.18707580119371414,0.17936665564775467,0.13324733823537827,0.500633955001831
vincristine,15,-0.20227709249314252,CPFLOW/comparison_outputs/full44_imageft2_morphology_candidates/images/vincristine/candidate_015_raw.png,CPFLOW/comparison_outputs/full44_imageft2_morphology_candidates/images/vincristine/candidate_015_display.png,0.3227500915527344,0.03957722336053848,0.9409617185592651,0.11321311444044113,0.11405209451913834,0.13810013234615326,0.0805424228310585,0.1893206089735031,0.20867279171943665,0.159247487783432,0.5091170072555542,0.29076194763183594,0.03995603509247303,0.9429167211055756,0.10514593869447708,0.12361828237771988,0.11812488734722137,0.06572246551513672,0.18707580119371414,0.17936665564775467,0.13324733823537827,0.500633955001831
vincristine,16,-0.5384290811865893,CPFLOW/comparison_outputs/full44_imageft2_morphology_candidates/images/vincristine/candidate_016_raw.png,CPFLOW/comparison_outputs/full44_imageft2_morphology_candidates/images/vincristine/candidate_016_display.png,0.21518707275390625,0.028671618551015854,0.9357607364654541,0.07965525984764099,0.07979995757341385,0.08436974138021469,0.05628729984164238,0.17418426275253296,0.17609916627407074,0.12765172123908997,0.4924229383468628,0.29076194763183594,0.03995603509247303,0.9429167211055756,0.10514593869447708,0.12361828237771988,0.11812488734722137,0.06572246551513672,0.18707580119371414,0.17936665564775467,0.13324733823537827,0.500633955001831
vincristine,17,-0.24260181894681998,CPFLOW/comparison_outputs/full44_imageft2_morphology_candidates/images/vincristine/candidate_017_raw.png,CPFLOW/comparison_outputs/full44_imageft2_morphology_candidates/images/vincristine/candidate_017_display.png,0.25384521484375,0.037899184972047806,0.9172772169113159,0.09600206464529037,0.0999310240149498,0.10170460492372513,0.04880794137716293,0.18338724970817566,0.17306797206401825,0.13014762103557587,0.5177298188209534,0.29076194763183594,0.03995603509247303,0.9429167211055756,0.10514593869447708,0.12361828237771988,0.11812488734722137,0.06572246551513672,0.18707580119371414,0.17936665564775467,0.13324733823537827,0.500633955001831
vincristine,18,-0.17397551740307893,CPFLOW/comparison_outputs/full44_imageft2_morphology_candidates/images/vincristine/candidate_018_raw.png,CPFLOW/comparison_outputs/full44_imageft2_morphology_candidates/images/vincristine/candidate_018_display.png,0.2855987548828125,0.034760329872369766,0.9346623420715332,0.09673513472080231,0.10435507446527481,0.10246450453996658,0.08013495057821274,0.1839936375617981,0.17663002014160156,0.15069499611854553,0.4784379303455353,0.29076194763183594,0.03995603509247303,0.9429167211055756,0.10514593869447708,0.12361828237771988,0.11812488734722137,0.06572246551513672,0.18707580119371414,0.17936665564775467,0.13324733823537827,0.500633955001831
vincristine,19,-0.8530157061865717,CPFLOW/comparison_outputs/full44_imageft2_morphology_candidates/images/vincristine/candidate_019_raw.png,CPFLOW/comparison_outputs/full44_imageft2_morphology_candidates/images/vincristine/candidate_019_display.png,0.14741897583007812,0.025458969175815582,0.9028913378715515,0.07553122937679291,0.0754178836941719,0.08220594376325607,0.07497033476829529,0.16413822770118713,0.17255012691020966,0.12033610045909882,0.49302804470062256,0.29076194763183594,0.03995603509247303,0.9429167211055756,0.10514593869447708,0.12361828237771988,0.11812488734722137,0.06572246551513672,0.18707580119371414,0.17936665564775467,0.13324733823537827,0.500633955001831
vincristine,20,-0.3868177841621635,CPFLOW/comparison_outputs/full44_imageft2_morphology_candidates/images/vincristine/candidate_020_raw.png,CPFLOW/comparison_outputs/full44_imageft2_morphology_candidates/images/vincristine/candidate_020_display.png,0.24384689331054688,0.03154458478093147,0.9277108311653137,0.08796745538711548,0.11275167018175125,0.10691805183887482,0.10027733445167542,0.1990666389465332,0.18837517499923706,0.16083331406116486,0.5044368505477905,0.29076194763183594,0.03995603509247303,0.9429167211055756,0.10514593869447708,0.12361828237771988,0.11812488734722137,0.06572246551513672,0.18707580119371414,0.17936665564775467,0.13324733823537827,0.500633955001831
vincristine,21,-0.6497499488100988,CPFLOW/comparison_outputs/full44_imageft2_morphology_candidates/images/vincristine/candidate_021_raw.png,CPFLOW/comparison_outputs/full44_imageft2_morphology_candidates/images/vincristine/candidate_021_display.png,0.18741226196289062,0.027473188936710358,0.9090337157249451,0.0715063065290451,0.08849727362394333,0.08271648734807968,0.0672743022441864,0.18381749093532562,0.1683497130870819,0.1305394470691681,0.5008350014686584,0.29076194763183594,0.03995603509247303,0.9429167211055756,0.10514593869447708,0.12361828237771988,0.11812488734722137,0.06572246551513672,0.18707580119371414,0.17936665564775467,0.13324733823537827,0.500633955001831
vincristine,22,-0.46377096908439996,CPFLOW/comparison_outputs/full44_imageft2_morphology_candidates/images/vincristine/candidate_022_raw.png,CPFLOW/comparison_outputs/full44_imageft2_morphology_candidates/images/vincristine/candidate_022_display.png,0.204833984375,0.03593527525663376,0.9087550044059753,0.07837556302547455,0.09407670050859451,0.08885804563760757,0.06446358561515808,0.17191177606582642,0.1605927050113678,0.12130250036716461,0.4891309440135956,0.29076194763183594,0.03995603509247303,0.9429167211055756,0.10514593869447708,0.12361828237771988,0.11812488734722137,0.06572246551513672,0.18707580119371414,0.17936665564775467,0.13324733823537827,0.500633955001831
vincristine,23,-0.2896386618689344,CPFLOW/comparison_outputs/full44_imageft2_morphology_candidates/images/vincristine/candidate_023_raw.png,CPFLOW/comparison_outputs/full44_imageft2_morphology_candidates/images/vincristine/candidate_023_display.png,0.24088287353515625,0.03579816594719887,0.9428591728210449,0.09634314477443695,0.0948166623711586,0.10151419043540955,0.07392352819442749,0.18403972685337067,0.17837317287921906,0.14867930114269257,0.49152493476867676,0.29076194763183594,0.03995603509247303,0.9429167211055756,0.10514593869447708,0.12361828237771988,0.11812488734722137,0.06572246551513672,0.18707580119371414,0.17936665564775467,0.13324733823537827,0.500633955001831
vincristine,24,-0.2819143354399028,CPFLOW/comparison_outputs/full44_imageft2_morphology_candidates/images/vincristine/candidate_024_raw.png,CPFLOW/comparison_outputs/full44_imageft2_morphology_candidates/images/vincristine/candidate_024_display.png,0.2625770568847656,0.0326889343559742,0.9166001677513123,0.09876246005296707,0.10450237989425659,0.12243839353322983,0.08384385704994202,0.1793409138917923,0.19508257508277893,0.13973169028759003,0.5024721622467041,0.29076194763183594,0.03995603509247303,0.9429167211055756,0.10514593869447708,0.12361828237771988,0.11812488734722137,0.06572246551513672,0.18707580119371414,0.17936665564775467,0.13324733823537827,0.500633955001831
vincristine,25,-0.59565065075064,CPFLOW/comparison_outputs/full44_imageft2_morphology_candidates/images/vincristine/candidate_025_raw.png,CPFLOW/comparison_outputs/full44_imageft2_morphology_candidates/images/vincristine/candidate_025_display.png,0.42028045654296875,0.041554443538188934,0.9399396181106567,0.1349528729915619,0.15417541563510895,0.1537925899028778,0.09646730124950409,0.1987166851758957,0.19897149503231049,0.16615080833435059,0.4941036105155945,0.29076194763183594,0.03995603509247303,0.9429167211055756,0.10514593869447708,0.12361828237771988,0.11812488734722137,0.06572246551513672,0.18707580119371414,0.17936665564775467,0.13324733823537827,0.500633955001831
vincristine,26,-0.24575171047436378,CPFLOW/comparison_outputs/full44_imageft2_morphology_candidates/images/vincristine/candidate_026_raw.png,CPFLOW/comparison_outputs/full44_imageft2_morphology_candidates/images/vincristine/candidate_026_display.png,0.2571563720703125,0.03879155218601227,0.9277515411376953,0.10603755712509155,0.10933659225702286,0.13454243540763855,0.10032115131616592,0.1809585690498352,0.2105814665555954,0.15153087675571442,0.4980573356151581,0.29076194763183594,0.03995603509247303,0.9429167211055756,0.10514593869447708,0.12361828237771988,0.11812488734722137,0.06572246551513672,0.18707580119371414,0.17936665564775467,0.13324733823537827,0.500633955001831
vincristine,27,-0.4776308623197275,CPFLOW/comparison_outputs/full44_imageft2_morphology_candidates/images/vincristine/candidate_027_raw.png,CPFLOW/comparison_outputs/full44_imageft2_morphology_candidates/images/vincristine/candidate_027_display.png,0.22033309936523438,0.02945825830101967,0.9325236678123474,0.08694790303707123,0.08756890147924423,0.10088538378477097,0.06923592835664749,0.17903459072113037,0.18886087834835052,0.14841675758361816,0.49567854404449463,0.29076194763183594,0.03995603509247303,0.9429167211055756,0.10514593869447708,0.12361828237771988,0.11812488734722137,0.06572246551513672,0.18707580119371414,0.17936665564775467,0.13324733823537827,0.500633955001831
vincristine,28,-0.33357253987769253,CPFLOW/comparison_outputs/full44_imageft2_morphology_candidates/images/vincristine/candidate_028_raw.png,CPFLOW/comparison_outputs/full44_imageft2_morphology_candidates/images/vincristine/candidate_028_display.png,0.2507133483886719,0.03457409143447876,0.8908677697181702,0.08375362306833267,0.1043802797794342,0.09160211682319641,0.06746599078178406,0.18025554716587067,0.1586591899394989,0.12460578233003616,0.5026523470878601,0.29076194763183594,0.03995603509247303,0.9429167211055756,0.10514593869447708,0.12361828237771988,0.11812488734722137,0.06572246551513672,0.18707580119371414,0.17936665564775467,0.13324733823537827,0.500633955001831
vincristine,29,-0.2262821862808241,CPFLOW/comparison_outputs/full44_imageft2_morphology_candidates/images/vincristine/candidate_029_raw.png,CPFLOW/comparison_outputs/full44_imageft2_morphology_candidates/images/vincristine/candidate_029_display.png,0.2719154357910156,0.03505948930978775,0.9157285690307617,0.08955144882202148,0.0986100435256958,0.10612738132476807,0.07310909032821655,0.16866175830364227,0.17808109521865845,0.13764269649982452,0.5065670013427734,0.29076194763183594,0.03995603509247303,0.9429167211055756,0.10514593869447708,0.12361828237771988,0.11812488734722137,0.06572246551513672,0.18707580119371414,0.17936665564775467,0.13324733823537827,0.500633955001831
vincristine,30,-0.79304499001095,CPFLOW/comparison_outputs/full44_imageft2_morphology_candidates/images/vincristine/candidate_030_raw.png,CPFLOW/comparison_outputs/full44_imageft2_morphology_candidates/images/vincristine/candidate_030_display.png,0.15771484375,0.024799063801765442,0.9330248236656189,0.07823878526687622,0.08081331849098206,0.07730841636657715,0.06881885975599289,0.17569288611412048,0.17444361746311188,0.1182624101638794,0.4936831295490265,0.29076194763183594,0.03995603509247303,0.9429167211055756,0.10514593869447708,0.12361828237771988,0.11812488734722137,0.06572246551513672,0.18707580119371414,0.17936665564775467,0.13324733823537827,0.500633955001831
vincristine,31,-0.36821471764855584,CPFLOW/comparison_outputs/full44_imageft2_morphology_candidates/images/vincristine/candidate_031_raw.png,CPFLOW/comparison_outputs/full44_imageft2_morphology_candidates/images/vincristine/candidate_031_display.png,0.2509422302246094,0.03164570778608322,0.9194756746292114,0.10249187797307968,0.09777367860078812,0.07462067902088165,0.07894622534513474,0.18496036529541016,0.1691565215587616,0.1383378803730011,0.5087385773658752,0.29076194763183594,0.03995603509247303,0.9429167211055756,0.10514593869447708,0.12361828237771988,0.11812488734722137,0.06572246551513672,0.18707580119371414,0.17936665564775467,0.13324733823537827,0.500633955001831
pp-2,0,-0.19657048856725431,CPFLOW/comparison_outputs/full44_imageft2_morphology_candidates/images/pp-2/candidate_000_raw.png,CPFLOW/comparison_outputs/full44_imageft2_morphology_candidates/images/pp-2/candidate_000_display.png,0.4225883483886719,0.0681116133928299,0.9363430142402649,0.1879136711359024,0.17275620996952057,0.1676054149866104,0.10347476601600647,0.23145844042301178,0.19332608580589294,0.1730622798204422,0.48435863852500916,0.4454822540283203,0.0618192870169878,0.937705397605896,0.18369928747415543,0.1996433287858963,0.1857227087020874,0.09991025924682617,0.2148084193468094,0.19866473227739334,0.17121297866106033,0.5000066757202148
pp-2,1,-1.32775971243678,CPFLOW/comparison_outputs/full44_imageft2_morphology_candidates/images/pp-2/candidate_001_raw.png,CPFLOW/comparison_outputs/full44_imageft2_morphology_candidates/images/pp-2/candidate_001_display.png,0.19950103759765625,0.03770993649959564,0.9151153564453125,0.1109643280506134,0.09164657443761826,0.12091248482465744,0.08661434054374695,0.18454323709011078,0.19697485864162445,0.14162716269493103,0.5037928819656372,0.4454822540283203,0.0618192870169878,0.937705397605896,0.18369928747415543,0.1996433287858963,0.1857227087020874,0.09991025924682617,0.2148084193468094,0.19866473227739334,0.17121297866106033,0.5000066757202148
pp-2,2,-0.6184007176827965,CPFLOW/comparison_outputs/full44_imageft2_morphology_candidates/images/pp-2/candidate_002_raw.png,CPFLOW/comparison_outputs/full44_imageft2_morphology_candidates/images/pp-2/candidate_002_display.png,0.3296241760253906,0.05121879652142525,0.9102867245674133,0.15350082516670227,0.1599833071231842,0.1709134578704834,0.1297476589679718,0.2111639678478241,0.23037539422512054,0.16442199051380157,0.5161011219024658,0.4454822540283203,0.0618192870169878,0.937705397605896,0.18369928747415543,0.1996433287858963,0.1857227087020874,0.09991025924682617,0.2148084193468094,0.19866473227739334,0.17121297866106033,0.5000066757202148
pp-2,3,-1.1685925860214892,CPFLOW/comparison_outputs/full44_imageft2_morphology_candidates/images/pp-2/candidate_003_raw.png,CPFLOW/comparison_outputs/full44_imageft2_morphology_candidates/images/pp-2/candidate_003_display.png,0.22579574584960938,0.03825169429183006,0.8982473611831665,0.12608492374420166,0.13258525729179382,0.1452452689409256,0.1255928874015808,0.20959031581878662,0.21517038345336914,0.14723457396030426,0.5121687650680542,0.4454822540283203,0.0618192870169878,0.937705397605896,0.18369928747415543,0.1996433287858963,0.1857227087020874,0.09991025924682617,0.2148084193468094,0.19866473227739334,0.17121297866106033,0.5000066757202148
pp-2,4,-1.1979267557291753,CPFLOW/comparison_outputs/full44_imageft2_morphology_candidates/images/pp-2/candidate_004_raw.png,CPFLOW/comparison_outputs/full44_imageft2_morphology_candidates/images/pp-2/candidate_004_display.png,0.22076797485351562,0.03890100121498108,0.9108595848083496,0.11306514590978622,0.11930445581674576,0.13352979719638824,0.11121482402086258,0.1939202845096588,0.19439099729061127,0.13695979118347168,0.493328332901001,0.4454822540283203,0.0618192870169878,0.937705397605896,0.18369928747415543,0.1996433287858963,0.1857227087020874,0.09991025924682617,0.2148084193468094,0.19866473227739334,0.17121297866106033,0.5000066757202148
pp-2,5,-0.8411884831207949,CPFLOW/comparison_outputs/full44_imageft2_morphology_candidates/images/pp-2/candidate_005_raw.png,CPFLOW/comparison_outputs/full44_imageft2_morphology_candidates/images/pp-2/candidate_005_display.png,0.286773681640625,0.05073434114456177,0.9386663436889648,0.1396632194519043,0.11805013567209244,0.12023933231830597,0.07410699129104614,0.21090459823608398,0.2044413685798645,0.14832904934883118,0.49816250801086426,0.4454822540283203,0.0618192870169878,0.937705397605896,0.18369928747415543,0.1996433287858963,0.1857227087020874,0.09991025924682617,0.2148084193468094,0.19866473227739334,0.17121297866106033,0.5000066757202148
pp-2,6,-0.34214910908732227,CPFLOW/comparison_outputs/full44_imageft2_morphology_candidates/images/pp-2/candidate_006_raw.png,CPFLOW/comparison_outputs/full44_imageft2_morphology_candidates/images/pp-2/candidate_006_display.png,0.47821044921875,0.060132481157779694,0.932773232460022,0.2127828150987625,0.22879573702812195,0.2388993203639984,0.13801658153533936,0.23720437288284302,0.24481821060180664,0.18607617914676666,0.48404115438461304,0.4454822540283203,0.0618192870169878,0.937705397605896,0.18369928747415543,0.1996433287858963,0.1857227087020874,0.09991025924682617,0.2148084193468094,0.19866473227739334,0.17121297866106033,0.5000066757202148
pp-2,7,-0.25219788205328014,CPFLOW/comparison_outputs/full44_imageft2_morphology_candidates/images/pp-2/candidate_007_raw.png,CPFLOW/comparison_outputs/full44_imageft2_morphology_candidates/images/pp-2/candidate_007_display.png,0.40872955322265625,0.05997203290462494,0.9228712916374207,0.18833166360855103,0.19709914922714233,0.21098190546035767,0.1251075118780136,0.2310636043548584,0.24980449676513672,0.17180262506008148,0.4766417443752289,0.4454822540283203,0.0618192870169878,0.937705397605896,0.18369928747415543,0.1996433287858963,0.1857227087020874,0.09991025924682617,0.2148084193468094,0.19866473227739334,0.17121297866106033,0.5000066757202148
pp-2,8,-1.593103879800805,CPFLOW/comparison_outputs/full44_imageft2_morphology_candidates/images/pp-2/candidate_008_raw.png,CPFLOW/comparison_outputs/full44_imageft2_morphology_candidates/images/pp-2/candidate_008_display.png,0.16730880737304688,0.035049423575401306,0.8901964426040649,0.09209071844816208,0.07452072948217392,0.10921920835971832,0.08496525883674622,0.13913384079933167,0.18133562803268433,0.11611952632665634,0.4867498278617859,0.4454822540283203,0.0618192870169878,0.937705397605896,0.18369928747415543,0.1996433287858963,0.1857227087020874,0.09991025924682617,0.2148084193468094,0.19866473227739334,0.17121297866106033,0.5000066757202148
pp-2,9,-0.7155602430069617,CPFLOW/comparison_outputs/full44_imageft2_morphology_candidates/images/pp-2/candidate_009_raw.png,CPFLOW/comparison_outputs/full44_imageft2_morphology_candidates/images/pp-2/candidate_009_display.png,0.32758331298828125,0.045942261815071106,0.8854758143424988,0.13735415041446686,0.15587450563907623,0.15069498121738434,0.11742359399795532,0.2091616988182068,0.19165785610675812,0.15671128034591675,0.49302834272384644,0.4454822540283203,0.0618192870169878,0.937705397605896,0.18369928747415543,0.1996433287858963,0.1857227087020874,0.09991025924682617,0.2148084193468094,0.19866473227739334,0.17121297866106033,0.5000066757202148
pp-2,10,-0.6821521112109937,CPFLOW/comparison_outputs/full44_imageft2_morphology_candidates/images/pp-2/candidate_010_raw.png,CPFLOW/comparison_outputs/full44_imageft2_morphology_candidates/images/pp-2/candidate_010_display.png,0.2981910705566406,0.05314555764198303,0.9315478801727295,0.14842581748962402,0.1401812881231308,0.17318852245807648,0.09036199003458023,0.2140781283378601,0.22726236283779144,0.15242397785186768,0.5100242495536804,0.4454822540283203,0.0618192870169878,0.937705397605896,0.18369928747415543,0.1996433287858963,0.1857227087020874,0.09991025924682617,0.2148084193468094,0.19866473227739334,0.17121297866106033,0.5000066757202148
pp-2,11,-0.27700916913436824,CPFLOW/comparison_outputs/full44_imageft2_morphology_candidates/images/pp-2/candidate_011_raw.png,CPFLOW/comparison_outputs/full44_imageft2_morphology_candidates/images/pp-2/candidate_011_display.png,0.4101219177246094,0.05513496696949005,0.9186189770698547,0.15626375377178192,0.168058842420578,0.18141774833202362,0.10688924789428711,0.1980193704366684,0.2114952802658081,0.17737159132957458,0.501721978187561,0.4454822540283203,0.0618192870169878,0.937705397605896,0.18369928747415543,0.1996433287858963,0.1857227087020874,0.09991025924682617,0.2148084193468094,0.19866473227739334,0.17121297866106033,0.5000066757202148
pp-2,12,-0.5823943268662202,CPFLOW/comparison_outputs/full44_imageft2_morphology_candidates/images/pp-2/candidate_012_raw.png,CPFLOW/comparison_outputs/full44_imageft2_morphology_candidates/images/pp-2/candidate_012_display.png,0.3611412048339844,0.04884352535009384,0.8740109801292419,0.15298859775066376,0.1768798977136612,0.20058858394622803,0.1503509134054184,0.21750614047050476,0.2310844510793686,0.1629614681005478,0.5036919713020325,0.4454822540283203,0.0618192870169878,0.937705397605896,0.18369928747415543,0.1996433287858963,0.1857227087020874,0.09991025924682617,0.2148084193468094,0.19866473227739334,0.17121297866106033,0.5000066757202148
pp-2,13,-1.0911152360469232,CPFLOW/comparison_outputs/full44_imageft2_morphology_candidates/images/pp-2/candidate_013_raw.png,CPFLOW/comparison_outputs/full44_imageft2_morphology_candidates/images/pp-2/candidate_013_display.png,0.2385101318359375,0.04269830882549286,0.9084627628326416,0.10754135996103287,0.12374725192785263,0.1294996440410614,0.0981551855802536,0.1914854645729065,0.18750150501728058,0.14828026294708252,0.5087688565254211,0.4454822540283203,0.0618192870169878,0.937705397605896,0.18369928747415543,0.1996433287858963,0.1857227087020874,0.09991025924682617,0.2148084193468094,0.19866473227739334,0.17121297866106033,0.5000066757202148
pp-2,14,-0.4000582478889265,CPFLOW/comparison_outputs/full44_imageft2_morphology_candidates/images/pp-2/candidate_014_raw.png,CPFLOW/comparison_outputs/full44_imageft2_morphology_candidates/images/pp-2/candidate_014_display.png,0.5163040161132812,0.06367913633584976,0.9017436504364014,0.20883184671401978,0.210020512342453,0.2366328239440918,0.11641237884759903,0.20784331858158112,0.23008212447166443,0.17648407816886902,0.4901280105113983,0.4454822540283203,0.0618192870169878,0.937705397605896,0.18369928747415543,0.1996433287858963,0.1857227087020874,0.09991025924682617,0.2148084193468094,0.19866473227739334,0.17121297866106033,0.5000066757202148
pp-2,15,-0.2774632849683114,CPFLOW/comparison_outputs/full44_imageft2_morphology_candidates/images/pp-2/candidate_015_raw.png,CPFLOW/comparison_outputs/full44_imageft2_morphology_candidates/images/pp-2/candidate_015_display.png,0.41953277587890625,0.05630992352962494,0.9057302474975586,0.18387676775455475,0.2063959240913391,0.2087658941745758,0.14225314557552338,0.23265300691127777,0.23514249920845032,0.17495626211166382,0.4996466636657715,0.4454822540283203,0.0618192870169878,0.937705397605896,0.18369928747415543,0.1996433287858963,0.1857227087020874,0.09991025924682617,0.2148084193468094,0.19866473227739334,0.17121297866106033,0.5000066757202148
pp-2,16,-1.23842173007804,CPFLOW/comparison_outputs/full44_imageft2_morphology_candidates/images/pp-2/candidate_016_raw.png,CPFLOW/comparison_outputs/full44_imageft2_morphology_candidates/images/pp-2/candidate_016_display.png,0.21475601196289062,0.03712744265794754,0.9060537219047546,0.12052422761917114,0.11129572987556458,0.12294992059469223,0.1030721589922905,0.20134373009204865,0.1984548568725586,0.1415942907333374,0.5173675417900085,0.4454822540283203,0.0618192870169878,0.937705397605896,0.18369928747415543,0.1996433287858963,0.1857227087020874,0.09991025924682617,0.2148084193468094,0.19866473227739334,0.17121297866106033,0.5000066757202148
pp-2,17,-0.1867511131894028,CPFLOW/comparison_outputs/full44_imageft2_morphology_candidates/images/pp-2/candidate_017_raw.png,CPFLOW/comparison_outputs/full44_imageft2_morphology_candidates/images/pp-2/candidate_017_display.png,0.47583770751953125,0.06559883058071136,0.9289669394493103,0.18622823059558868,0.19295765459537506,0.1915501058101654,0.1269911527633667,0.21072492003440857,0.1991538554430008,0.18020454049110413,0.4824567437171936,0.4454822540283203,0.0618192870169878,0.937705397605896,0.18369928747415543,0.1996433287858963,0.1857227087020874,0.09991025924682617,0.2148084193468094,0.19866473227739334,0.17121297866106033,0.5000066757202148
pp-2,18,-0.23312126934225672,CPFLOW/comparison_outputs/full44_imageft2_morphology_candidates/images/pp-2/candidate_018_raw.png,CPFLOW/comparison_outputs/full44_imageft2_morphology_candidates/images/pp-2/candidate_018_display.png,0.421661376953125,0.06290492415428162,0.9152290225028992,0.20748822391033173,0.18197311460971832,0.20874656736850739,0.12336622178554535,0.21475407481193542,0.24082672595977783,0.15775801241397858,0.4787521958351135,0.4454822540283203,0.0618192870169878,0.937705397605896,0.18369928747415543,0.1996433287858963,0.1857227087020874,0.09991025924682617,0.2148084193468094,0.19866473227739334,0.17121297866106033,0.5000066757202148
pp-2,19,-0.6413294624123255,CPFLOW/comparison_outputs/full44_imageft2_morphology_candidates/images/pp-2/candidate_019_raw.png,CPFLOW/comparison_outputs/full44_imageft2_morphology_candidates/images/pp-2/candidate_019_display.png,0.30588531494140625,0.057482339441776276,0.9297893643379211,0.14490032196044922,0.1378241926431656,0.1411817967891693,0.1000097393989563,0.20886006951332092,0.2000361531972885,0.14847803115844727,0.47931545972824097,0.4454822540283203,0.0618192870169878,0.937705397605896,0.18369928747415543,0.1996433287858963,0.1857227087020874,0.09991025924682617,0.2148084193468094,0.19866473227739334,0.17121297866106033,0.5000066757202148
pp-2,20,-0.8118662877655154,CPFLOW/comparison_outputs/full44_imageft2_morphology_candidates/images/pp-2/candidate_020_raw.png,CPFLOW/comparison_outputs/full44_imageft2_morphology_candidates/images/pp-2/candidate_020_display.png,0.5551071166992188,0.069593146443367,0.914686918258667,0.23177355527877808,0.2855188846588135,0.2722700536251068,0.17333200573921204,0.2505814731121063,0.24383161962032318,0.19296827912330627,0.4952061176300049,0.4454822540283203,0.0618192870169878,0.937705397605896,0.18369928747415543,0.1996433287858963,0.1857227087020874,0.09991025924682617,0.2148084193468094,0.19866473227739334,0.17121297866106033,0.5000066757202148
pp-2,21,-0.4206093730456474,CPFLOW/comparison_outputs/full44_imageft2_morphology_candidates/images/pp-2/candidate_021_raw.png,CPFLOW/comparison_outputs/full44_imageft2_morphology_candidates/images/pp-2/candidate_021_display.png,0.3919563293457031,0.05307697504758835,0.8660002946853638,0.1594432294368744,0.18373408913612366,0.1879841685295105,0.155185267329216,0.20817790925502777,0.2130994349718094,0.16530156135559082,0.500455915927887,0.4454822540283203,0.0618192870169878,0.937705397605896,0.18369928747415543,0.1996433287858963,0.1857227087020874,0.09991025924682617,0.2148084193468094,0.19866473227739334,0.17121297866106033,0.5000066757202148
pp-2,22,-1.192085803703618,CPFLOW/comparison_outputs/full44_imageft2_morphology_candidates/images/pp-2/candidate_022_raw.png,CPFLOW/comparison_outputs/full44_imageft2_morphology_candidates/images/pp-2/candidate_022_display.png,0.24621963500976562,0.04347684979438782,0.9127441644668579,0.1015208512544632,0.09947869926691055,0.09907479584217072,0.05441915988922119,0.18986816704273224,0.183608740568161,0.13432300090789795,0.48737040162086487,0.4454822540283203,0.0618192870169878,0.937705397605896,0.18369928747415543,0.1996433287858963,0.1857227087020874,0.09991025924682617,0.2148084193468094,0.19866473227739334,0.17121297866106033,0.5000066757202148
pp-2,23,-1.343930230857674,CPFLOW/comparison_outputs/full44_imageft2_morphology_candidates/images/pp-2/candidate_023_raw.png,CPFLOW/comparison_outputs/full44_imageft2_morphology_candidates/images/pp-2/candidate_023_display.png,0.20020294189453125,0.038275618106126785,0.8685846924781799,0.10249307751655579,0.11757015436887741,0.11961148679256439,0.11756599694490433,0.18386295437812805,0.19039177894592285,0.1402694582939148,0.5180662870407104,0.4454822540283203,0.0618192870169878,0.937705397605896,0.18369928747415543,0.1996433287858963,0.1857227087020874,0.09991025924682617,0.2148084193468094,0.19866473227739334,0.17121297866106033,0.5000066757202148
pp-2,24,-0.6550255605754804,CPFLOW/comparison_outputs/full44_imageft2_morphology_candidates/images/pp-2/candidate_024_raw.png,CPFLOW/comparison_outputs/full44_imageft2_morphology_candidates/images/pp-2/candidate_024_display.png,0.3246612548828125,0.05212763696908951,0.936272919178009,0.14164003729820251,0.13374222815036774,0.14484424889087677,0.08031315356492996,0.20897336304187775,0.209878608584404,0.15847758948802948,0.5062447190284729,0.4454822540283203,0.0618192870169878,0.937705397605896,0.18369928747415543,0.1996433287858963,0.1857227087020874,0.09991025924682617,0.2148084193468094,0.19866473227739334,0.17121297866106033,0.5000066757202148
pp-2,25,-1.3345189585622688,CPFLOW/comparison_outputs/full44_imageft2_morphology_candidates/images/pp-2/candidate_025_raw.png,CPFLOW/comparison_outputs/full44_imageft2_morphology_candidates/images/pp-2/candidate_025_display.png,0.19678497314453125,0.04385876655578613,0.9384123682975769,0.10605508834123611,0.07849644869565964,0.09709007292985916,0.06089805066585541,0.17670077085494995,0.19929228723049164,0.1305658519268036,0.46111950278282166,0.4454822540283203,0.0618192870169878,0.937705397605896,0.18369928747415543,0.1996433287858963,0.1857227087020874,0.09991025924682617,0.2148084193468094,0.19866473227739334,0.17121297866106033,0.5000066757202148
pp-2,26,-0.5572084384659768,CPFLOW/comparison_outputs/full44_imageft2_morphology_candidates/images/pp-2/candidate_026_raw.png,CPFLOW/comparison_outputs/full44_imageft2_morphology_candidates/images/pp-2/candidate_026_display.png,0.3435325622558594,0.05343598127365112,0.8967127203941345,0.1449272483587265,0.16853497922420502,0.16613531112670898,0.13030153512954712,0.21649256348609924,0.20967650413513184,0.15909527242183685,0.49143537878990173,0.4454822540283203,0.0618192870169878,0.937705397605896,0.18369928747415543,0.1996433287858963,0.1857227087020874,0.09991025924682617,0.2148084193468094,0.19866473227739334,0.17121297866106033,0.5000066757202148
pp-2,27,-0.2277327652884789,CPFLOW/comparison_outputs/full44_imageft2_morphology_candidates/images/pp-2/candidate_027_raw.png,CPFLOW/comparison_outputs/full44_imageft2_morphology_candidates/images/pp-2/candidate_027_display.png,0.405059814453125,0.05992891266942024,0.9439930319786072,0.15240228176116943,0.18102169036865234,0.16995128989219666,0.10871582478284836,0.21725165843963623,0.2019340544939041,0.17839060723781586,0.52008056640625,0.4454822540283203,0.0618192870169878,0.937705397605896,0.18369928747415543,0.1996433287858963,0.1857227087020874,0.09991025924682617,0.2148084193468094,0.19866473227739334,0.17121297866106033,0.5000066757202148
pp-2,28,-1.0085757793792156,CPFLOW/comparison_outputs/full44_imageft2_morphology_candidates/images/pp-2/candidate_028_raw.png,CPFLOW/comparison_outputs/full44_imageft2_morphology_candidates/images/pp-2/candidate_028_display.png,0.2564849853515625,0.04442531615495682,0.9291477203369141,0.1236950233578682,0.11040565371513367,0.14035604894161224,0.07850123941898346,0.1956261843442917,0.2053540050983429,0.1480739861726761,0.5021998286247253,0.4454822540283203,0.0618192870169878,0.937705397605896,0.18369928747415543,0.1996433287858963,0.1857227087020874,0.09991025924682617,0.2148084193468094,0.19866473227739334,0.17121297866106033,0.5000066757202148
pp-2,29,-0.6704904733024798,CPFLOW/comparison_outputs/full44_imageft2_morphology_candidates/images/pp-2/candidate_029_raw.png,CPFLOW/comparison_outputs/full44_imageft2_morphology_candidates/images/pp-2/candidate_029_display.png,0.3390922546386719,0.04491155594587326,0.9090603590011597,0.1478589028120041,0.1537289023399353,0.16760094463825226,0.12972795963287354,0.20437617599964142,0.21802197396755219,0.1619464010000229,0.5127648115158081,0.4454822540283203,0.0618192870169878,0.937705397605896,0.18369928747415543,0.1996433287858963,0.1857227087020874,0.09991025924682617,0.2148084193468094,0.19866473227739334,0.17121297866106033,0.5000066757202148
pp-2,30,-0.16463805160718237,CPFLOW/comparison_outputs/full44_imageft2_morphology_candidates/images/pp-2/candidate_030_raw.png,CPFLOW/comparison_outputs/full44_imageft2_morphology_candidates/images/pp-2/candidate_030_display.png,0.4331703186035156,0.06021226942539215,0.951231062412262,0.19451721012592316,0.1755010336637497,0.2162276804447174,0.09848075360059738,0.21376489102840424,0.23194682598114014,0.16588498651981354,0.4912547469139099,0.4454822540283203,0.0618192870169878,0.937705397605896,0.18369928747415543,0.1996433287858963,0.1857227087020874,0.09991025924682617,0.2148084193468094,0.19866473227739334,0.17121297866106033,0.5000066757202148
pp-2,31,-0.584326873117857,CPFLOW/comparison_outputs/full44_imageft2_morphology_candidates/images/pp-2/candidate_031_raw.png,CPFLOW/comparison_outputs/full44_imageft2_morphology_candidates/images/pp-2/candidate_031_display.png,0.33258819580078125,0.05139149725437164,0.9425937533378601,0.14699295163154602,0.1520155966281891,0.17276711761951447,0.08983495831489563,0.20328910648822784,0.22192490100860596,0.1557079255580902,0.4969419240951538,0.4454822540283203,0.0618192870169878,0.937705397605896,0.18369928747415543,0.1996433287858963,0.1857227087020874,0.09991025924682617,0.2148084193468094,0.19866473227739334,0.17121297866106033,0.5000066757202148
quercetin,0,-0.2510289841378286,CPFLOW/comparison_outputs/full44_imageft2_morphology_candidates/images/quercetin/candidate_000_raw.png,CPFLOW/comparison_outputs/full44_imageft2_morphology_candidates/images/quercetin/candidate_000_display.png,0.3544921875,0.05886733531951904,0.9553055167198181,0.189804345369339,0.14768891036510468,0.1658487468957901,0.06579677015542984,0.22897839546203613,0.20752476155757904,0.15094111859798431,0.5110653042793274,0.32951927185058594,0.054178450256586075,0.9276664853096008,0.15065786242485046,0.1441567987203598,0.1517571285367012,0.0825977586209774,0.1932646557688713,0.18982383608818054,0.1544976383447647,0.5018331706523895
quercetin,1,-0.15123431878543614,CPFLOW/comparison_outputs/full44_imageft2_morphology_candidates/images/quercetin/candidate_001_raw.png,CPFLOW/comparison_outputs/full44_imageft2_morphology_candidates/images/quercetin/candidate_001_display.png,0.3299446105957031,0.05323098599910736,0.8806528449058533,0.14483234286308289,0.15964820981025696,0.15514440834522247,0.12682318687438965,0.20068126916885376,0.19092608988285065,0.1299714744091034,0.5103399157524109,0.32951927185058594,0.054178450256586075,0.9276664853096008,0.15065786242485046,0.1441567987203598,0.1517571285367012,0.0825977586209774,0.1932646557688713,0.18982383608818054,0.1544976383447647,0.5018331706523895
quercetin,2,-0.29072368952405947,CPFLOW/comparison_outputs/full44_imageft2_morphology_candidates/images/quercetin/candidate_002_raw.png,CPFLOW/comparison_outputs/full44_imageft2_morphology_candidates/images/quercetin/candidate_002_display.png,0.3528327941894531,0.05793783441185951,0.9023206830024719,0.15855570137500763,0.17949239909648895,0.17852771282196045,0.12217361479997635,0.22011485695838928,0.21464481949806213,0.15801973640918732,0.49685776233673096,0.32951927185058594,0.054178450256586075,0.9276664853096008,0.15065786242485046,0.1441567987203598,0.1517571285367012,0.0825977586209774,0.1932646557688713,0.18982383608818054,0.1544976383447647,0.5018331706523895
quercetin,3,-0.3585538641206771,CPFLOW/comparison_outputs/full44_imageft2_morphology_candidates/images/quercetin/candidate_003_raw.png,CPFLOW/comparison_outputs/full44_imageft2_morphology_candidates/images/quercetin/candidate_003_display.png,0.2609596252441406,0.050963401794433594,0.9077863097190857,0.13086453080177307,0.12875883281230927,0.13315251469612122,0.09860105812549591,0.19592918455600739,0.17387600243091583,0.12949271500110626,0.5007658004760742,0.32951927185058594,0.054178450256586075,0.9276664853096008,0.15065786242485046,0.1441567987203598,0.1517571285367012,0.0825977586209774,0.1932646557688713,0.18982383608818054,0.1544976383447647,0.5018331706523895
quercetin,4,-0.5706613127431801,CPFLOW/comparison_outputs/full44_imageft2_morphology_candidates/images/quercetin/candidate_004_raw.png,CPFLOW/comparison_outputs/full44_imageft2_morphology_candidates/images/quercetin/candidate_004_display.png,0.22374343872070312,0.04584898054599762,0.8693288564682007,0.13829171657562256,0.12152896821498871,0.14421719312667847,0.12722602486610413,0.19079804420471191,0.1955406367778778,0.12905077636241913,0.506397008895874,0.32951927185058594,0.054178450256586075,0.9276664853096008,0.15065786242485046,0.1441567987203598,0.1517571285367012,0.0825977586209774,0.1932646557688713,0.18982383608818054,0.1544976383447647,0.5018331706523895
quercetin,5,-0.24247798850568403,CPFLOW/comparison_outputs/full44_imageft2_morphology_candidates/images/quercetin/candidate_005_raw.png,CPFLOW/comparison_outputs/full44_imageft2_morphology_candidates/images/quercetin/candidate_005_display.png,0.32180023193359375,0.0631389245390892,0.9735330939292908,0.1706160604953766,0.11414134502410889,0.14494872093200684,0.06255317479372025,0.2041827291250229,0.20307235419750214,0.14737707376480103,0.5050135850906372,0.32951927185058594,0.054178450256586075,0.9276664853096008,0.15065786242485046,0.1441567987203598,0.1517571285367012,0.0825977586209774,0.1932646557688713,0.18982383608818054,0.1544976383447647,0.5018331706523895
quercetin,6,-0.4415668821235425,CPFLOW/comparison_outputs/full44_imageft2_morphology_candidates/images/quercetin/candidate_006_raw.png,CPFLOW/comparison_outputs/full44_imageft2_morphology_candidates/images/quercetin/candidate_006_display.png,0.428009033203125,0.05821003019809723,0.9226332306861877,0.17705239355564117,0.1580791175365448,0.1764475703239441,0.101778045296669,0.19536001980304718,0.20019729435443878,0.164494127035141,0.4744203984737396,0.32951927185058594,0.054178450256586075,0.9276664853096008,0.15065786242485046,0.1441567987203598,0.1517571285367012,0.0825977586209774,0.1932646557688713,0.18982383608818054,0.1544976383447647,0.5018331706523895
quercetin,7,-1.607893725345359,CPFLOW/comparison_outputs/full44_imageft2_morphology_candidates/images/quercetin/candidate_007_raw.png,CPFLOW/comparison_outputs/full44_imageft2_morphology_candidates/images/quercetin/candidate_007_display.png,0.6640777587890625,0.069251149892807,0.9022201299667358,0.2673509418964386,0.2218111753463745,0.29635149240493774,0.12517493963241577,0.18454867601394653,0.2314089834690094,0.1756201982498169,0.5157387852668762,0.32951927185058594,0.054178450256586075,0.9276664853096008,0.15065786242485046,0.1441567987203598,0.1517571285367012,0.0825977586209774,0.1932646557688713,0.18982383608818054,0.1544976383447647,0.5018331706523895
quercetin,8,-0.7019655351583092,CPFLOW/comparison_outputs/full44_imageft2_morphology_candidates/images/quercetin/candidate_008_raw.png,CPFLOW/comparison_outputs/full44_imageft2_morphology_candidates/images/quercetin/candidate_008_display.png,0.4679069519042969,0.062131673097610474,0.9196434020996094,0.2060670554637909,0.18073266744613647,0.20012004673480988,0.10274690389633179,0.22029940783977509,0.20510923862457275,0.17142613232135773,0.5041794776916504,0.32951927185058594,0.054178450256586075,0.9276664853096008,0.15065786242485046,0.1441567987203598,0.1517571285367012,0.0825977586209774,0.1932646557688713,0.18982383608818054,0.1544976383447647,0.5018331706523895
quercetin,9,-0.6693855980795743,CPFLOW/comparison_outputs/full44_imageft2_morphology_candidates/images/quercetin/candidate_009_raw.png,CPFLOW/comparison_outputs/full44_imageft2_morphology_candidates/images/quercetin/candidate_009_display.png,0.22729873657226562,0.040795840322971344,0.8735861778259277,0.11936403065919876,0.10445591062307358,0.12349795550107956,0.10775840282440186,0.1630992293357849,0.1831160932779312,0.1330578774213791,0.5042278170585632,0.32951927185058594,0.054178450256586075,0.9276664853096008,0.15065786242485046,0.1441567987203598,0.1517571285367012,0.0825977586209774,0.1932646557688713,0.18982383608818054,0.1544976383447647,0.5018331706523895
quercetin,10,-0.6471098572939293,CPFLOW/comparison_outputs/full44_imageft2_morphology_candidates/images/quercetin/candidate_010_raw.png,CPFLOW/comparison_outputs/full44_imageft2_morphology_candidates/images/quercetin/candidate_010_display.png,0.47460174560546875,0.06213320791721344,0.9394179582595825,0.20029890537261963,0.15481926500797272,0.19271963834762573,0.08942370861768723,0.19760675728321075,0.21041244268417358,0.16402101516723633,0.4983997046947479,0.32951927185058594,0.054178450256586075,0.9276664853096008,0.15065786242485046,0.1441567987203598,0.1517571285367012,0.0825977586209774,0.1932646557688713,0.18982383608818054,0.1544976383447647,0.5018331706523895
quercetin,11,-0.3282189030243519,CPFLOW/comparison_outputs/full44_imageft2_morphology_candidates/images/quercetin/candidate_011_raw.png,CPFLOW/comparison_outputs/full44_imageft2_morphology_candidates/images/quercetin/candidate_011_display.png,0.2701988220214844,0.05021265149116516,0.8882821202278137,0.1369231939315796,0.14577360451221466,0.14450936019420624,0.11270047724246979,0.20248594880104065,0.196508526802063,0.13756899535655975,0.5116401314735413,0.32951927185058594,0.054178450256586075,0.9276664853096008,0.15065786242485046,0.1441567987203598,0.1517571285367012,0.0825977586209774,0.1932646557688713,0.18982383608818054,0.1544976383447647,0.5018331706523895
quercetin,12,-0.3375667599683906,CPFLOW/comparison_outputs/full44_imageft2_morphology_candidates/images/quercetin/candidate_012_raw.png,CPFLOW/comparison_outputs/full44_imageft2_morphology_candidates/images/quercetin/candidate_012_display.png,0.3644866943359375,0.059085480868816376,0.9027776718139648,0.1682841181755066,0.1689251810312271,0.1818542629480362,0.13892878592014313,0.20277675986289978,0.2093602418899536,0.15229640901088715,0.4740813076496124,0.32951927185058594,0.054178450256586075,0.9276664853096008,0.15065786242485046,0.1441567987203598,0.1517571285367012,0.0825977586209774,0.1932646557688713,0.18982383608818054,0.1544976383447647,0.5018331706523895
quercetin,13,-0.3411692446322846,CPFLOW/comparison_outputs/full44_imageft2_morphology_candidates/images/quercetin/candidate_013_raw.png,CPFLOW/comparison_outputs/full44_imageft2_morphology_candidates/images/quercetin/candidate_013_display.png,0.25998687744140625,0.05032756179571152,0.914728045463562,0.14271511137485504,0.13918030261993408,0.14993983507156372,0.11429539322853088,0.20653808116912842,0.21393539011478424,0.1450212001800537,0.4981192648410797,0.32951927185058594,0.054178450256586075,0.9276664853096008,0.15065786242485046,0.1441567987203598,0.1517571285367012,0.0825977586209774,0.1932646557688713,0.18982383608818054,0.1544976383447647,0.5018331706523895
quercetin,14,-0.10501382183396536,CPFLOW/comparison_outputs/full44_imageft2_morphology_candidates/images/quercetin/candidate_014_raw.png,CPFLOW/comparison_outputs/full44_imageft2_morphology_candidates/images/quercetin/candidate_014_display.png,0.340240478515625,0.05585061013698578,0.9325658082962036,0.16140216588974,0.13482671976089478,0.1496824324131012,0.07556761801242828,0.2045135349035263,0.20365382730960846,0.14668504893779755,0.4922882914543152,0.32951927185058594,0.054178450256586075,0.9276664853096008,0.15065786242485046,0.1441567987203598,0.1517571285367012,0.0825977586209774,0.1932646557688713,0.18982383608818054,0.1544976383447647,0.5018331706523895
quercetin,15,-0.7022018423974488,CPFLOW/comparison_outputs/full44_imageft2_morphology_candidates/images/quercetin/candidate_015_raw.png,CPFLOW/comparison_outputs/full44_imageft2_morphology_candidates/images/quercetin/candidate_015_display.png,0.4626197814941406,0.06135868653655052,0.9071003794670105,0.1977604776620865,0.1945677101612091,0.19291837513446808,0.11594361066818237,0.21935416758060455,0.2080276906490326,0.1625559777021408,0.49242517352104187,0.32951927185058594,0.054178450256586075,0.9276664853096008,0.15065786242485046,0.1441567987203598,0.1517571285367012,0.0825977586209774,0.1932646557688713,0.18982383608818054,0.1544976383447647,0.5018331706523895
quercetin,16,-0.6405790162735139,CPFLOW/comparison_outputs/full44_imageft2_morphology_candidates/images/quercetin/candidate_016_raw.png,CPFLOW/comparison_outputs/full44_imageft2_morphology_candidates/images/quercetin/candidate_016_display.png,0.2694091796875,0.03998070955276489,0.8560141921043396,0.1053088828921318,0.09640559554100037,0.1287064254283905,0.12704573571681976,0.1497495025396347,0.1610884815454483,0.11761163920164108,0.5037814378738403,0.32951927185058594,0.054178450256586075,0.9276664853096008,0.15065786242485046,0.1441567987203598,0.1517571285367012,0.0825977586209774,0.1932646557688713,0.18982383608818054,0.1544976383447647,0.5018331706523895
quercetin,17,-0.4454848702882427,CPFLOW/comparison_outputs/full44_imageft2_morphology_candidates/images/quercetin/candidate_017_raw.png,CPFLOW/comparison_outputs/full44_imageft2_morphology_candidates/images/quercetin/candidate_017_display.png,0.4119758605957031,0.05840042233467102,0.9377242922782898,0.17155608534812927,0.18091420829296112,0.1898803859949112,0.09154386818408966,0.20983688533306122,0.2144637405872345,0.16363897919654846,0.5074742436408997,0.32951927185058594,0.054178450256586075,0.9276664853096008,0.15065786242485046,0.1441567987203598,0.1517571285367012,0.0825977586209774,0.1932646557688713,0.18982383608818054,0.1544976383447647,0.5018331706523895
quercetin,18,-0.2412912448571536,CPFLOW/comparison_outputs/full44_imageft2_morphology_candidates/images/quercetin/candidate_018_raw.png,CPFLOW/comparison_outputs/full44_imageft2_morphology_candidates/images/quercetin/candidate_018_display.png,0.3517036437988281,0.05183340609073639,0.8836501836776733,0.14038869738578796,0.16147491335868835,0.16660815477371216,0.13498365879058838,0.19250759482383728,0.19729238748550415,0.15728671848773956,0.508305013179779,0.32951927185058594,0.054178450256586075,0.9276664853096008,0.15065786242485046,0.1441567987203598,0.1517571285367012,0.0825977586209774,0.1932646557688713,0.18982383608818054,0.1544976383447647,0.5018331706523895
quercetin,19,-0.592852558323302,CPFLOW/comparison_outputs/full44_imageft2_morphology_candidates/images/quercetin/candidate_019_raw.png,CPFLOW/comparison_outputs/full44_imageft2_morphology_candidates/images/quercetin/candidate_019_display.png,0.23824310302734375,0.04557984322309494,0.9091017842292786,0.11089764535427094,0.08753100037574768,0.10706284642219543,0.07277362048625946,0.1671331524848938,0.16171205043792725,0.13363663852214813,0.5011087656021118,0.32951927185058594,0.054178450256586075,0.9276664853096008,0.15065786242485046,0.1441567987203598,0.1517571285367012,0.0825977586209774,0.1932646557688713,0.18982383608818054,0.1544976383447647,0.5018331706523895
quercetin,20,-0.37856133159494626,CPFLOW/comparison_outputs/full44_imageft2_morphology_candidates/images/quercetin/candidate_020_raw.png,CPFLOW/comparison_outputs/full44_imageft2_morphology_candidates/images/quercetin/candidate_020_display.png,0.4154205322265625,0.05489698052406311,0.8944514989852905,0.16605697572231293,0.12454439699649811,0.1529577225446701,0.10289283841848373,0.17155440151691437,0.19636006653308868,0.16347722709178925,0.4991992712020874,0.32951927185058594,0.054178450256586075,0.9276664853096008,0.15065786242485046,0.1441567987203598,0.1517571285367012,0.0825977586209774,0.1932646557688713,0.18982383608818054,0.1544976383447647,0.5018331706523895
quercetin,21,-0.5309326289307292,CPFLOW/comparison_outputs/full44_imageft2_morphology_candidates/images/quercetin/candidate_021_raw.png,CPFLOW/comparison_outputs/full44_imageft2_morphology_candidates/images/quercetin/candidate_021_display.png,0.2536582946777344,0.04453609138727188,0.8720371127128601,0.132516011595726,0.11425501108169556,0.1299557238817215,0.13015612959861755,0.176954448223114,0.18344712257385254,0.1383017748594284,0.5040281414985657,0.32951927185058594,0.054178450256586075,0.9276664853096008,0.15065786242485046,0.1441567987203598,0.1517571285367012,0.0825977586209774,0.1932646557688713,0.18982383608818054,0.1544976383447647,0.5018331706523895
quercetin,22,-0.5771152575383562,CPFLOW/comparison_outputs/full44_imageft2_morphology_candidates/images/quercetin/candidate_022_raw.png,CPFLOW/comparison_outputs/full44_imageft2_morphology_candidates/images/quercetin/candidate_022_display.png,0.2133026123046875,0.04686891660094261,0.9308056235313416,0.1128537654876709,0.10950938612222672,0.12597490847110748,0.06965336948633194,0.18923501670360565,0.17654414474964142,0.12153787165880203,0.486936092376709,0.32951927185058594,0.054178450256586075,0.9276664853096008,0.15065786242485046,0.1441567987203598,0.1517571285367012,0.0825977586209774,0.1932646557688713,0.18982383608818054,0.1544976383447647,0.5018331706523895
quercetin,23,-0.5930979821436747,CPFLOW/comparison_outputs/full44_imageft2_morphology_candidates/images/quercetin/candidate_023_raw.png,CPFLOW/comparison_outputs/full44_imageft2_morphology_candidates/images/quercetin/candidate_023_display.png,0.2139434814453125,0.047542884945869446,0.9394115805625916,0.11685120314359665,0.09166782349348068,0.12050662934780121,0.06985197216272354,0.1833459883928299,0.1941366344690323,0.12756893038749695,0.469335675239563,0.32951927185058594,0.054178450256586075,0.9276664853096008,0.15065786242485046,0.1441567987203598,0.1517571285367012,0.0825977586209774,0.1932646557688713,0.18982383608818054,0.1544976383447647,0.5018331706523895
quercetin,24,-0.9436057684908529,CPFLOW/comparison_outputs/full44_imageft2_morphology_candidates/images/quercetin/candidate_024_raw.png,CPFLOW/comparison_outputs/full44_imageft2_morphology_candidates/images/quercetin/candidate_024_display.png,0.15701675415039062,0.0446275994181633,0.8634829521179199,0.10630858689546585,0.08498457819223404,0.10140137374401093,0.11114098876714706,0.1552574336528778,0.1568043828010559,0.11607871204614639,0.4965406656265259,0.32951927185058594,0.054178450256586075,0.9276664853096008,0.15065786242485046,0.1441567987203598,0.1517571285367012,0.0825977586209774,0.1932646557688713,0.18982383608818054,0.1544976383447647,0.5018331706523895
quercetin,25,-0.5720215027466811,CPFLOW/comparison_outputs/full44_imageft2_morphology_candidates/images/quercetin/candidate_025_raw.png,CPFLOW/comparison_outputs/full44_imageft2_morphology_candidates/images/quercetin/candidate_025_display.png,0.2541465759277344,0.04531767591834068,0.9153489470481873,0.11098752915859222,0.09767594188451767,0.08679431676864624,0.050591979175806046,0.18624556064605713,0.16352210938930511,0.12657344341278076,0.4967895448207855,0.32951927185058594,0.054178450256586075,0.9276664853096008,0.15065786242485046,0.1441567987203598,0.1517571285367012,0.0825977586209774,0.1932646557688713,0.18982383608818054,0.1544976383447647,0.5018331706523895
quercetin,26,-1.7059061761990455,CPFLOW/comparison_outputs/full44_imageft2_morphology_candidates/images/quercetin/candidate_026_raw.png,CPFLOW/comparison_outputs/full44_imageft2_morphology_candidates/images/quercetin/candidate_026_display.png,0.6514892578125,0.07226573675870895,0.9486915469169617,0.2588876485824585,0.2978709638118744,0.2833145558834076,0.13744254410266876,0.23330603539943695,0.22820639610290527,0.1966858059167862,0.5135281682014465,0.32951927185058594,0.054178450256586075,0.9276664853096008,0.15065786242485046,0.1441567987203598,0.1517571285367012,0.0825977586209774,0.1932646557688713,0.18982383608818054,0.1544976383447647,0.5018331706523895
quercetin,27,-1.1990871215932521,CPFLOW/comparison_outputs/full44_imageft2_morphology_candidates/images/quercetin/candidate_027_raw.png,CPFLOW/comparison_outputs/full44_imageft2_morphology_candidates/images/quercetin/candidate_027_display.png,0.12810134887695312,0.03594942390918732,0.8367141485214233,0.09770441055297852,0.0747910588979721,0.08889257907867432,0.09879622608423233,0.15482980012893677,0.1401272565126419,0.10477207601070404,0.49559053778648376,0.32951927185058594,0.054178450256586075,0.9276664853096008,0.15065786242485046,0.1441567987203598,0.1517571285367012,0.0825977586209774,0.1932646557688713,0.18982383608818054,0.1544976383447647,0.5018331706523895
quercetin,28,-0.9129679096077746,CPFLOW/comparison_outputs/full44_imageft2_morphology_candidates/images/quercetin/candidate_028_raw.png,CPFLOW/comparison_outputs/full44_imageft2_morphology_candidates/images/quercetin/candidate_028_display.png,0.16043472290039062,0.0363084152340889,0.909235417842865,0.10050590336322784,0.10391571372747421,0.12285955250263214,0.10288965702056885,0.18324869871139526,0.17036795616149902,0.12196219712495804,0.5004323720932007,0.32951927185058594,0.054178450256586075,0.9276664853096008,0.15065786242485046,0.1441567987203598,0.1517571285367012,0.0825977586209774,0.1932646557688713,0.18982383608818054,0.1544976383447647,0.5018331706523895
quercetin,29,-0.6572951937290488,CPFLOW/comparison_outputs/full44_imageft2_morphology_candidates/images/quercetin/candidate_029_raw.png,CPFLOW/comparison_outputs/full44_imageft2_morphology_candidates/images/quercetin/candidate_029_display.png,0.4310569763183594,0.06190391629934311,0.9001990556716919,0.1861071139574051,0.20953616499900818,0.1948733627796173,0.13153225183486938,0.22677795588970184,0.21600893139839172,0.1616445928812027,0.5021684765815735,0.32951927185058594,0.054178450256586075,0.9276664853096008,0.15065786242485046,0.1441567987203598,0.1517571285367012,0.0825977586209774,0.1932646557688713,0.18982383608818054,0.1544976383447647,0.5018331706523895
quercetin,30,-1.4553405909880444,CPFLOW/comparison_outputs/full44_imageft2_morphology_candidates/images/quercetin/candidate_030_raw.png,CPFLOW/comparison_outputs/full44_imageft2_morphology_candidates/images/quercetin/candidate_030_display.png,0.0819854736328125,0.027692444622516632,0.913976788520813,0.06749267876148224,0.07387133687734604,0.07577110081911087,0.0749022588133812,0.1508449763059616,0.13085311651229858,0.09171108156442642,0.5076019763946533,0.32951927185058594,0.054178450256586075,0.9276664853096008,0.15065786242485046,0.1441567987203598,0.1517571285367012,0.0825977586209774,0.1932646557688713,0.18982383608818054,0.1544976383447647,0.5018331706523895
quercetin,31,-0.6351948599771982,CPFLOW/comparison_outputs/full44_imageft2_morphology_candidates/images/quercetin/candidate_031_raw.png,CPFLOW/comparison_outputs/full44_imageft2_morphology_candidates/images/quercetin/candidate_031_display.png,0.22190093994140625,0.03899873048067093,0.9361002445220947,0.14749106764793396,0.08762148022651672,0.12695404887199402,0.10833695530891418,0.19370323419570923,0.1892969012260437,0.14092028141021729,0.5005216598510742,0.32951927185058594,0.054178450256586075,0.9276664853096008,0.15065786242485046,0.1441567987203598,0.1517571285367012,0.0825977586209774,0.1932646557688713,0.18982383608818054,0.1544976383447647,0.5018331706523895
staurosporine,0,-1.1210899737032247,CPFLOW/comparison_outputs/full44_imageft2_morphology_candidates/images/staurosporine/candidate_000_raw.png,CPFLOW/comparison_outputs/full44_imageft2_morphology_candidates/images/staurosporine/candidate_000_display.png,0.294586181640625,0.05309437960386276,0.9247796535491943,0.10519368201494217,0.1252650022506714,0.11210159957408905,0.0681411549448967,0.18018709123134613,0.17072631418704987,0.13125863671302795,0.4841505289077759,0.4880390167236328,0.07626068964600563,0.953508585691452,0.18931487947702408,0.19949984550476074,0.1759665608406067,0.093447957187891,0.2149520292878151,0.2031126394867897,0.16884111613035202,0.500653475522995
staurosporine,1,-2.186850233496392,CPFLOW/comparison_outputs/full44_imageft2_morphology_candidates/images/staurosporine/candidate_001_raw.png,CPFLOW/comparison_outputs/full44_imageft2_morphology_candidates/images/staurosporine/candidate_001_display.png,0.14477920532226562,0.03131601959466934,0.8872012495994568,0.05712100863456726,0.05822276696562767,0.048141639679670334,0.01854303851723671,0.1541348695755005,0.13563446700572968,0.09650635719299316,0.4855552613735199,0.4880390167236328,0.07626068964600563,0.953508585691452,0.18931487947702408,0.19949984550476074,0.1759665608406067,0.093447957187891,0.2149520292878151,0.2031126394867897,0.16884111613035202,0.500653475522995
staurosporine,2,-2.363756225329639,CPFLOW/comparison_outputs/full44_imageft2_morphology_candidates/images/staurosporine/candidate_002_raw.png,CPFLOW/comparison_outputs/full44_imageft2_morphology_candidates/images/staurosporine/candidate_002_display.png,0.10855865478515625,0.03187505900859833,0.8657944202423096,0.04640638455748558,0.03949388489127159,0.04204146936535835,0.02334650233387947,0.12865768373012543,0.1275094747543335,0.09101780503988266,0.4969116449356079,0.4880390167236328,0.07626068964600563,0.953508585691452,0.18931487947702408,0.19949984550476074,0.1759665608406067,0.093447957187891,0.2149520292878151,0.2031126394867897,0.16884111613035202,0.500653475522995
staurosporine,3,-1.064672168691949,CPFLOW/comparison_outputs/full44_imageft2_morphology_candidates/images/staurosporine/candidate_003_raw.png,CPFLOW/comparison_outputs/full44_imageft2_morphology_candidates/images/staurosporine/candidate_003_display.png,0.3067741394042969,0.052709370851516724,0.8880021572113037,0.10613815486431122,0.132958322763443,0.12771281599998474,0.1036040335893631,0.17792759835720062,0.18197494745254517,0.13085941970348358,0.491107314825058,0.4880390167236328,0.07626068964600563,0.953508585691452,0.18931487947702408,0.19949984550476074,0.1759665608406067,0.093447957187891,0.2149520292878151,0.2031126394867897,0.16884111613035202,0.500653475522995
staurosporine,4,-1.148122902925289,CPFLOW/comparison_outputs/full44_imageft2_morphology_candidates/images/staurosporine/candidate_004_raw.png,CPFLOW/comparison_outputs/full44_imageft2_morphology_candidates/images/staurosporine/candidate_004_display.png,0.2874717712402344,0.057657502591609955,0.9181829690933228,0.11528966575860977,0.12268927693367004,0.08513494580984116,0.0625767931342125,0.18822193145751953,0.16146895289421082,0.12164444476366043,0.5139389038085938,0.4880390167236328,0.07626068964600563,0.953508585691452,0.18931487947702408,0.19949984550476074,0.1759665608406067,0.093447957187891,0.2149520292878151,0.2031126394867897,0.16884111613035202,0.500653475522995
staurosporine,5,-6.566823770121099,CPFLOW/comparison_outputs/full44_imageft2_morphology_candidates/images/staurosporine/candidate_005_raw.png,CPFLOW/comparison_outputs/full44_imageft2_morphology_candidates/images/staurosporine/candidate_005_display.png,0.9893646240234375,0.2006872594356537,0.6666961908340454,0.5227202773094177,0.4708981513977051,0.03260243311524391,0.509332001209259,0.17965500056743622,0.12114851176738739,0.16309025883674622,0.5141631364822388,0.4880390167236328,0.07626068964600563,0.953508585691452,0.18931487947702408,0.19949984550476074,0.1759665608406067,0.093447957187891,0.2149520292878151,0.2031126394867897,0.16884111613035202,0.500653475522995
staurosporine,6,-6.054530269791762,CPFLOW/comparison_outputs/full44_imageft2_morphology_candidates/images/staurosporine/candidate_006_raw.png,CPFLOW/comparison_outputs/full44_imageft2_morphology_candidates/images/staurosporine/candidate_006_display.png,0.028636932373046875,0.02608548477292061,0.5814080834388733,0.04950908198952675,0.012547247111797333,0.010000810027122498,0.04614320769906044,0.08502611517906189,0.07856763899326324,0.06597572565078735,0.46352532505989075,0.4880390167236328,0.07626068964600563,0.953508585691452,0.18931487947702408,0.19949984550476074,0.1759665608406067,0.093447957187891,0.2149520292878151,0.2031126394867897,0.16884111613035202,0.500653475522995
staurosporine,7,-0.6059633361569958,CPFLOW/comparison_outputs/full44_imageft2_morphology_candidates/images/staurosporine/candidate_007_raw.png,CPFLOW/comparison_outputs/full44_imageft2_morphology_candidates/images/staurosporine/candidate_007_display.png,0.40019989013671875,0.05836617946624756,0.914397120475769,0.1380511373281479,0.15949031710624695,0.1441134810447693,0.09807546436786652,0.19798964262008667,0.18500615656375885,0.1401377022266388,0.49902278184890747,0.4880390167236328,0.07626068964600563,0.953508585691452,0.18931487947702408,0.19949984550476074,0.1759665608406067,0.093447957187891,0.2149520292878151,0.2031126394867897,0.16884111613035202,0.500653475522995
staurosporine,8,-6.536582622403994,CPFLOW/comparison_outputs/full44_imageft2_morphology_candidates/images/staurosporine/candidate_008_raw.png,CPFLOW/comparison_outputs/full44_imageft2_morphology_candidates/images/staurosporine/candidate_008_display.png,0.01555633544921875,0.014610972255468369,0.375437468290329,0.05349921062588692,0.016136502847075462,0.009375439025461674,0.05591639503836632,0.08143395930528641,0.07392676174640656,0.06462656706571579,0.4900833070278168,0.4880390167236328,0.07626068964600563,0.953508585691452,0.18931487947702408,0.19949984550476074,0.1759665608406067,0.093447957187891,0.2149520292878151,0.2031126394867897,0.16884111613035202,0.500653475522995
staurosporine,9,-1.22983212417701,CPFLOW/comparison_outputs/full44_imageft2_morphology_candidates/images/staurosporine/candidate_009_raw.png,CPFLOW/comparison_outputs/full44_imageft2_morphology_candidates/images/staurosporine/candidate_009_display.png,0.2720794677734375,0.05292947590351105,0.9420139789581299,0.10758627206087112,0.10951032489538193,0.09864534437656403,0.05576900392770767,0.18812324106693268,0.1703130602836609,0.11592360585927963,0.49164634943008423,0.4880390167236328,0.07626068964600563,0.953508585691452,0.18931487947702408,0.19949984550476074,0.1759665608406067,0.093447957187891,0.2149520292878151,0.2031126394867897,0.16884111613035202,0.500653475522995
staurosporine,10,-2.705025890988229,CPFLOW/comparison_outputs/full44_imageft2_morphology_candidates/images/staurosporine/candidate_010_raw.png,CPFLOW/comparison_outputs/full44_imageft2_morphology_candidates/images/staurosporine/candidate_010_display.png,0.06557464599609375,0.0228686835616827,0.8627283573150635,0.03763477876782417,0.026501351967453957,0.0379001721739769,0.024393972009420395,0.11269992589950562,0.11732243001461029,0.09213951230049133,0.5221402049064636,0.4880390167236328,0.07626068964600563,0.953508585691452,0.18931487947702408,0.19949984550476074,0.1759665608406067,0.093447957187891,0.2149520292878151,0.2031126394867897,0.16884111613035202,0.500653475522995
staurosporine,11,-1.1852667866026447,CPFLOW/comparison_outputs/full44_imageft2_morphology_candidates/images/staurosporine/candidate_011_raw.png,CPFLOW/comparison_outputs/full44_imageft2_morphology_candidates/images/staurosporine/candidate_011_display.png,0.2944908142089844,0.05514775589108467,0.9386717677116394,0.11659783124923706,0.09139817208051682,0.10702266544103622,0.03321066498756409,0.1717924177646637,0.17774227261543274,0.11199634522199631,0.5043255090713501,0.4880390167236328,0.07626068964600563,0.953508585691452,0.18931487947702408,0.19949984550476074,0.1759665608406067,0.093447957187891,0.2149520292878151,0.2031126394867897,0.16884111613035202,0.500653475522995
staurosporine,12,-1.769105693936492,CPFLOW/comparison_outputs/full44_imageft2_morphology_candidates/images/staurosporine/candidate_012_raw.png,CPFLOW/comparison_outputs/full44_imageft2_morphology_candidates/images/staurosporine/candidate_012_display.png,0.1729278564453125,0.040131501853466034,0.8814008235931396,0.10737110674381256,0.07905860245227814,0.080354243516922,0.09195181727409363,0.16697590053081512,0.1514277458190918,0.09926386177539825,0.48597657680511475,0.4880390167236328,0.07626068964600563,0.953508585691452,0.18931487947702408,0.19949984550476074,0.1759665608406067,0.093447957187891,0.2149520292878151,0.2031126394867897,0.16884111613035202,0.500653475522995
staurosporine,13,-6.585263056957536,CPFLOW/comparison_outputs/full44_imageft2_morphology_candidates/images/staurosporine/candidate_013_raw.png,CPFLOW/comparison_outputs/full44_imageft2_morphology_candidates/images/staurosporine/candidate_013_display.png,0.01770782470703125,0.016413811594247818,0.17847901582717896,0.09984573721885681,0.011425664648413658,0.005068231374025345,0.10098137706518173,0.06819579005241394,0.06442158669233322,0.06166038662195206,0.479667603969574,0.4880390167236328,0.07626068964600563,0.953508585691452,0.18931487947702408,0.19949984550476074,0.1759665608406067,0.093447957187891,0.2149520292878151,0.2031126394867897,0.16884111613035202,0.500653475522995
staurosporine,14,-1.0547379676422912,CPFLOW/comparison_outputs/full44_imageft2_morphology_candidates/images/staurosporine/candidate_014_raw.png,CPFLOW/comparison_outputs/full44_imageft2_morphology_candidates/images/staurosporine/candidate_014_display.png,0.3237113952636719,0.050278909504413605,0.9308033585548401,0.1145300567150116,0.11327578872442245,0.113896444439888,0.04934357851743698,0.18831394612789154,0.19021664559841156,0.14467191696166992,0.529905378818512,0.4880390167236328,0.07626068964600563,0.953508585691452,0.18931487947702408,0.19949984550476074,0.1759665608406067,0.093447957187891,0.2149520292878151,0.2031126394867897,0.16884111613035202,0.500653475522995
staurosporine,15,-3.00606381223758,CPFLOW/comparison_outputs/full44_imageft2_morphology_candidates/images/staurosporine/candidate_015_raw.png,CPFLOW/comparison_outputs/full44_imageft2_morphology_candidates/images/staurosporine/candidate_015_display.png,0.050846099853515625,0.01948961429297924,0.7696982622146606,0.023526906967163086,0.019540630280971527,0.01472099032253027,0.012168432585895061,0.10076944530010223,0.08845778554677963,0.07527747005224228,0.4838593900203705,0.4880390167236328,0.07626068964600563,0.953508585691452,0.18931487947702408,0.19949984550476074,0.1759665608406067,0.093447957187891,0.2149520292878151,0.2031126394867897,0.16884111613035202,0.500653475522995
staurosporine,16,-2.383364300546323,CPFLOW/comparison_outputs/full44_imageft2_morphology_candidates/images/staurosporine/candidate_016_raw.png,CPFLOW/comparison_outputs/full44_imageft2_morphology_candidates/images/staurosporine/candidate_016_display.png,0.07033157348632812,0.04588569700717926,0.7503811717033386,0.09815438091754913,0.01564025692641735,0.014838218688964844,0.09444919228553772,0.09285317361354828,0.09357018768787384,0.07817383110523224,0.4567062258720398,0.4880390167236328,0.07626068964600563,0.953508585691452,0.18931487947702408,0.19949984550476074,0.1759665608406067,0.093447957187891,0.2149520292878151,0.2031126394867897,0.16884111613035202,0.500653475522995
staurosporine,17,-6.579803188625931,CPFLOW/comparison_outputs/full44_imageft2_morphology_candidates/images/staurosporine/candidate_017_raw.png,CPFLOW/comparison_outputs/full44_imageft2_morphology_candidates/images/staurosporine/candidate_017_display.png,0.016414642333984375,0.010727757588028908,0.592082679271698,0.028188368305563927,0.00864090584218502,0.007786632981151342,0.027358073741197586,0.07650471478700638,0.07483691722154617,0.06975622475147247,0.4645242989063263,0.4880390167236328,0.07626068964600563,0.953508585691452,0.18931487947702408,0.19949984550476074,0.1759665608406067,0.093447957187891,0.2149520292878151,0.2031126394867897,0.16884111613035202,0.500653475522995
staurosporine,18,-2.5127121183203274,CPFLOW/comparison_outputs/full44_imageft2_morphology_candidates/images/staurosporine/candidate_018_raw.png,CPFLOW/comparison_outputs/full44_imageft2_morphology_candidates/images/staurosporine/candidate_018_display.png,0.096954345703125,0.02725474163889885,0.832551896572113,0.05802087485790253,0.029663661494851112,0.03980356827378273,0.04374101758003235,0.10447946190834045,0.11507432162761688,0.0868682712316513,0.5488865375518799,0.4880390167236328,0.07626068964600563,0.953508585691452,0.18931487947702408,0.19949984550476074,0.1759665608406067,0.093447957187891,0.2149520292878151,0.2031126394867897,0.16884111613035202,0.500653475522995
staurosporine,19,-1.863547215684112,CPFLOW/comparison_outputs/full44_imageft2_morphology_candidates/images/staurosporine/candidate_019_raw.png,CPFLOW/comparison_outputs/full44_imageft2_morphology_candidates/images/staurosporine/candidate_019_display.png,0.18423080444335938,0.038388386368751526,0.8750898241996765,0.07620954513549805,0.085858054459095,0.06224209442734718,0.05635841563344002,0.15175800025463104,0.13234774768352509,0.10515935719013214,0.49615275859832764,0.4880390167236328,0.07626068964600563,0.953508585691452,0.18931487947702408,0.19949984550476074,0.1759665608406067,0.093447957187891,0.2149520292878151,0.2031126394867897,0.16884111613035202,0.500653475522995
staurosporine,20,-2.19914301287756,CPFLOW/comparison_outputs/full44_imageft2_morphology_candidates/images/staurosporine/candidate_020_raw.png,CPFLOW/comparison_outputs/full44_imageft2_morphology_candidates/images/staurosporine/candidate_020_display.png,0.12859344482421875,0.03319508209824562,0.9168748259544373,0.05413375049829483,0.050462182611227036,0.04586415737867355,0.01956084929406643,0.1451534628868103,0.13986453413963318,0.09640594571828842,0.4891248941421509,0.4880390167236328,0.07626068964600563,0.953508585691452,0.18931487947702408,0.19949984550476074,0.1759665608406067,0.093447957187891,0.2149520292878151,0.2031126394867897,0.16884111613035202,0.500653475522995
staurosporine,21,-0.6719917500043063,CPFLOW/comparison_outputs/full44_imageft2_morphology_candidates/images/staurosporine/candidate_021_raw.png,CPFLOW/comparison_outputs/full44_imageft2_morphology_candidates/images/staurosporine/candidate_021_display.png,0.3871002197265625,0.06294790655374527,0.9365065097808838,0.1523667573928833,0.11564024537801743,0.1526183784008026,0.06364830583333969,0.17338189482688904,0.19014251232147217,0.1295604109764099,0.51698237657547,0.4880390167236328,0.07626068964600563,0.953508585691452,0.18931487947702408,0.19949984550476074,0.1759665608406067,0.093447957187891,0.2149520292878151,0.2031126394867897,0.16884111613035202,0.500653475522995
staurosporine,22,-2.5616555538996186,CPFLOW/comparison_outputs/full44_imageft2_morphology_candidates/images/staurosporine/candidate_022_raw.png,CPFLOW/comparison_outputs/full44_imageft2_morphology_candidates/images/staurosporine/candidate_022_display.png,0.07147598266601562,0.029765553772449493,0.7814954519271851,0.05043046176433563,0.042939551174640656,0.05158534646034241,0.06156516447663307,0.09609761089086533,0.10145806521177292,0.07870753854513168,0.49262529611587524,0.4880390167236328,0.07626068964600563,0.953508585691452,0.18931487947702408,0.19949984550476074,0.1759665608406067,0.093447957187891,0.2149520292878151,0.2031126394867897,0.16884111613035202,0.500653475522995
staurosporine,23,-3.08143299586807,CPFLOW/comparison_outputs/full44_imageft2_morphology_candidates/images/staurosporine/candidate_023_raw.png,CPFLOW/comparison_outputs/full44_imageft2_morphology_candidates/images/staurosporine/candidate_023_display.png,0.0421905517578125,0.020557217299938202,0.636634349822998,0.04731094092130661,0.016355911269783974,0.012931999750435352,0.04092951491475105,0.08740217238664627,0.08272727578878403,0.06982001662254333,0.48537883162498474,0.4880390167236328,0.07626068964600563,0.953508585691452,0.18931487947702408,0.19949984550476074,0.1759665608406067,0.093447957187891,0.2149520292878151,0.2031126394867897,0.16884111613035202,0.500653475522995
staurosporine,24,-1.7086916530345926,CPFLOW/comparison_outputs/full44_imageft2_morphology_candidates/images/staurosporine/candidate_024_raw.png,CPFLOW/comparison_outputs/full44_imageft2_morphology_candidates/images/staurosporine/candidate_024_display.png,0.20635604858398438,0.04120953381061554,0.9286883473396301,0.07924964278936386,0.06944906711578369,0.08009481430053711,0.03493012860417366,0.15552780032157898,0.16041988134384155,0.1185932382941246,0.5027608871459961,0.4880390167236328,0.07626068964600563,0.953508585691452,0.18931487947702408,0.19949984550476074,0.1759665608406067,0.093447957187891,0.2149520292878151,0.2031126394867897,0.16884111613035202,0.500653475522995
staurosporine,25,-2.4432291634234775,CPFLOW/comparison_outputs/full44_imageft2_morphology_candidates/images/staurosporine/candidate_025_raw.png,CPFLOW/comparison_outputs/full44_imageft2_morphology_candidates/images/staurosporine/candidate_025_display.png,0.8317832946777344,0.045796092599630356,0.37751561403274536,0.1268419772386551,0.05982411280274391,0.07561619579792023,0.1724461019039154,0.07322951406240463,0.06911163032054901,0.06826668232679367,0.4743649959564209,0.4880390167236328,0.07626068964600563,0.953508585691452,0.18931487947702408,0.19949984550476074,0.1759665608406067,0.093447957187891,0.2149520292878151,0.2031126394867897,0.16884111613035202,0.500653475522995
staurosporine,26,-6.562078506178244,CPFLOW/comparison_outputs/full44_imageft2_morphology_candidates/images/staurosporine/candidate_026_raw.png,CPFLOW/comparison_outputs/full44_imageft2_morphology_candidates/images/staurosporine/candidate_026_display.png,0.0214691162109375,0.013558375649154186,0.46313637495040894,0.02170921489596367,0.009710520505905151,0.0077713849022984505,0.021658925339579582,0.07754524797201157,0.07155259698629379,0.07112915068864822,0.4931159019470215,0.4880390167236328,0.07626068964600563,0.953508585691452,0.18931487947702408,0.19949984550476074,0.1759665608406067,0.093447957187891,0.2149520292878151,0.2031126394867897,0.16884111613035202,0.500653475522995
staurosporine,27,-1.8696803616795397,CPFLOW/comparison_outputs/full44_imageft2_morphology_candidates/images/staurosporine/candidate_027_raw.png,CPFLOW/comparison_outputs/full44_imageft2_morphology_candidates/images/staurosporine/candidate_027_display.png,0.17535781860351562,0.040642689913511276,0.9275731444358826,0.07176493108272552,0.06211552023887634,0.0677369087934494,0.02745635062456131,0.1456778198480606,0.15025830268859863,0.10776124149560928,0.5001617074012756,0.4880390167236328,0.07626068964600563,0.953508585691452,0.18931487947702408,0.19949984550476074,0.1759665608406067,0.093447957187891,0.2149520292878151,0.2031126394867897,0.16884111613035202,0.500653475522995
staurosporine,28,-2.1004145673584818,CPFLOW/comparison_outputs/full44_imageft2_morphology_candidates/images/staurosporine/candidate_028_raw.png,CPFLOW/comparison_outputs/full44_imageft2_morphology_candidates/images/staurosporine/candidate_028_display.png,0.6855812072753906,0.037706226110458374,0.44771963357925415,0.14757519960403442,0.03418152034282684,0.02043035812675953,0.15747778117656708,0.07562676072120667,0.07596560567617416,0.06998323649168015,0.4663618803024292,0.4880390167236328,0.07626068964600563,0.953508585691452,0.18931487947702408,0.19949984550476074,0.1759665608406067,0.093447957187891,0.2149520292878151,0.2031126394867897,0.16884111613035202,0.500653475522995
staurosporine,29,-2.956161531138992,CPFLOW/comparison_outputs/full44_imageft2_morphology_candidates/images/staurosporine/candidate_029_raw.png,CPFLOW/comparison_outputs/full44_imageft2_morphology_candidates/images/staurosporine/candidate_029_display.png,0.9077224731445312,0.14085130393505096,0.7684916257858276,0.40397217869758606,0.004472238011658192,0.0001477717305533588,0.40266793966293335,0.06066964566707611,0.004060843959450722,0.1791141927242279,0.5066292881965637,0.4880390167236328,0.07626068964600563,0.953508585691452,0.18931487947702408,0.19949984550476074,0.1759665608406067,0.093447957187891,0.2149520292878151,0.2031126394867897,0.16884111613035202,0.500653475522995
staurosporine,30,-2.9334572313974836,CPFLOW/comparison_outputs/full44_imageft2_morphology_candidates/images/staurosporine/candidate_030_raw.png,CPFLOW/comparison_outputs/full44_imageft2_morphology_candidates/images/staurosporine/candidate_030_display.png,0.057102203369140625,0.021342936903238297,0.7453266382217407,0.028185544535517693,0.024675769731402397,0.017833972349762917,0.01714327372610569,0.10599120706319809,0.09512382745742798,0.07527757436037064,0.5168133974075317,0.4880390167236328,0.07626068964600563,0.953508585691452,0.18931487947702408,0.19949984550476074,0.1759665608406067,0.093447957187891,0.2149520292878151,0.2031126394867897,0.16884111613035202,0.500653475522995
staurosporine,31,-2.4171213007082524,CPFLOW/comparison_outputs/full44_imageft2_morphology_candidates/images/staurosporine/candidate_031_raw.png,CPFLOW/comparison_outputs/full44_imageft2_morphology_candidates/images/staurosporine/candidate_031_display.png,0.10237884521484375,0.026652637869119644,0.8827643394470215,0.05941915512084961,0.044852983206510544,0.03897616267204285,0.04276588186621666,0.13745230436325073,0.12390132248401642,0.09240313619375229,0.46426889300346375,0.4880390167236328,0.07626068964600563,0.953508585691452,0.18931487947702408,0.19949984550476074,0.1759665608406067,0.093447957187891,0.2149520292878151,0.2031126394867897,0.16884111613035202,0.500653475522995
cyclophosphamide,0,-0.6717488195022777,CPFLOW/comparison_outputs/full44_imageft2_morphology_candidates/images/cyclophosphamide/candidate_000_raw.png,CPFLOW/comparison_outputs/full44_imageft2_morphology_candidates/images/cyclophosphamide/candidate_000_display.png,0.37558746337890625,0.039279624819755554,0.8977149724960327,0.15469937026500702,0.09318382292985916,0.11148715764284134,0.14823557436466217,0.15330305695533752,0.15975677967071533,0.18487970530986786,0.48432084918022156,0.4059104919433594,0.06061703898012638,0.9250825643539429,0.17118202149868011,0.18458817154169083,0.16961147636175156,0.0880662202835083,0.20725296437740326,0.19499555975198746,0.16389893740415573,0.5005312412977219
cyclophosphamide,1,-0.359155010938527,CPFLOW/comparison_outputs/full44_imageft2_morphology_candidates/images/cyclophosphamide/candidate_001_raw.png,CPFLOW/comparison_outputs/full44_imageft2_morphology_candidates/images/cyclophosphamide/candidate_001_display.png,0.3437232971191406,0.06669696420431137,0.9452744126319885,0.16502262651920319,0.148390531539917,0.16807708144187927,0.07373032718896866,0.21541674435138702,0.22692136466503143,0.145063579082489,0.49795210361480713,0.4059104919433594,0.06061703898012638,0.9250825643539429,0.17118202149868011,0.18458817154169083,0.16961147636175156,0.0880662202835083,0.20725296437740326,0.19499555975198746,0.16389893740415573,0.5005312412977219
cyclophosphamide,2,-0.8398787392980828,CPFLOW/comparison_outputs/full44_imageft2_morphology_candidates/images/cyclophosphamide/candidate_002_raw.png,CPFLOW/comparison_outputs/full44_imageft2_morphology_candidates/images/cyclophosphamide/candidate_002_display.png,0.2590904235839844,0.04783470183610916,0.912962019443512,0.11878790706396103,0.08986377716064453,0.1281004548072815,0.07939713448286057,0.15970470011234283,0.19121064245700836,0.13594523072242737,0.48848608136177063,0.4059104919433594,0.06061703898012638,0.9250825643539429,0.17118202149868011,0.18458817154169083,0.16961147636175156,0.0880662202835083,0.20725296437740326,0.19499555975198746,0.16389893740415573,0.5005312412977219
cyclophosphamide,3,-0.7271366950987281,CPFLOW/comparison_outputs/full44_imageft2_morphology_candidates/images/cyclophosphamide/candidate_003_raw.png,CPFLOW/comparison_outputs/full44_imageft2_morphology_candidates/images/cyclophosphamide/candidate_003_display.png,0.26105499267578125,0.05249391868710518,0.8898778557777405,0.12883812189102173,0.1300954669713974,0.15263646841049194,0.10494343191385269,0.1775207370519638,0.20262600481510162,0.12616188824176788,0.5030039548873901,0.4059104919433594,0.06061703898012638,0.9250825643539429,0.17118202149868011,0.18458817154169083,0.16961147636175156,0.0880662202835083,0.20725296437740326,0.19499555975198746,0.16389893740415573,0.5005312412977219
cyclophosphamide,4,-0.309771690815302,CPFLOW/comparison_outputs/full44_imageft2_morphology_candidates/images/cyclophosphamide/candidate_004_raw.png,CPFLOW/comparison_outputs/full44_imageft2_morphology_candidates/images/cyclophosphamide/candidate_004_display.png,0.4403800964355469,0.06239204853773117,0.9344108700752258,0.20747265219688416,0.14340825378894806,0.1932474672794342,0.055924102663993835,0.19699297845363617,0.21885186433792114,0.14216460287570953,0.4933125972747803,0.4059104919433594,0.06061703898012638,0.9250825643539429,0.17118202149868011,0.18458817154169083,0.16961147636175156,0.0880662202835083,0.20725296437740326,0.19499555975198746,0.16389893740415573,0.5005312412977219
cyclophosphamide,5,-0.60803379943354,CPFLOW/comparison_outputs/full44_imageft2_morphology_candidates/images/cyclophosphamide/candidate_005_raw.png,CPFLOW/comparison_outputs/full44_imageft2_morphology_candidates/images/cyclophosphamide/candidate_005_display.png,0.3856163024902344,0.03487136587500572,0.8875929713249207,0.1291581243276596,0.12283449620008469,0.12318690121173859,0.10859719663858414,0.1913277953863144,0.16791656613349915,0.13172292709350586,0.48987290263175964,0.4059104919433594,0.06061703898012638,0.9250825643539429,0.17118202149868011,0.18458817154169083,0.16961147636175156,0.0880662202835083,0.20725296437740326,0.19499555975198746,0.16389893740415573,0.5005312412977219
cyclophosphamide,6,-1.2018003246095954,CPFLOW/comparison_outputs/full44_imageft2_morphology_candidates/images/cyclophosphamide/candidate_006_raw.png,CPFLOW/comparison_outputs/full44_imageft2_morphology_candidates/images/cyclophosphamide/candidate_006_display.png,0.21136856079101562,0.03653524070978165,0.8618403673171997,0.10965549945831299,0.09798088669776917,0.10829704999923706,0.09684102237224579,0.16107800602912903,0.1734093725681305,0.12142276018857956,0.4967864155769348,0.4059104919433594,0.06061703898012638,0.9250825643539429,0.17118202149868011,0.18458817154169083,0.16961147636175156,0.0880662202835083,0.20725296437740326,0.19499555975198746,0.16389893740415573,0.5005312412977219
cyclophosphamide,7,-0.3500494511154018,CPFLOW/comparison_outputs/full44_imageft2_morphology_candidates/images/cyclophosphamide/candidate_007_raw.png,CPFLOW/comparison_outputs/full44_imageft2_morphology_candidates/images/cyclophosphamide/candidate_007_display.png,0.4382133483886719,0.05873436480760574,0.892364501953125,0.19059425592422485,0.22114874422550201,0.2106170654296875,0.13856758177280426,0.23667865991592407,0.22212788462638855,0.16730070114135742,0.4850255846977234,0.4059104919433594,0.06061703898012638,0.9250825643539429,0.17118202149868011,0.18458817154169083,0.16961147636175156,0.0880662202835083,0.20725296437740326,0.19499555975198746,0.16389893740415573,0.5005312412977219
cyclophosphamide,8,-0.7209322613689113,CPFLOW/comparison_outputs/full44_imageft2_morphology_candidates/images/cyclophosphamide/candidate_008_raw.png,CPFLOW/comparison_outputs/full44_imageft2_morphology_candidates/images/cyclophosphamide/candidate_008_display.png,0.26334381103515625,0.04941253364086151,0.9075135588645935,0.13243943452835083,0.14221732318401337,0.14481651782989502,0.1207292377948761,0.20150983333587646,0.20512139797210693,0.14234769344329834,0.5038110613822937,0.4059104919433594,0.06061703898012638,0.9250825643539429,0.17118202149868011,0.18458817154169083,0.16961147636175156,0.0880662202835083,0.20725296437740326,0.19499555975198746,0.16389893740415573,0.5005312412977219
cyclophosphamide,9,-0.1122598120547968,CPFLOW/comparison_outputs/full44_imageft2_morphology_candidates/images/cyclophosphamide/candidate_009_raw.png,CPFLOW/comparison_outputs/full44_imageft2_morphology_candidates/images/cyclophosphamide/candidate_009_display.png,0.4138832092285156,0.058074951171875,0.9352464079856873,0.16007018089294434,0.18079499900341034,0.1824030578136444,0.1027168408036232,0.21022284030914307,0.20860600471496582,0.16504664719104767,0.49683570861816406,0.4059104919433594,0.06061703898012638,0.9250825643539429,0.17118202149868011,0.18458817154169083,0.16961147636175156,0.0880662202835083,0.20725296437740326,0.19499555975198746,0.16389893740415573,0.5005312412977219
cyclophosphamide,10,-1.169444003347017,CPFLOW/comparison_outputs/full44_imageft2_morphology_candidates/images/cyclophosphamide/candidate_010_raw.png,CPFLOW/comparison_outputs/full44_imageft2_morphology_candidates/images/cyclophosphamide/candidate_010_display.png,0.6324310302734375,0.0542341023683548,0.9176117181777954,0.27630919218063354,0.19999203085899353,0.2449779063463211,0.2140948474407196,0.22161081433296204,0.2209373265504837,0.24360498785972595,0.5016854405403137,0.4059104919433594,0.06061703898012638,0.9250825643539429,0.17118202149868011,0.18458817154169083,0.16961147636175156,0.0880662202835083,0.20725296437740326,0.19499555975198746,0.16389893740415573,0.5005312412977219
cyclophosphamide,11,-0.6710179224873897,CPFLOW/comparison_outputs/full44_imageft2_morphology_candidates/images/cyclophosphamide/candidate_011_raw.png,CPFLOW/comparison_outputs/full44_imageft2_morphology_candidates/images/cyclophosphamide/candidate_011_display.png,0.28801727294921875,0.0529593825340271,0.9712350964546204,0.14797280728816986,0.11594828963279724,0.1318846493959427,0.056915607303380966,0.21087095141410828,0.2131892442703247,0.14386139810085297,0.49316859245300293,0.4059104919433594,0.06061703898012638,0.9250825643539429,0.17118202149868011,0.18458817154169083,0.16961147636175156,0.0880662202835083,0.20725296437740326,0.19499555975198746,0.16389893740415573,0.5005312412977219
cyclophosphamide,12,-0.23155126102373666,CPFLOW/comparison_outputs/full44_imageft2_morphology_candidates/images/cyclophosphamide/candidate_012_raw.png,CPFLOW/comparison_outputs/full44_imageft2_morphology_candidates/images/cyclophosphamide/candidate_012_display.png,0.39067840576171875,0.0588955283164978,0.9064640998840332,0.1599864810705185,0.11671685427427292,0.15565481781959534,0.08187838643789291,0.16913042962551117,0.19563791155815125,0.142705038189888,0.5035580992698669,0.4059104919433594,0.06061703898012638,0.9250825643539429,0.17118202149868011,0.18458817154169083,0.16961147636175156,0.0880662202835083,0.20725296437740326,0.19499555975198746,0.16389893740415573,0.5005312412977219
cyclophosphamide,13,-0.23988019080546646,CPFLOW/comparison_outputs/full44_imageft2_morphology_candidates/images/cyclophosphamide/candidate_013_raw.png,CPFLOW/comparison_outputs/full44_imageft2_morphology_candidates/images/cyclophosphamide/candidate_013_display.png,0.4133415222167969,0.056133024394512177,0.8778630495071411,0.1843508929014206,0.16897936165332794,0.18607504665851593,0.1419486701488495,0.19770774245262146,0.22228221595287323,0.1666334718465805,0.5001159310340881,0.4059104919433594,0.06061703898012638,0.9250825643539429,0.17118202149868011,0.18458817154169083,0.16961147636175156,0.0880662202835083,0.20725296437740326,0.19499555975198746,0.16389893740415573,0.5005312412977219
cyclophosphamide,14,-0.799132074366617,CPFLOW/comparison_outputs/full44_imageft2_morphology_candidates/images/cyclophosphamide/candidate_014_raw.png,CPFLOW/comparison_outputs/full44_imageft2_morphology_candidates/images/cyclophosphamide/candidate_014_display.png,0.28816986083984375,0.049486104398965836,0.861751139163971,0.13279610872268677,0.10897481441497803,0.12442541122436523,0.13482676446437836,0.16973933577537537,0.18607574701309204,0.12174088507890701,0.5086176991462708,0.4059104919433594,0.06061703898012638,0.9250825643539429,0.17118202149868011,0.18458817154169083,0.16961147636175156,0.0880662202835083,0.20725296437740326,0.19499555975198746,0.16389893740415573,0.5005312412977219
cyclophosphamide,15,-0.998049931633855,CPFLOW/comparison_outputs/full44_imageft2_morphology_candidates/images/cyclophosphamide/candidate_015_raw.png,CPFLOW/comparison_outputs/full44_imageft2_morphology_candidates/images/cyclophosphamide/candidate_015_display.png,0.21955490112304688,0.048919349908828735,0.9026584029197693,0.10640312731266022,0.10303246229887009,0.10062120854854584,0.09303316473960876,0.1702631711959839,0.16193322837352753,0.12624326348304749,0.49070459604263306,0.4059104919433594,0.06061703898012638,0.9250825643539429,0.17118202149868011,0.18458817154169083,0.16961147636175156,0.0880662202835083,0.20725296437740326,0.19499555975198746,0.16389893740415573,0.5005312412977219
cyclophosphamide,16,-0.4853529996596808,CPFLOW/comparison_outputs/full44_imageft2_morphology_candidates/images/cyclophosphamide/candidate_016_raw.png,CPFLOW/comparison_outputs/full44_imageft2_morphology_candidates/images/cyclophosphamide/candidate_016_display.png,0.3493995666503906,0.05084643140435219,0.8496952652931213,0.1353856474161148,0.1513618677854538,0.1508510708808899,0.12041065841913223,0.18597514927387238,0.18656082451343536,0.13963346183300018,0.49887117743492126,0.4059104919433594,0.06061703898012638,0.9250825643539429,0.17118202149868011,0.18458817154169083,0.16961147636175156,0.0880662202835083,0.20725296437740326,0.19499555975198746,0.16389893740415573,0.5005312412977219
cyclophosphamide,17,-0.28417592601728403,CPFLOW/comparison_outputs/full44_imageft2_morphology_candidates/images/cyclophosphamide/candidate_017_raw.png,CPFLOW/comparison_outputs/full44_imageft2_morphology_candidates/images/cyclophosphamide/candidate_017_display.png,0.36981964111328125,0.05383174866437912,0.9064512252807617,0.16785216331481934,0.16624027490615845,0.18008416891098022,0.11784006655216217,0.20918981730937958,0.2250150889158249,0.1549174040555954,0.47812536358833313,0.4059104919433594,0.06061703898012638,0.9250825643539429,0.17118202149868011,0.18458817154169083,0.16961147636175156,0.0880662202835083,0.20725296437740326,0.19499555975198746,0.16389893740415573,0.5005312412977219
cyclophosphamide,18,-0.24600496492561746,CPFLOW/comparison_outputs/full44_imageft2_morphology_candidates/images/cyclophosphamide/candidate_018_raw.png,CPFLOW/comparison_outputs/full44_imageft2_morphology_candidates/images/cyclophosphamide/candidate_018_display.png,0.4006614685058594,0.05000767111778259,0.9382181167602539,0.1511530876159668,0.1543329507112503,0.16550759971141815,0.13449335098266602,0.2032548189163208,0.20452579855918884,0.16547738015651703,0.4804093837738037,0.4059104919433594,0.06061703898012638,0.9250825643539429,0.17118202149868011,0.18458817154169083,0.16961147636175156,0.0880662202835083,0.20725296437740326,0.19499555975198746,0.16389893740415573,0.5005312412977219
cyclophosphamide,19,-0.14805873998168545,CPFLOW/comparison_outputs/full44_imageft2_morphology_candidates/images/cyclophosphamide/candidate_019_raw.png,CPFLOW/comparison_outputs/full44_imageft2_morphology_candidates/images/cyclophosphamide/candidate_019_display.png,0.3977508544921875,0.06021438539028168,0.9635042548179626,0.16760136187076569,0.1525702327489853,0.15977458655834198,0.07045456022024155,0.19885040819644928,0.2059730887413025,0.1614539623260498,0.49668821692466736,0.4059104919433594,0.06061703898012638,0.9250825643539429,0.17118202149868011,0.18458817154169083,0.16961147636175156,0.0880662202835083,0.20725296437740326,0.19499555975198746,0.16389893740415573,0.5005312412977219
cyclophosphamide,20,-0.2556978641152937,CPFLOW/comparison_outputs/full44_imageft2_morphology_candidates/images/cyclophosphamide/candidate_020_raw.png,CPFLOW/comparison_outputs/full44_imageft2_morphology_candidates/images/cyclophosphamide/candidate_020_display.png,0.38823699951171875,0.053303033113479614,0.9081547260284424,0.1608365774154663,0.14279766380786896,0.14045770466327667,0.08103078603744507,0.2012300342321396,0.176772803068161,0.15531110763549805,0.5018776059150696,0.4059104919433594,0.06061703898012638,0.9250825643539429,0.17118202149868011,0.18458817154169083,0.16961147636175156,0.0880662202835083,0.20725296437740326,0.19499555975198746,0.16389893740415573,0.5005312412977219
cyclophosphamide,21,-0.7338389200450368,CPFLOW/comparison_outputs/full44_imageft2_morphology_candidates/images/cyclophosphamide/candidate_021_raw.png,CPFLOW/comparison_outputs/full44_imageft2_morphology_candidates/images/cyclophosphamide/candidate_021_display.png,0.28079986572265625,0.045461077243089676,0.8861475586891174,0.1212942898273468,0.13593560457229614,0.14307093620300293,0.10698042809963226,0.190252423286438,0.19341936707496643,0.13868699967861176,0.4948849678039551,0.4059104919433594,0.06061703898012638,0.9250825643539429,0.17118202149868011,0.18458817154169083,0.16961147636175156,0.0880662202835083,0.20725296437740326,0.19499555975198746,0.16389893740415573,0.5005312412977219
cyclophosphamide,22,-0.858712785693734,CPFLOW/comparison_outputs/full44_imageft2_morphology_candidates/images/cyclophosphamide/candidate_022_raw.png,CPFLOW/comparison_outputs/full44_imageft2_morphology_candidates/images/cyclophosphamide/candidate_022_display.png,0.24187088012695312,0.05058780685067177,0.8986321687698364,0.1294727772474289,0.10103873908519745,0.10481324791908264,0.08045174926519394,0.19723273813724518,0.18620838224887848,0.13346247375011444,0.4855865240097046,0.4059104919433594,0.06061703898012638,0.9250825643539429,0.17118202149868011,0.18458817154169083,0.16961147636175156,0.0880662202835083,0.20725296437740326,0.19499555975198746,0.16389893740415573,0.5005312412977219
cyclophosphamide,23,-0.4121598913571244,CPFLOW/comparison_outputs/full44_imageft2_morphology_candidates/images/cyclophosphamide/candidate_023_raw.png,CPFLOW/comparison_outputs/full44_imageft2_morphology_candidates/images/cyclophosphamide/candidate_023_display.png,0.3574981689453125,0.04829747602343559,0.8699120283126831,0.15952961146831512,0.17441345751285553,0.17198924720287323,0.13743360340595245,0.20206208527088165,0.2104465514421463,0.148034930229187,0.49923327565193176,0.4059104919433594,0.06061703898012638,0.9250825643539429,0.17118202149868011,0.18458817154169083,0.16961147636175156,0.0880662202835083,0.20725296437740326,0.19499555975198746,0.16389893740415573,0.5005312412977219
cyclophosphamide,24,-1.1784050057337114,CPFLOW/comparison_outputs/full44_imageft2_morphology_candidates/images/cyclophosphamide/candidate_024_raw.png,CPFLOW/comparison_outputs/full44_imageft2_morphology_candidates/images/cyclophosphamide/candidate_024_display.png,0.19902420043945312,0.039776869118213654,0.8756397366523743,0.12493789941072464,0.09673532098531723,0.1220851019024849,0.12407337129116058,0.16311275959014893,0.18806451559066772,0.12228526920080185,0.4958949387073517,0.4059104919433594,0.06061703898012638,0.9250825643539429,0.17118202149868011,0.18458817154169083,0.16961147636175156,0.0880662202835083,0.20725296437740326,0.19499555975198746,0.16389893740415573,0.5005312412977219
cyclophosphamide,25,-0.6593688813481208,CPFLOW/comparison_outputs/full44_imageft2_morphology_candidates/images/cyclophosphamide/candidate_025_raw.png,CPFLOW/comparison_outputs/full44_imageft2_morphology_candidates/images/cyclophosphamide/candidate_025_display.png,0.2831916809082031,0.050108470022678375,0.8871859908103943,0.15027810633182526,0.14730462431907654,0.15363386273384094,0.1285068243741989,0.1952853500843048,0.21009661257266998,0.13878373801708221,0.49579039216041565,0.4059104919433594,0.06061703898012638,0.9250825643539429,0.17118202149868011,0.18458817154169083,0.16961147636175156,0.0880662202835083,0.20725296437740326,0.19499555975198746,0.16389893740415573,0.5005312412977219
cyclophosphamide,26,-0.8721934355219843,CPFLOW/comparison_outputs/full44_imageft2_morphology_candidates/images/cyclophosphamide/candidate_026_raw.png,CPFLOW/comparison_outputs/full44_imageft2_morphology_candidates/images/cyclophosphamide/candidate_026_display.png,0.24217605590820312,0.05129724740982056,0.9463782906532288,0.12128554284572601,0.09430796653032303,0.11393104493618011,0.06458774209022522,0.19259250164031982,0.1867499202489853,0.1336168795824051,0.5063133835792542,0.4059104919433594,0.06061703898012638,0.9250825643539429,0.17118202149868011,0.18458817154169083,0.16961147636175156,0.0880662202835083,0.20725296437740326,0.19499555975198746,0.16389893740415573,0.5005312412977219
cyclophosphamide,27,-0.6820959774829776,CPFLOW/comparison_outputs/full44_imageft2_morphology_candidates/images/cyclophosphamide/candidate_027_raw.png,CPFLOW/comparison_outputs/full44_imageft2_morphology_candidates/images/cyclophosphamide/candidate_027_display.png,0.31243896484375,0.042371172457933426,0.885371744632721,0.11961277574300766,0.150127112865448,0.13061034679412842,0.1054919883608818,0.1969282478094101,0.16624274849891663,0.1450769603252411,0.5097220540046692,0.4059104919433594,0.06061703898012638,0.9250825643539429,0.17118202149868011,0.18458817154169083,0.16961147636175156,0.0880662202835083,0.20725296437740326,0.19499555975198746,0.16389893740415573,0.5005312412977219
cyclophosphamide,28,-0.66470517565461,CPFLOW/comparison_outputs/full44_imageft2_morphology_candidates/images/cyclophosphamide/candidate_028_raw.png,CPFLOW/comparison_outputs/full44_imageft2_morphology_candidates/images/cyclophosphamide/candidate_028_display.png,0.2845420837402344,0.053109072148799896,0.936718761920929,0.13641992211341858,0.12194084376096725,0.10157515853643417,0.07560968399047852,0.20708967745304108,0.1746075600385666,0.1478920578956604,0.4974033236503601,0.4059104919433594,0.06061703898012638,0.9250825643539429,0.17118202149868011,0.18458817154169083,0.16961147636175156,0.0880662202835083,0.20725296437740326,0.19499555975198746,0.16389893740415573,0.5005312412977219
cyclophosphamide,29,-0.59469232401528,CPFLOW/comparison_outputs/full44_imageft2_morphology_candidates/images/cyclophosphamide/candidate_029_raw.png,CPFLOW/comparison_outputs/full44_imageft2_morphology_candidates/images/cyclophosphamide/candidate_029_display.png,0.5170364379882812,0.05051792785525322,0.92926424741745,0.1779627501964569,0.17292465269565582,0.15742506086826324,0.17207011580467224,0.20413507521152496,0.18500645458698273,0.1964888572692871,0.48312997817993164,0.4059104919433594,0.06061703898012638,0.9250825643539429,0.17118202149868011,0.18458817154169083,0.16961147636175156,0.0880662202835083,0.20725296437740326,0.19499555975198746,0.16389893740415573,0.5005312412977219
cyclophosphamide,30,-1.0397856463463075,CPFLOW/comparison_outputs/full44_imageft2_morphology_candidates/images/cyclophosphamide/candidate_030_raw.png,CPFLOW/comparison_outputs/full44_imageft2_morphology_candidates/images/cyclophosphamide/candidate_030_display.png,0.23200225830078125,0.03930393606424332,0.8849809765815735,0.104195736348629,0.11076541990041733,0.12272760272026062,0.0967174842953682,0.16965867578983307,0.1771925687789917,0.1328287124633789,0.49087077379226685,0.4059104919433594,0.06061703898012638,0.9250825643539429,0.17118202149868011,0.18458817154169083,0.16961147636175156,0.0880662202835083,0.20725296437740326,0.19499555975198746,0.16389893740415573,0.5005312412977219
cyclophosphamide,31,-0.5965792494112503,CPFLOW/comparison_outputs/full44_imageft2_morphology_candidates/images/cyclophosphamide/candidate_031_raw.png,CPFLOW/comparison_outputs/full44_imageft2_morphology_candidates/images/cyclophosphamide/candidate_031_display.png,0.3467826843261719,0.04903251677751541,0.8796131014823914,0.13496479392051697,0.0978829488158226,0.1285877376794815,0.05460787191987038,0.16060569882392883,0.1853320300579071,0.14254218339920044,0.5064428448677063,0.4059104919433594,0.06061703898012638,0.9250825643539429,0.17118202149868011,0.18458817154169083,0.16961147636175156,0.0880662202835083,0.20725296437740326,0.19499555975198746,0.16389893740415573,0.5005312412977219
mg-132,0,-1.8969888512230524,CPFLOW/comparison_outputs/full44_imageft2_morphology_candidates/images/mg-132/candidate_000_raw.png,CPFLOW/comparison_outputs/full44_imageft2_morphology_candidates/images/mg-132/candidate_000_display.png,0.046009063720703125,0.02796138823032379,0.8104076981544495,0.06722909957170486,0.04421982541680336,0.015951571986079216,0.06574968248605728,0.10968972742557526,0.09714587777853012,0.08744023740291595,0.48842981457710266,0.34881019592285156,0.05380427837371826,0.9249556064605713,0.14784399420022964,0.16378848254680634,0.14583346247673035,0.09118205681443214,0.19891755282878876,0.18110500276088715,0.16471357643604279,0.5015916526317596
mg-132,1,-1.8766942658811907,CPFLOW/comparison_outputs/full44_imageft2_morphology_candidates/images/mg-132/candidate_001_raw.png,CPFLOW/comparison_outputs/full44_imageft2_morphology_candidates/images/mg-132/candidate_001_display.png,0.054958343505859375,0.023995347321033478,0.8431642055511475,0.05120859295129776,0.056575920432806015,0.04792635515332222,0.0720001682639122,0.10571756958961487,0.09786979854106903,0.08474935591220856,0.47414925694465637,0.34881019592285156,0.05380427837371826,0.9249556064605713,0.14784399420022964,0.16378848254680634,0.14583346247673035,0.09118205681443214,0.19891755282878876,0.18110500276088715,0.16471357643604279,0.5015916526317596
mg-132,2,-1.294795116822888,CPFLOW/comparison_outputs/full44_imageft2_morphology_candidates/images/mg-132/candidate_002_raw.png,CPFLOW/comparison_outputs/full44_imageft2_morphology_candidates/images/mg-132/candidate_002_display.png,0.14811325073242188,0.03047131560742855,0.8537532687187195,0.10378654301166534,0.05403747037053108,0.07829009741544724,0.09054891765117645,0.14033423364162445,0.14974379539489746,0.10795734822750092,0.496992290019989,0.34881019592285156,0.05380427837371826,0.9249556064605713,0.14784399420022964,0.16378848254680634,0.14583346247673035,0.09118205681443214,0.19891755282878876,0.18110500276088715,0.16471357643604279,0.5015916526317596
mg-132,3,-6.66350128175356,CPFLOW/comparison_outputs/full44_imageft2_morphology_candidates/images/mg-132/candidate_003_raw.png,CPFLOW/comparison_outputs/full44_imageft2_morphology_candidates/images/mg-132/candidate_003_display.png,0.9517440795898438,0.1798434555530548,0.600138247013092,0.3878817558288574,0.0876656323671341,0.017174554988741875,0.4001103639602661,0.06263432651758194,0.06888939440250397,0.15177547931671143,0.47440654039382935,0.34881019592285156,0.05380427837371826,0.9249556064605713,0.14784399420022964,0.16378848254680634,0.14583346247673035,0.09118205681443214,0.19891755282878876,0.18110500276088715,0.16471357643604279,0.5015916526317596
mg-132,4,-0.40794282519430874,CPFLOW/comparison_outputs/full44_imageft2_morphology_candidates/images/mg-132/candidate_004_raw.png,CPFLOW/comparison_outputs/full44_imageft2_morphology_candidates/images/mg-132/candidate_004_display.png,0.32403564453125,0.04352984577417374,0.8615087270736694,0.13932156562805176,0.12000110745429993,0.11421752721071243,0.11445653438568115,0.16904175281524658,0.16554595530033112,0.13633699715137482,0.4745492935180664,0.34881019592285156,0.05380427837371826,0.9249556064605713,0.14784399420022964,0.16378848254680634,0.14583346247673035,0.09118205681443214,0.19891755282878876,0.18110500276088715,0.16471357643604279,0.5015916526317596
mg-132,5,-1.9239049859464805,CPFLOW/comparison_outputs/full44_imageft2_morphology_candidates/images/mg-132/candidate_005_raw.png,CPFLOW/comparison_outputs/full44_imageft2_morphology_candidates/images/mg-132/candidate_005_display.png,0.043933868408203125,0.02348913997411728,0.8707380294799805,0.08152288943529129,0.027618486434221268,0.019441675394773483,0.07506224513053894,0.11877105385065079,0.11155535280704498,0.08010908216238022,0.4800783395767212,0.34881019592285156,0.05380427837371826,0.9249556064605713,0.14784399420022964,0.16378848254680634,0.14583346247673035,0.09118205681443214,0.19891755282878876,0.18110500276088715,0.16471357643604279,0.5015916526317596
mg-132,6,-1.6147323006793886,CPFLOW/comparison_outputs/full44_imageft2_morphology_candidates/images/mg-132/candidate_006_raw.png,CPFLOW/comparison_outputs/full44_imageft2_morphology_candidates/images/mg-132/candidate_006_display.png,0.07763290405273438,0.028625307604670525,0.8687609434127808,0.08250900357961655,0.05133188143372536,0.04911039024591446,0.08749982714653015,0.13685083389282227,0.1264859288930893,0.09139617532491684,0.5080785155296326,0.34881019592285156,0.05380427837371826,0.9249556064605713,0.14784399420022964,0.16378848254680634,0.14583346247673035,0.09118205681443214,0.19891755282878876,0.18110500276088715,0.16471357643604279,0.5015916526317596
mg-132,7,-1.4321443632980415,CPFLOW/comparison_outputs/full44_imageft2_morphology_candidates/images/mg-132/candidate_007_raw.png,CPFLOW/comparison_outputs/full44_imageft2_morphology_candidates/images/mg-132/candidate_007_display.png,0.12443161010742188,0.030021952465176582,0.8394951820373535,0.0856391116976738,0.07234370708465576,0.04839631915092468,0.08301671594381332,0.14069797098636627,0.1385449916124344,0.10449560731649399,0.5079463124275208,0.34881019592285156,0.05380427837371826,0.9249556064605713,0.14784399420022964,0.16378848254680634,0.14583346247673035,0.09118205681443214,0.19891755282878876,0.18110500276088715,0.16471357643604279,0.5015916526317596
mg-132,8,-1.7922176894108852,CPFLOW/comparison_outputs/full44_imageft2_morphology_candidates/images/mg-132/candidate_008_raw.png,CPFLOW/comparison_outputs/full44_imageft2_morphology_candidates/images/mg-132/candidate_008_display.png,0.09620285034179688,0.02355317771434784,0.826475977897644,0.06212184950709343,0.03734126314520836,0.03360149636864662,0.0496988371014595,0.1278727650642395,0.12486256659030914,0.09516660869121552,0.5042740106582642,0.34881019592285156,0.05380427837371826,0.9249556064605713,0.14784399420022964,0.16378848254680634,0.14583346247673035,0.09118205681443214,0.19891755282878876,0.18110500276088715,0.16471357643604279,0.5015916526317596
mg-132,9,-7.153458072674815,CPFLOW/comparison_outputs/full44_imageft2_morphology_candidates/images/mg-132/candidate_009_raw.png,CPFLOW/comparison_outputs/full44_imageft2_morphology_candidates/images/mg-132/candidate_009_display.png,0.9821739196777344,0.24451234936714172,0.7232822775840759,0.5344831347465515,0.33093804121017456,0.0,0.49673911929130554,0.23067663609981537,0.0,0.1854519248008728,0.48893818259239197,0.34881019592285156,0.05380427837371826,0.9249556064605713,0.14784399420022964,0.16378848254680634,0.14583346247673035,0.09118205681443214,0.19891755282878876,0.18110500276088715,0.16471357643604279,0.5015916526317596
mg-132,10,-1.5422595977460554,CPFLOW/comparison_outputs/full44_imageft2_morphology_candidates/images/mg-132/candidate_010_raw.png,CPFLOW/comparison_outputs/full44_imageft2_morphology_candidates/images/mg-132/candidate_010_display.png,0.0879669189453125,0.03015189617872238,0.8947110176086426,0.08900375664234161,0.04074925556778908,0.04333553835749626,0.08794717490673065,0.12719522416591644,0.1374669075012207,0.10239744931459427,0.4792368412017822,0.34881019592285156,0.05380427837371826,0.9249556064605713,0.14784399420022964,0.16378848254680634,0.14583346247673035,0.09118205681443214,0.19891755282878876,0.18110500276088715,0.16471357643604279,0.5015916526317596
mg-132,11,-1.4673202840452273,CPFLOW/comparison_outputs/full44_imageft2_morphology_candidates/images/mg-132/candidate_011_raw.png,CPFLOW/comparison_outputs/full44_imageft2_morphology_candidates/images/mg-132/candidate_011_display.png,0.11635971069335938,0.030740391463041306,0.8240674734115601,0.09075631201267242,0.056025613099336624,0.05229569226503372,0.0822645053267479,0.14914223551750183,0.13365048170089722,0.10275870561599731,0.4669446051120758,0.34881019592285156,0.05380427837371826,0.9249556064605713,0.14784399420022964,0.16378848254680634,0.14583346247673035,0.09118205681443214,0.19891755282878876,0.18110500276088715,0.16471357643604279,0.5015916526317596
mg-132,12,-4.990522367289449,CPFLOW/comparison_outputs/full44_imageft2_morphology_candidates/images/mg-132/candidate_012_raw.png,CPFLOW/comparison_outputs/full44_imageft2_morphology_candidates/images/mg-132/candidate_012_display.png,0.01966094970703125,0.03481774404644966,0.6670240163803101,0.04688835144042969,0.04972120001912117,0.04008912667632103,0.07244924455881119,0.0892462432384491,0.08435717970132828,0.06814797967672348,0.4915727972984314,0.34881019592285156,0.05380427837371826,0.9249556064605713,0.14784399420022964,0.16378848254680634,0.14583346247673035,0.09118205681443214,0.19891755282878876,0.18110500276088715,0.16471357643604279,0.5015916526317596
mg-132,13,-1.2221690096399414,CPFLOW/comparison_outputs/full44_imageft2_morphology_candidates/images/mg-132/candidate_013_raw.png,CPFLOW/comparison_outputs/full44_imageft2_morphology_candidates/images/mg-132/candidate_013_display.png,0.10514450073242188,0.0408916175365448,0.9046740531921387,0.07867785543203354,0.08471672981977463,0.06773090362548828,0.09271750599145889,0.16514883935451508,0.13963259756565094,0.1086135283112526,0.47786858677864075,0.34881019592285156,0.05380427837371826,0.9249556064605713,0.14784399420022964,0.16378848254680634,0.14583346247673035,0.09118205681443214,0.19891755282878876,0.18110500276088715,0.16471357643604279,0.5015916526317596
mg-132,14,-1.3033877321636165,CPFLOW/comparison_outputs/full44_imageft2_morphology_candidates/images/mg-132/candidate_014_raw.png,CPFLOW/comparison_outputs/full44_imageft2_morphology_candidates/images/mg-132/candidate_014_display.png,0.13605499267578125,0.03095722198486328,0.859929621219635,0.08437236398458481,0.07466824352741241,0.06707528978586197,0.08915416151285172,0.16152869164943695,0.15442189574241638,0.11156578361988068,0.48063233494758606,0.34881019592285156,0.05380427837371826,0.9249556064605713,0.14784399420022964,0.16378848254680634,0.14583346247673035,0.09118205681443214,0.19891755282878876,0.18110500276088715,0.16471357643604279,0.5015916526317596
mg-132,15,-0.3530907839241402,CPFLOW/comparison_outputs/full44_imageft2_morphology_candidates/images/mg-132/candidate_015_raw.png,CPFLOW/comparison_outputs/full44_imageft2_morphology_candidates/images/mg-132/candidate_015_display.png,0.4418792724609375,0.055029988288879395,0.9185885787010193,0.15341803431510925,0.16665494441986084,0.1550215482711792,0.09377406537532806,0.19247114658355713,0.19295108318328857,0.13228966295719147,0.5052125453948975,0.34881019592285156,0.05380427837371826,0.9249556064605713,0.14784399420022964,0.16378848254680634,0.14583346247673035,0.09118205681443214,0.19891755282878876,0.18110500276088715,0.16471357643604279,0.5015916526317596
mg-132,16,-1.944784144343168,CPFLOW/comparison_outputs/full44_imageft2_morphology_candidates/images/mg-132/candidate_016_raw.png,CPFLOW/comparison_outputs/full44_imageft2_morphology_candidates/images/mg-132/candidate_016_display.png,0.058383941650390625,0.02316497266292572,0.8103373646736145,0.06487442553043365,0.040684863924980164,0.02561546303331852,0.06295888125896454,0.1106979176402092,0.10698084533214569,0.08674842119216919,0.4729636013507843,0.34881019592285156,0.05380427837371826,0.9249556064605713,0.14784399420022964,0.16378848254680634,0.14583346247673035,0.09118205681443214,0.19891755282878876,0.18110500276088715,0.16471357643604279,0.5015916526317596
mg-132,17,-2.064187963666745,CPFLOW/comparison_outputs/full44_imageft2_morphology_candidates/images/mg-132/candidate_017_raw.png,CPFLOW/comparison_outputs/full44_imageft2_morphology_candidates/images/mg-132/candidate_017_display.png,0.038867950439453125,0.022205045446753502,0.8656646013259888,0.04402482882142067,0.024328729137778282,0.01663755625486374,0.036975372582674026,0.1146375760436058,0.10177858918905258,0.07987388223409653,0.45947399735450745,0.34881019592285156,0.05380427837371826,0.9249556064605713,0.14784399420022964,0.16378848254680634,0.14583346247673035,0.09118205681443214,0.19891755282878876,0.18110500276088715,0.16471357643604279,0.5015916526317596
mg-132,18,-1.4501788145529568,CPFLOW/comparison_outputs/full44_imageft2_morphology_candidates/images/mg-132/candidate_018_raw.png,CPFLOW/comparison_outputs/full44_imageft2_morphology_candidates/images/mg-132/candidate_018_display.png,0.13704299926757812,0.03033388778567314,0.8617969751358032,0.07169147580862045,0.04685111343860626,0.044546373188495636,0.0607401505112648,0.13356809318065643,0.13420332968235016,0.10771381109952927,0.5029711127281189,0.34881019592285156,0.05380427837371826,0.9249556064605713,0.14784399420022964,0.16378848254680634,0.14583346247673035,0.09118205681443214,0.19891755282878876,0.18110500276088715,0.16471357643604279,0.5015916526317596
mg-132,19,-1.510432161434842,CPFLOW/comparison_outputs/full44_imageft2_morphology_candidates/images/mg-132/candidate_019_raw.png,CPFLOW/comparison_outputs/full44_imageft2_morphology_candidates/images/mg-132/candidate_019_display.png,0.11297988891601562,0.029559927061200142,0.8705989718437195,0.07565097510814667,0.050861336290836334,0.04541506618261337,0.06618651747703552,0.13882873952388763,0.13673503696918488,0.10314914584159851,0.5289493203163147,0.34881019592285156,0.05380427837371826,0.9249556064605713,0.14784399420022964,0.16378848254680634,0.14583346247673035,0.09118205681443214,0.19891755282878876,0.18110500276088715,0.16471357643604279,0.5015916526317596
mg-132,20,-1.5096525182585765,CPFLOW/comparison_outputs/full44_imageft2_morphology_candidates/images/mg-132/candidate_020_raw.png,CPFLOW/comparison_outputs/full44_imageft2_morphology_candidates/images/mg-132/candidate_020_display.png,0.07274246215820312,0.035632453858852386,0.8721144795417786,0.06200830638408661,0.06623689085245132,0.059593334794044495,0.08309127390384674,0.13233202695846558,0.1253294050693512,0.09537255764007568,0.48360493779182434,0.34881019592285156,0.05380427837371826,0.9249556064605713,0.14784399420022964,0.16378848254680634,0.14583346247673035,0.09118205681443214,0.19891755282878876,0.18110500276088715,0.16471357643604279,0.5015916526317596
mg-132,21,-4.9735595385851665,CPFLOW/comparison_outputs/full44_imageft2_morphology_candidates/images/mg-132/candidate_021_raw.png,CPFLOW/comparison_outputs/full44_imageft2_morphology_candidates/images/mg-132/candidate_021_display.png,0.025524139404296875,0.03315388411283493,0.7142335176467896,0.05604271963238716,0.04626457765698433,0.026028024032711983,0.06774076819419861,0.08789072185754776,0.08885350078344345,0.07277466356754303,0.48211735486984253,0.34881019592285156,0.05380427837371826,0.9249556064605713,0.14784399420022964,0.16378848254680634,0.14583346247673035,0.09118205681443214,0.19891755282878876,0.18110500276088715,0.16471357643604279,0.5015916526317596
mg-132,22,-6.941317667871251,CPFLOW/comparison_outputs/full44_imageft2_morphology_candidates/images/mg-132/candidate_022_raw.png,CPFLOW/comparison_outputs/full44_imageft2_morphology_candidates/images/mg-132/candidate_022_display.png,0.9718971252441406,0.2283102124929428,0.7488596439361572,0.5041672587394714,0.1039985790848732,0.004147934727370739,0.5016531944274902,0.06932662427425385,0.060094092041254044,0.1842813938856125,0.46346503496170044,0.34881019592285156,0.05380427837371826,0.9249556064605713,0.14784399420022964,0.16378848254680634,0.14583346247673035,0.09118205681443214,0.19891755282878876,0.18110500276088715,0.16471357643604279,0.5015916526317596
mg-132,23,-1.611561563556891,CPFLOW/comparison_outputs/full44_imageft2_morphology_candidates/images/mg-132/candidate_023_raw.png,CPFLOW/comparison_outputs/full44_imageft2_morphology_candidates/images/mg-132/candidate_023_display.png,0.06855010986328125,0.0317494198679924,0.8513602614402771,0.08099357783794403,0.0591169111430645,0.04947737604379654,0.09069929271936417,0.12093518674373627,0.11814560741186142,0.08727872371673584,0.47501230239868164,0.34881019592285156,0.05380427837371826,0.9249556064605713,0.14784399420022964,0.16378848254680634,0.14583346247673035,0.09118205681443214,0.19891755282878876,0.18110500276088715,0.16471357643604279,0.5015916526317596
mg-132,24,-2.052667799376614,CPFLOW/comparison_outputs/full44_imageft2_morphology_candidates/images/mg-132/candidate_024_raw.png,CPFLOW/comparison_outputs/full44_imageft2_morphology_candidates/images/mg-132/candidate_024_display.png,0.0319671630859375,0.028710655868053436,0.6983411312103271,0.05976371094584465,0.04568658396601677,0.016017649322748184,0.06005316600203514,0.090013287961483,0.09107169508934021,0.07582921534776688,0.49449893832206726,0.34881019592285156,0.05380427837371826,0.9249556064605713,0.14784399420022964,0.16378848254680634,0.14583346247673035,0.09118205681443214,0.19891755282878876,0.18110500276088715,0.16471357643604279,0.5015916526317596
mg-132,25,-1.576257150298341,CPFLOW/comparison_outputs/full44_imageft2_morphology_candidates/images/mg-132/candidate_025_raw.png,CPFLOW/comparison_outputs/full44_imageft2_morphology_candidates/images/mg-132/candidate_025_display.png,0.0817718505859375,0.030648183077573776,0.8749420642852783,0.09070661664009094,0.050391484051942825,0.03018384799361229,0.08366523683071136,0.14129865169525146,0.12419252842664719,0.10189329087734222,0.49351468682289124,0.34881019592285156,0.05380427837371826,0.9249556064605713,0.14784399420022964,0.16378848254680634,0.14583346247673035,0.09118205681443214,0.19891755282878876,0.18110500276088715,0.16471357643604279,0.5015916526317596
mg-132,26,-1.631459943909321,CPFLOW/comparison_outputs/full44_imageft2_morphology_candidates/images/mg-132/candidate_026_raw.png,CPFLOW/comparison_outputs/full44_imageft2_morphology_candidates/images/mg-132/candidate_026_display.png,0.0980072021484375,0.02649131417274475,0.8640989661216736,0.07937057316303253,0.036576539278030396,0.043771304190158844,0.06949274986982346,0.12821854650974274,0.14252468943595886,0.1023450493812561,0.5054638981819153,0.34881019592285156,0.05380427837371826,0.9249556064605713,0.14784399420022964,0.16378848254680634,0.14583346247673035,0.09118205681443214,0.19891755282878876,0.18110500276088715,0.16471357643604279,0.5015916526317596
mg-132,27,-1.5380934661000498,CPFLOW/comparison_outputs/full44_imageft2_morphology_candidates/images/mg-132/candidate_027_raw.png,CPFLOW/comparison_outputs/full44_imageft2_morphology_candidates/images/mg-132/candidate_027_display.png,0.10174942016601562,0.02772393263876438,0.8544061779975891,0.10318773239850998,0.05825899913907051,0.05148858577013016,0.10405688732862473,0.14475031197071075,0.13615581393241882,0.09538745135068893,0.5010088086128235,0.34881019592285156,0.05380427837371826,0.9249556064605713,0.14784399420022964,0.16378848254680634,0.14583346247673035,0.09118205681443214,0.19891755282878876,0.18110500276088715,0.16471357643604279,0.5015916526317596
mg-132,28,-1.3509276456622843,CPFLOW/comparison_outputs/full44_imageft2_morphology_candidates/images/mg-132/candidate_028_raw.png,CPFLOW/comparison_outputs/full44_imageft2_morphology_candidates/images/mg-132/candidate_028_display.png,0.14205169677734375,0.029308389872312546,0.8528962135314941,0.09448635578155518,0.05395615100860596,0.06965632736682892,0.09005723893642426,0.1383156031370163,0.14997731149196625,0.11071678251028061,0.5002301335334778,0.34881019592285156,0.05380427837371826,0.9249556064605713,0.14784399420022964,0.16378848254680634,0.14583346247673035,0.09118205681443214,0.19891755282878876,0.18110500276088715,0.16471357643604279,0.5015916526317596
mg-132,29,-1.6659599654905022,CPFLOW/comparison_outputs/full44_imageft2_morphology_candidates/images/mg-132/candidate_029_raw.png,CPFLOW/comparison_outputs/full44_imageft2_morphology_candidates/images/mg-132/candidate_029_display.png,0.06842422485351562,0.02998485416173935,0.8129382133483887,0.0736188143491745,0.060065895318984985,0.05436698719859123,0.09038902074098587,0.1280006766319275,0.11593496799468994,0.08895779401063919,0.48447999358177185,0.34881019592285156,0.05380427837371826,0.9249556064605713,0.14784399420022964,0.16378848254680634,0.14583346247673035,0.09118205681443214,0.19891755282878876,0.18110500276088715,0.16471357643604279,0.5015916526317596
mg-132,30,-4.891047622476824,CPFLOW/comparison_outputs/full44_imageft2_morphology_candidates/images/mg-132/candidate_030_raw.png,CPFLOW/comparison_outputs/full44_imageft2_morphology_candidates/images/mg-132/candidate_030_display.png,0.02577972412109375,0.036353662610054016,0.7166152000427246,0.071828693151474,0.058611638844013214,0.021911539137363434,0.08068616688251495,0.08705246448516846,0.0857141837477684,0.07065556198358536,0.47974199056625366,0.34881019592285156,0.05380427837371826,0.9249556064605713,0.14784399420022964,0.16378848254680634,0.14583346247673035,0.09118205681443214,0.19891755282878876,0.18110500276088715,0.16471357643604279,0.5015916526317596
mg-132,31,-2.033119215736602,CPFLOW/comparison_outputs/full44_imageft2_morphology_candidates/images/mg-132/candidate_031_raw.png,CPFLOW/comparison_outputs/full44_imageft2_morphology_candidates/images/mg-132/candidate_031_display.png,0.0492401123046875,0.022456355392932892,0.8119155168533325,0.046948183327913284,0.032688405364751816,0.024447450414299965,0.04435119405388832,0.11668076366186142,0.10492454469203949,0.08430089801549911,0.5001524090766907,0.34881019592285156,0.05380427837371826,0.9249556064605713,0.14784399420022964,0.16378848254680634,0.14583346247673035,0.09118205681443214,0.19891755282878876,0.18110500276088715,0.16471357643604279,0.5015916526317596
sb-203580,0,-0.3816884857142519,CPFLOW/comparison_outputs/full44_imageft2_morphology_candidates/images/sb-203580/candidate_000_raw.png,CPFLOW/comparison_outputs/full44_imageft2_morphology_candidates/images/sb-203580/candidate_000_display.png,0.905853271484375,0.06627269834280014,0.901430606842041,0.3236604332923889,0.3017394244670868,0.35309430956840515,0.14382681250572205,0.1564868837594986,0.1855934113264084,0.20016269385814667,0.513690173625946,0.8622245788574219,0.082648366689682,0.9242916107177734,0.3156090974807739,0.3192625939846039,0.29524633288383484,0.13710252195596695,0.16988296061754227,0.18677466362714767,0.2100759968161583,0.5019830763339996
sb-203580,1,-3.622262833798063,CPFLOW/comparison_outputs/full44_imageft2_morphology_candidates/images/sb-203580/candidate_001_raw.png,CPFLOW/comparison_outputs/full44_imageft2_morphology_candidates/images/sb-203580/candidate_001_display.png,0.9379844665527344,0.058218903839588165,0.8399949073791504,0.2816907465457916,0.2809329330921173,0.2781296670436859,0.14306284487247467,0.14221344888210297,0.1527884155511856,0.19812515377998352,0.5031743049621582,0.8622245788574219,0.082648366689682,0.9242916107177734,0.3156090974807739,0.3192625939846039,0.29524633288383484,0.13710252195596695,0.16988296061754227,0.18677466362714767,0.2100759968161583,0.5019830763339996
sb-203580,2,-0.38548383475773396,CPFLOW/comparison_outputs/full44_imageft2_morphology_candidates/images/sb-203580/candidate_002_raw.png,CPFLOW/comparison_outputs/full44_imageft2_morphology_candidates/images/sb-203580/candidate_002_display.png,0.8279647827148438,0.06190187484025955,0.8963963389396667,0.2881821393966675,0.2839936316013336,0.3032318651676178,0.1261264979839325,0.17084449529647827,0.19729872047901154,0.18035916984081268,0.5045431852340698,0.8622245788574219,0.082648366689682,0.9242916107177734,0.3156090974807739,0.3192625939846039,0.29524633288383484,0.13710252195596695,0.16988296061754227,0.18677466362714767,0.2100759968161583,0.5019830763339996
sb-203580,3,-0.3259534758938529,CPFLOW/comparison_outputs/full44_imageft2_morphology_candidates/images/sb-203580/candidate_003_raw.png,CPFLOW/comparison_outputs/full44_imageft2_morphology_candidates/images/sb-203580/candidate_003_display.png,0.8357582092285156,0.06974545866250992,0.9087485074996948,0.3001408278942108,0.27947667241096497,0.33743682503700256,0.1570214331150055,0.16236506402492523,0.1985507607460022,0.20852220058441162,0.4967397451400757,0.8622245788574219,0.082648366689682,0.9242916107177734,0.3156090974807739,0.3192625939846039,0.29524633288383484,0.13710252195596695,0.16988296061754227,0.18677466362714767,0.2100759968161583,0.5019830763339996
sb-203580,4,-0.22183665953884663,CPFLOW/comparison_outputs/full44_imageft2_morphology_candidates/images/sb-203580/candidate_004_raw.png,CPFLOW/comparison_outputs/full44_imageft2_morphology_candidates/images/sb-203580/candidate_004_display.png,0.8564453125,0.07614254951477051,0.9111955165863037,0.33102014660835266,0.28957706689834595,0.35764405131340027,0.13869540393352509,0.16692322492599487,0.21267350018024445,0.19853195548057556,0.50923091173172,0.8622245788574219,0.082648366689682,0.9242916107177734,0.3156090974807739,0.3192625939846039,0.29524633288383484,0.13710252195596695,0.16988296061754227,0.18677466362714767,0.2100759968161583,0.5019830763339996
sb-203580,5,-3.6389339812361747,CPFLOW/comparison_outputs/full44_imageft2_morphology_candidates/images/sb-203580/candidate_005_raw.png,CPFLOW/comparison_outputs/full44_imageft2_morphology_candidates/images/sb-203580/candidate_005_display.png,0.9459877014160156,0.07103951275348663,0.8361237049102783,0.3574185073375702,0.33987218141555786,0.39994728565216064,0.1655273586511612,0.1515352576971054,0.1963118612766266,0.2043968290090561,0.4922652542591095,0.8622245788574219,0.082648366689682,0.9242916107177734,0.3156090974807739,0.3192625939846039,0.29524633288383484,0.13710252195596695,0.16988296061754227,0.18677466362714767,0.2100759968161583,0.5019830763339996
sb-203580,6,-0.39919178654148973,CPFLOW/comparison_outputs/full44_imageft2_morphology_candidates/images/sb-203580/candidate_006_raw.png,CPFLOW/comparison_outputs/full44_imageft2_morphology_candidates/images/sb-203580/candidate_006_display.png,0.9061622619628906,0.07591816037893295,0.911077082157135,0.34794002771377563,0.3777700662612915,0.3467528820037842,0.1704329401254654,0.18829624354839325,0.1890595704317093,0.21288269758224487,0.4918825328350067,0.8622245788574219,0.082648366689682,0.9242916107177734,0.3156090974807739,0.3192625939846039,0.29524633288383484,0.13710252195596695,0.16988296061754227,0.18677466362714767,0.2100759968161583,0.5019830763339996
sb-203580,7,-0.5392423016027142,CPFLOW/comparison_outputs/full44_imageft2_morphology_candidates/images/sb-203580/candidate_007_raw.png,CPFLOW/comparison_outputs/full44_imageft2_morphology_candidates/images/sb-203580/candidate_007_display.png,0.9052238464355469,0.05758058652281761,0.8876033425331116,0.2791324555873871,0.3054213523864746,0.3566526472568512,0.1876903772354126,0.15245673060417175,0.18510352075099945,0.20060303807258606,0.498505562543869,0.8622245788574219,0.082648366689682,0.9242916107177734,0.3156090974807739,0.3192625939846039,0.29524633288383484,0.13710252195596695,0.16988296061754227,0.18677466362714767,0.2100759968161583,0.5019830763339996
sb-203580,8,-3.464447411114475,CPFLOW/comparison_outputs/full44_imageft2_morphology_candidates/images/sb-203580/candidate_008_raw.png,CPFLOW/comparison_outputs/full44_imageft2_morphology_candidates/images/sb-203580/candidate_008_display.png,0.9271507263183594,0.0782918781042099,0.877829909324646,0.3347007930278778,0.36279916763305664,0.3636534512042999,0.17483516037464142,0.17243991792201996,0.1822284460067749,0.20213201642036438,0.5005060434341431,0.8622245788574219,0.082648366689682,0.9242916107177734,0.3156090974807739,0.3192625939846039,0.29524633288383484,0.13710252195596695,0.16988296061754227,0.18677466362714767,0.2100759968161583,0.5019830763339996
sb-203580,9,-0.44568421146238535,CPFLOW/comparison_outputs/full44_imageft2_morphology_candidates/images/sb-203580/candidate_009_raw.png,CPFLOW/comparison_outputs/full44_imageft2_morphology_candidates/images/sb-203580/candidate_009_display.png,0.915313720703125,0.07172556221485138,0.9097695350646973,0.35050517320632935,0.3337031900882721,0.38795006275177,0.16666436195373535,0.1711648851633072,0.19925044476985931,0.20675529539585114,0.5044670104980469,0.8622245788574219,0.082648366689682,0.9242916107177734,0.3156090974807739,0.3192625939846039,0.29524633288383484,0.13710252195596695,0.16988296061754227,0.18677466362714767,0.2100759968161583,0.5019830763339996
sb-203580,10,-3.434720682615614,CPFLOW/comparison_outputs/full44_imageft2_morphology_candidates/images/sb-203580/candidate_010_raw.png,CPFLOW/comparison_outputs/full44_imageft2_morphology_candidates/images/sb-203580/candidate_010_display.png,0.9246292114257812,0.06942439079284668,0.8872031569480896,0.3115878105163574,0.2801021933555603,0.33446455001831055,0.14173637330532074,0.1477813571691513,0.17891338467597961,0.20029662549495697,0.5072785019874573,0.8622245788574219,0.082648366689682,0.9242916107177734,0.3156090974807739,0.3192625939846039,0.29524633288383484,0.13710252195596695,0.16988296061754227,0.18677466362714767,0.2100759968161583,0.5019830763339996
sb-203580,11,-0.502989041878464,CPFLOW/comparison_outputs/full44_imageft2_morphology_candidates/images/sb-203580/candidate_011_raw.png,CPFLOW/comparison_outputs/full44_imageft2_morphology_candidates/images/sb-203580/candidate_011_display.png,0.9026451110839844,0.07103604823350906,0.8560817241668701,0.27561360597610474,0.2583976089954376,0.2551146149635315,0.10770037025213242,0.14729344844818115,0.153481587767601,0.17599476873874664,0.5019778609275818,0.8622245788574219,0.082648366689682,0.9242916107177734,0.3156090974807739,0.3192625939846039,0.29524633288383484,0.13710252195596695,0.16988296061754227,0.18677466362714767,0.2100759968161583,0.5019830763339996
sb-203580,12,-3.4287498568551107,CPFLOW/comparison_outputs/full44_imageft2_morphology_candidates/images/sb-203580/candidate_012_raw.png,CPFLOW/comparison_outputs/full44_imageft2_morphology_candidates/images/sb-203580/candidate_012_display.png,0.9222831726074219,0.06699317693710327,0.8739316463470459,0.3225248456001282,0.2918385863304138,0.32664066553115845,0.13887976109981537,0.15555064380168915,0.17627954483032227,0.19914540648460388,0.5151637196540833,0.8622245788574219,0.082648366689682,0.9242916107177734,0.3156090974807739,0.3192625939846039,0.29524633288383484,0.13710252195596695,0.16988296061754227,0.18677466362714767,0.2100759968161583,0.5019830763339996
sb-203580,13,-3.45605722929389,CPFLOW/comparison_outputs/full44_imageft2_morphology_candidates/images/sb-203580/candidate_013_raw.png,CPFLOW/comparison_outputs/full44_imageft2_morphology_candidates/images/sb-203580/candidate_013_display.png,0.9255027770996094,0.09364286065101624,0.9053151607513428,0.3871271312236786,0.2921120226383209,0.3473295271396637,0.1262790411710739,0.18837930262088776,0.19935613870620728,0.207842618227005,0.4996378719806671,0.8622245788574219,0.082648366689682,0.9242916107177734,0.3156090974807739,0.3192625939846039,0.29524633288383484,0.13710252195596695,0.16988296061754227,0.18677466362714767,0.2100759968161583,0.5019830763339996
sb-203580,14,-3.750878407199939,CPFLOW/comparison_outputs/full44_imageft2_morphology_candidates/images/sb-203580/candidate_014_raw.png,CPFLOW/comparison_outputs/full44_imageft2_morphology_candidates/images/sb-203580/candidate_014_display.png,0.9752311706542969,0.08445620536804199,0.7303407788276672,0.3371354043483734,0.3409458100795746,0.3755195140838623,0.19987159967422485,0.15810072422027588,0.16914275288581848,0.22493809461593628,0.49747949838638306,0.8622245788574219,0.082648366689682,0.9242916107177734,0.3156090974807739,0.3192625939846039,0.29524633288383484,0.13710252195596695,0.16988296061754227,0.18677466362714767,0.2100759968161583,0.5019830763339996
sb-203580,15,-0.4240292800268506,CPFLOW/comparison_outputs/full44_imageft2_morphology_candidates/images/sb-203580/candidate_015_raw.png,CPFLOW/comparison_outputs/full44_imageft2_morphology_candidates/images/sb-203580/candidate_015_display.png,0.8907814025878906,0.06428945064544678,0.8542947173118591,0.276803195476532,0.29870033264160156,0.31683194637298584,0.17831820249557495,0.15357103943824768,0.17667679488658905,0.19980792701244354,0.4922788739204407,0.8622245788574219,0.082648366689682,0.9242916107177734,0.3156090974807739,0.3192625939846039,0.29524633288383484,0.13710252195596695,0.16988296061754227,0.18677466362714767,0.2100759968161583,0.5019830763339996
sb-203580,16,-3.4797219336227325,CPFLOW/comparison_outputs/full44_imageft2_morphology_candidates/images/sb-203580/candidate_016_raw.png,CPFLOW/comparison_outputs/full44_imageft2_morphology_candidates/images/sb-203580/candidate_016_display.png,0.9410972595214844,0.07457925379276276,0.8537565469741821,0.3263651132583618,0.2753908038139343,0.32845398783683777,0.14067919552326202,0.14738428592681885,0.17040660977363586,0.20621231198310852,0.4946618378162384,0.8622245788574219,0.082648366689682,0.9242916107177734,0.3156090974807739,0.3192625939846039,0.29524633288383484,0.13710252195596695,0.16988296061754227,0.18677466362714767,0.2100759968161583,0.5019830763339996
sb-203580,17,-0.4292134012688873,CPFLOW/comparison_outputs/full44_imageft2_morphology_candidates/images/sb-203580/candidate_017_raw.png,CPFLOW/comparison_outputs/full44_imageft2_morphology_candidates/images/sb-203580/candidate_017_display.png,0.9127616882324219,0.06532765179872513,0.8955740332603455,0.30491551756858826,0.3321356177330017,0.3377299904823303,0.17598462104797363,0.15799178183078766,0.17778778076171875,0.21118469536304474,0.5045249462127686,0.8622245788574219,0.082648366689682,0.9242916107177734,0.3156090974807739,0.3192625939846039,0.29524633288383484,0.13710252195596695,0.16988296061754227,0.18677466362714767,0.2100759968161583,0.5019830763339996
sb-203580,18,-3.3778773926815826,CPFLOW/comparison_outputs/full44_imageft2_morphology_candidates/images/sb-203580/candidate_018_raw.png,CPFLOW/comparison_outputs/full44_imageft2_morphology_candidates/images/sb-203580/candidate_018_display.png,0.9309730529785156,0.07979340851306915,0.8701257109642029,0.3527987599372864,0.30404770374298096,0.32576504349708557,0.12605953216552734,0.15816093981266022,0.18439219892024994,0.20584836602210999,0.5057983994483948,0.8622245788574219,0.082648366689682,0.9242916107177734,0.3156090974807739,0.3192625939846039,0.29524633288383484,0.13710252195596695,0.16988296061754227,0.18677466362714767,0.2100759968161583,0.5019830763339996
sb-203580,19,-3.64164098515721,CPFLOW/comparison_outputs/full44_imageft2_morphology_candidates/images/sb-203580/candidate_019_raw.png,CPFLOW/comparison_outputs/full44_imageft2_morphology_candidates/images/sb-203580/candidate_019_display.png,0.9516754150390625,0.06875245273113251,0.7820193767547607,0.3120352327823639,0.27894046902656555,0.3417063057422638,0.15483124554157257,0.13329830765724182,0.17125751078128815,0.2062474638223648,0.49757620692253113,0.8622245788574219,0.082648366689682,0.9242916107177734,0.3156090974807739,0.3192625939846039,0.29524633288383484,0.13710252195596695,0.16988296061754227,0.18677466362714767,0.2100759968161583,0.5019830763339996
sb-203580,20,-0.29017385223929393,CPFLOW/comparison_outputs/full44_imageft2_morphology_candidates/images/sb-203580/candidate_020_raw.png,CPFLOW/comparison_outputs/full44_imageft2_morphology_candidates/images/sb-203580/candidate_020_display.png,0.8578910827636719,0.06402749568223953,0.922762393951416,0.28402647376060486,0.2999444305896759,0.3340751528739929,0.17491093277931213,0.16890135407447815,0.19354332983493805,0.20655463635921478,0.5040227174758911,0.8622245788574219,0.082648366689682,0.9242916107177734,0.3156090974807739,0.3192625939846039,0.29524633288383484,0.13710252195596695,0.16988296061754227,0.18677466362714767,0.2100759968161583,0.5019830763339996
sb-203580,21,-3.4796230598583433,CPFLOW/comparison_outputs/full44_imageft2_morphology_candidates/images/sb-203580/candidate_021_raw.png,CPFLOW/comparison_outputs/full44_imageft2_morphology_candidates/images/sb-203580/candidate_021_display.png,0.9217605590820312,0.06160794198513031,0.8955334424972534,0.305219441652298,0.3555258512496948,0.30251991748809814,0.1708083599805832,0.16621890664100647,0.1534785032272339,0.20403984189033508,0.49857932329177856,0.8622245788574219,0.082648366689682,0.9242916107177734,0.3156090974807739,0.3192625939846039,0.29524633288383484,0.13710252195596695,0.16988296061754227,0.18677466362714767,0.2100759968161583,0.5019830763339996
sb-203580,22,-3.7694094515550796,CPFLOW/comparison_outputs/full44_imageft2_morphology_candidates/images/sb-203580/candidate_022_raw.png,CPFLOW/comparison_outputs/full44_imageft2_morphology_candidates/images/sb-203580/candidate_022_display.png,0.9982948303222656,0.08372068405151367,0.7336317300796509,0.3606719970703125,0.28747794032096863,0.35830894112586975,0.15962956845760345,0.1462867558002472,0.18062688410282135,0.21652036905288696,0.48769184947013855,0.8622245788574219,0.082648366689682,0.9242916107177734,0.3156090974807739,0.3192625939846039,0.29524633288383484,0.13710252195596695,0.16988296061754227,0.18677466362714767,0.2100759968161583,0.5019830763339996
sb-203580,23,-0.5336933522631816,CPFLOW/comparison_outputs/full44_imageft2_morphology_candidates/images/sb-203580/candidate_023_raw.png,CPFLOW/comparison_outputs/full44_imageft2_morphology_candidates/images/sb-203580/candidate_023_display.png,0.7940254211425781,0.06003202870488167,0.8828020691871643,0.2514708936214447,0.2812644839286804,0.2958797514438629,0.15455475449562073,0.16956257820129395,0.19495059549808502,0.19367416203022003,0.514453649520874,0.8622245788574219,0.082648366689682,0.9242916107177734,0.3156090974807739,0.3192625939846039,0.29524633288383484,0.13710252195596695,0.16988296061754227,0.18677466362714767,0.2100759968161583,0.5019830763339996
sb-203580,24,-0.22808942716555347,CPFLOW/comparison_outputs/full44_imageft2_morphology_candidates/images/sb-203580/candidate_024_raw.png,CPFLOW/comparison_outputs/full44_imageft2_morphology_candidates/images/sb-203580/candidate_024_display.png,0.8921165466308594,0.08436228334903717,0.9032168388366699,0.34835493564605713,0.2891820967197418,0.31174442172050476,0.119599349796772,0.17578430473804474,0.1873679757118225,0.2048530876636505,0.5108033418655396,0.8622245788574219,0.082648366689682,0.9242916107177734,0.3156090974807739,0.3192625939846039,0.29524633288383484,0.13710252195596695,0.16988296061754227,0.18677466362714767,0.2100759968161583,0.5019830763339996
sb-203580,25,-0.5217152197932863,CPFLOW/comparison_outputs/full44_imageft2_morphology_candidates/images/sb-203580/candidate_025_raw.png,CPFLOW/comparison_outputs/full44_imageft2_morphology_candidates/images/sb-203580/candidate_025_display.png,0.7967567443847656,0.06138665974140167,0.8954700231552124,0.2748609483242035,0.3224700093269348,0.3284493088722229,0.16656474769115448,0.18817125260829926,0.2101629674434662,0.1918933391571045,0.4853692948818207,0.8622245788574219,0.082648366689682,0.9242916107177734,0.3156090974807739,0.3192625939846039,0.29524633288383484,0.13710252195596695,0.16988296061754227,0.18677466362714767,0.2100759968161583,0.5019830763339996
sb-203580,26,-0.305229499015894,CPFLOW/comparison_outputs/full44_imageft2_morphology_candidates/images/sb-203580/candidate_026_raw.png,CPFLOW/comparison_outputs/full44_imageft2_morphology_candidates/images/sb-203580/candidate_026_display.png,0.8297195434570312,0.06542061269283295,0.9095048904418945,0.27867719531059265,0.3096843361854553,0.29494157433509827,0.15317125618457794,0.1768382489681244,0.1891552209854126,0.1932511180639267,0.5131370425224304,0.8622245788574219,0.082648366689682,0.9242916107177734,0.3156090974807739,0.3192625939846039,0.29524633288383484,0.13710252195596695,0.16988296061754227,0.18677466362714767,0.2100759968161583,0.5019830763339996
sb-203580,27,-0.1592657744220591,CPFLOW/comparison_outputs/full44_imageft2_morphology_candidates/images/sb-203580/candidate_027_raw.png,CPFLOW/comparison_outputs/full44_imageft2_morphology_candidates/images/sb-203580/candidate_027_display.png,0.84991455078125,0.07657288759946823,0.911867618560791,0.3083660304546356,0.3057959973812103,0.32245099544525146,0.1389191895723343,0.17327718436717987,0.19138513505458832,0.19317428767681122,0.5045809149742126,0.8622245788574219,0.082648366689682,0.9242916107177734,0.3156090974807739,0.3192625939846039,0.29524633288383484,0.13710252195596695,0.16988296061754227,0.18677466362714767,0.2100759968161583,0.5019830763339996
sb-203580,28,-3.682161716946785,CPFLOW/comparison_outputs/full44_imageft2_morphology_candidates/images/sb-203580/candidate_028_raw.png,CPFLOW/comparison_outputs/full44_imageft2_morphology_candidates/images/sb-203580/candidate_028_display.png,0.9508934020996094,0.0762067437171936,0.809333324432373,0.35414987802505493,0.3542395234107971,0.3961479961872101,0.1959446221590042,0.16514725983142853,0.17683668434619904,0.22270597517490387,0.48699134588241577,0.8622245788574219,0.082648366689682,0.9242916107177734,0.3156090974807739,0.3192625939846039,0.29524633288383484,0.13710252195596695,0.16988296061754227,0.18677466362714767,0.2100759968161583,0.5019830763339996
sb-203580,29,-3.7489082760789527,CPFLOW/comparison_outputs/full44_imageft2_morphology_candidates/images/sb-203580/candidate_029_raw.png,CPFLOW/comparison_outputs/full44_imageft2_morphology_candidates/images/sb-203580/candidate_029_display.png,0.953277587890625,0.0628955066204071,0.7347881197929382,0.30779287219047546,0.28977081179618835,0.34704023599624634,0.12815554440021515,0.14085392653942108,0.15737797319889069,0.16414734721183777,0.4929574131965637,0.8622245788574219,0.082648366689682,0.9242916107177734,0.3156090974807739,0.3192625939846039,0.29524633288383484,0.13710252195596695,0.16988296061754227,0.18677466362714767,0.2100759968161583,0.5019830763339996
sb-203580,30,-3.556834871491766,CPFLOW/comparison_outputs/full44_imageft2_morphology_candidates/images/sb-203580/candidate_030_raw.png,CPFLOW/comparison_outputs/full44_imageft2_morphology_candidates/images/sb-203580/candidate_030_display.png,0.9437637329101562,0.07048802077770233,0.8261372447013855,0.34381359815597534,0.29507431387901306,0.35530978441238403,0.1464834213256836,0.15313000977039337,0.18140581250190735,0.20478498935699463,0.4977007508277893,0.8622245788574219,0.082648366689682,0.9242916107177734,0.3156090974807739,0.3192625939846039,0.29524633288383484,0.13710252195596695,0.16988296061754227,0.18677466362714767,0.2100759968161583,0.5019830763339996
sb-203580,31,-3.5320798644628075,CPFLOW/comparison_outputs/full44_imageft2_morphology_candidates/images/sb-203580/candidate_031_raw.png,CPFLOW/comparison_outputs/full44_imageft2_morphology_candidates/images/sb-203580/candidate_031_display.png,0.9267158508300781,0.06553307175636292,0.8363616466522217,0.2908121943473816,0.2942402958869934,0.3273249566555023,0.15255358815193176,0.14609883725643158,0.16430415213108063,0.19156484305858612,0.5051979422569275,0.8622245788574219,0.082648366689682,0.9242916107177734,0.3156090974807739,0.3192625939846039,0.29524633288383484,0.13710252195596695,0.16988296061754227,0.18677466362714767,0.2100759968161583,0.5019830763339996
pd-98059,0,-0.6681412723033824,CPFLOW/comparison_outputs/full44_imageft2_morphology_candidates/images/pd-98059/candidate_000_raw.png,CPFLOW/comparison_outputs/full44_imageft2_morphology_candidates/images/pd-98059/candidate_000_display.png,0.655609130859375,0.06063500791788101,0.9392918348312378,0.22675658762454987,0.24933886528015137,0.2532903552055359,0.12264750897884369,0.196799173951149,0.21282291412353516,0.19859054684638977,0.49955272674560547,0.8003482818603516,0.060113705694675446,0.9159519672393799,0.29128387570381165,0.31224124133586884,0.29618479311466217,0.13037296384572983,0.18619045615196228,0.1942801997065544,0.20243113487958908,0.5000722706317902
pd-98059,1,-0.22316243261635474,CPFLOW/comparison_outputs/full44_imageft2_morphology_candidates/images/pd-98059/candidate_001_raw.png,CPFLOW/comparison_outputs/full44_imageft2_morphology_candidates/images/pd-98059/candidate_001_display.png,0.772674560546875,0.05862339586019516,0.8947244882583618,0.2450895458459854,0.2962409555912018,0.2805298864841461,0.14672744274139404,0.1854623258113861,0.19903495907783508,0.18501131236553192,0.4928627610206604,0.8003482818603516,0.060113705694675446,0.9159519672393799,0.29128387570381165,0.31224124133586884,0.29618479311466217,0.13037296384572983,0.18619045615196228,0.1942801997065544,0.20243113487958908,0.5000722706317902
pd-98059,2,-0.24094735931072278,CPFLOW/comparison_outputs/full44_imageft2_morphology_candidates/images/pd-98059/candidate_002_raw.png,CPFLOW/comparison_outputs/full44_imageft2_morphology_candidates/images/pd-98059/candidate_002_display.png,0.7757453918457031,0.06345643103122711,0.9029569625854492,0.2672020494937897,0.2600925862789154,0.28635722398757935,0.1209314614534378,0.1711733192205429,0.19919463992118835,0.18703924119472504,0.5111706852912903,0.8003482818603516,0.060113705694675446,0.9159519672393799,0.29128387570381165,0.31224124133586884,0.29618479311466217,0.13037296384572983,0.18619045615196228,0.1942801997065544,0.20243113487958908,0.5000722706317902
pd-98059,3,-0.3478755365428753,CPFLOW/comparison_outputs/full44_imageft2_morphology_candidates/images/pd-98059/candidate_003_raw.png,CPFLOW/comparison_outputs/full44_imageft2_morphology_candidates/images/pd-98059/candidate_003_display.png,0.8519134521484375,0.050723254680633545,0.9043245315551758,0.2669634521007538,0.29775071144104004,0.28634023666381836,0.14952205121517181,0.17076385021209717,0.1768932342529297,0.1962365359067917,0.5095173716545105,0.8003482818603516,0.060113705694675446,0.9159519672393799,0.29128387570381165,0.31224124133586884,0.29618479311466217,0.13037296384572983,0.18619045615196228,0.1942801997065544,0.20243113487958908,0.5000722706317902
pd-98059,4,-0.38430739930655466,CPFLOW/comparison_outputs/full44_imageft2_morphology_candidates/images/pd-98059/candidate_004_raw.png,CPFLOW/comparison_outputs/full44_imageft2_morphology_candidates/images/pd-98059/candidate_004_display.png,0.8448524475097656,0.05013135075569153,0.8696210980415344,0.2471194565296173,0.31879889965057373,0.292097806930542,0.16142278909683228,0.17242753505706787,0.1710294783115387,0.185785710811615,0.5061960220336914,0.8003482818603516,0.060113705694675446,0.9159519672393799,0.29128387570381165,0.31224124133586884,0.29618479311466217,0.13037296384572983,0.18619045615196228,0.1942801997065544,0.20243113487958908,0.5000722706317902
pd-98059,5,-0.5465553132947047,CPFLOW/comparison_outputs/full44_imageft2_morphology_candidates/images/pd-98059/candidate_005_raw.png,CPFLOW/comparison_outputs/full44_imageft2_morphology_candidates/images/pd-98059/candidate_005_display.png,0.8826103210449219,0.0712132602930069,0.8944128155708313,0.3256027102470398,0.3166401982307434,0.38473162055015564,0.16290755569934845,0.16628681123256683,0.19917480647563934,0.19895212352275848,0.4951307773590088,0.8003482818603516,0.060113705694675446,0.9159519672393799,0.29128387570381165,0.31224124133586884,0.29618479311466217,0.13037296384572983,0.18619045615196228,0.1942801997065544,0.20243113487958908,0.5000722706317902
pd-98059,6,-0.25914441154799317,CPFLOW/comparison_outputs/full44_imageft2_morphology_candidates/images/pd-98059/candidate_006_raw.png,CPFLOW/comparison_outputs/full44_imageft2_morphology_candidates/images/pd-98059/candidate_006_display.png,0.8200721740722656,0.06885774433612823,0.8995609879493713,0.2756127715110779,0.27652597427368164,0.3137069344520569,0.14848218858242035,0.16544701159000397,0.20218560099601746,0.20134711265563965,0.5098174810409546,0.8003482818603516,0.060113705694675446,0.9159519672393799,0.29128387570381165,0.31224124133586884,0.29618479311466217,0.13037296384572983,0.18619045615196228,0.1942801997065544,0.20243113487958908,0.5000722706317902
pd-98059,7,-0.6372358889052299,CPFLOW/comparison_outputs/full44_imageft2_morphology_candidates/images/pd-98059/candidate_007_raw.png,CPFLOW/comparison_outputs/full44_imageft2_morphology_candidates/images/pd-98059/candidate_007_display.png,0.8655586242675781,0.057241152971982956,0.8806193470954895,0.30338379740715027,0.40011128783226013,0.3978130519390106,0.23295000195503235,0.19348962604999542,0.21440428495407104,0.2159760445356369,0.48781856894493103,0.8003482818603516,0.060113705694675446,0.9159519672393799,0.29128387570381165,0.31224124133586884,0.29618479311466217,0.13037296384572983,0.18619045615196228,0.1942801997065544,0.20243113487958908,0.5000722706317902
pd-98059,8,-0.21094381036017476,CPFLOW/comparison_outputs/full44_imageft2_morphology_candidates/images/pd-98059/candidate_008_raw.png,CPFLOW/comparison_outputs/full44_imageft2_morphology_candidates/images/pd-98059/candidate_008_display.png,0.807952880859375,0.06553302705287933,0.8941516876220703,0.26143771409988403,0.27502796053886414,0.3074299097061157,0.1538952887058258,0.17113155126571655,0.1967865228652954,0.19530190527439117,0.5103327631950378,0.8003482818603516,0.060113705694675446,0.9159519672393799,0.29128387570381165,0.31224124133586884,0.29618479311466217,0.13037296384572983,0.18619045615196228,0.1942801997065544,0.20243113487958908,0.5000722706317902
pd-98059,9,-2.403666189658911,CPFLOW/comparison_outputs/full44_imageft2_morphology_candidates/images/pd-98059/candidate_009_raw.png,CPFLOW/comparison_outputs/full44_imageft2_morphology_candidates/images/pd-98059/candidate_009_display.png,0.3197784423828125,0.03724905475974083,0.9161925315856934,0.11424665153026581,0.09618964791297913,0.11540164798498154,0.11098302155733109,0.14959368109703064,0.1656576544046402,0.15143494307994843,0.48890966176986694,0.8003482818603516,0.060113705694675446,0.9159519672393799,0.29128387570381165,0.31224124133586884,0.29618479311466217,0.13037296384572983,0.18619045615196228,0.1942801997065544,0.20243113487958908,0.5000722706317902
pd-98059,10,-0.15254779302130714,CPFLOW/comparison_outputs/full44_imageft2_morphology_candidates/images/pd-98059/candidate_010_raw.png,CPFLOW/comparison_outputs/full44_imageft2_morphology_candidates/images/pd-98059/candidate_010_display.png,0.8290443420410156,0.06121285259723663,0.9191917777061462,0.30852553248405457,0.3083890676498413,0.2936877906322479,0.11337863653898239,0.1873665153980255,0.1972547322511673,0.18799473345279694,0.499358594417572,0.8003482818603516,0.060113705694675446,0.9159519672393799,0.29128387570381165,0.31224124133586884,0.29618479311466217,0.13037296384572983,0.18619045615196228,0.1942801997065544,0.20243113487958908,0.5000722706317902
pd-98059,11,-0.49733322997427676,CPFLOW/comparison_outputs/full44_imageft2_morphology_candidates/images/pd-98059/candidate_011_raw.png,CPFLOW/comparison_outputs/full44_imageft2_morphology_candidates/images/pd-98059/candidate_011_display.png,0.8848800659179688,0.0695011243224144,0.8769776821136475,0.2886728346347809,0.3339085280895233,0.3356137275695801,0.16288210451602936,0.16720786690711975,0.18238884210586548,0.19673512876033783,0.4996007978916168,0.8003482818603516,0.060113705694675446,0.9159519672393799,0.29128387570381165,0.31224124133586884,0.29618479311466217,0.13037296384572983,0.18619045615196228,0.1942801997065544,0.20243113487958908,0.5000722706317902
pd-98059,12,-0.4377048774601395,CPFLOW/comparison_outputs/full44_imageft2_morphology_candidates/images/pd-98059/candidate_012_raw.png,CPFLOW/comparison_outputs/full44_imageft2_morphology_candidates/images/pd-98059/candidate_012_display.png,0.7327728271484375,0.05744005739688873,0.917908251285553,0.2564648985862732,0.24744634330272675,0.25092852115631104,0.10454609990119934,0.18741945922374725,0.19816826283931732,0.17933623492717743,0.5044850707054138,0.8003482818603516,0.060113705694675446,0.9159519672393799,0.29128387570381165,0.31224124133586884,0.29618479311466217,0.13037296384572983,0.18619045615196228,0.1942801997065544,0.20243113487958908,0.5000722706317902
pd-98059,13,-0.35772412543153087,CPFLOW/comparison_outputs/full44_imageft2_morphology_candidates/images/pd-98059/candidate_013_raw.png,CPFLOW/comparison_outputs/full44_imageft2_morphology_candidates/images/pd-98059/candidate_013_display.png,0.7908897399902344,0.05495177209377289,0.8590866923332214,0.22596068680286407,0.23493514955043793,0.2644768953323364,0.13761551678180695,0.1498548537492752,0.18026404082775116,0.18536776304244995,0.5104041695594788,0.8003482818603516,0.060113705694675446,0.9159519672393799,0.29128387570381165,0.31224124133586884,0.29618479311466217,0.13037296384572983,0.18619045615196228,0.1942801997065544,0.20243113487958908,0.5000722706317902
pd-98059,14,-1.2429471486275605,CPFLOW/comparison_outputs/full44_imageft2_morphology_candidates/images/pd-98059/candidate_014_raw.png,CPFLOW/comparison_outputs/full44_imageft2_morphology_candidates/images/pd-98059/candidate_014_display.png,0.5364265441894531,0.056336939334869385,0.9273342490196228,0.19372767210006714,0.22692081332206726,0.19303569197654724,0.08885962516069412,0.21514162421226501,0.199459969997406,0.15713396668434143,0.5091750621795654,0.8003482818603516,0.060113705694675446,0.9159519672393799,0.29128387570381165,0.31224124133586884,0.29618479311466217,0.13037296384572983,0.18619045615196228,0.1942801997065544,0.20243113487958908,0.5000722706317902
pd-98059,15,-0.3931536429253579,CPFLOW/comparison_outputs/full44_imageft2_morphology_candidates/images/pd-98059/candidate_015_raw.png,CPFLOW/comparison_outputs/full44_imageft2_morphology_candidates/images/pd-98059/candidate_015_display.png,0.885955810546875,0.06026052311062813,0.8853083252906799,0.3042079508304596,0.29577770829200745,0.3303026556968689,0.14479804039001465,0.15832270681858063,0.19072024524211884,0.20206204056739807,0.5094510912895203,0.8003482818603516,0.060113705694675446,0.9159519672393799,0.29128387570381165,0.31224124133586884,0.29618479311466217,0.13037296384572983,0.18619045615196228,0.1942801997065544,0.20243113487958908,0.5000722706317902
pd-98059,16,-0.4697082048130039,CPFLOW/comparison_outputs/full44_imageft2_morphology_candidates/images/pd-98059/candidate_016_raw.png,CPFLOW/comparison_outputs/full44_imageft2_morphology_candidates/images/pd-98059/candidate_016_display.png,0.8962783813476562,0.060247719287872314,0.904565691947937,0.31912297010421753,0.3258710205554962,0.3584323227405548,0.1653004139661789,0.1729721575975418,0.19225578010082245,0.21071240305900574,0.4910421073436737,0.8003482818603516,0.060113705694675446,0.9159519672393799,0.29128387570381165,0.31224124133586884,0.29618479311466217,0.13037296384572983,0.18619045615196228,0.1942801997065544,0.20243113487958908,0.5000722706317902
pd-98059,17,-0.4517204121678287,CPFLOW/comparison_outputs/full44_imageft2_morphology_candidates/images/pd-98059/candidate_017_raw.png,CPFLOW/comparison_outputs/full44_imageft2_morphology_candidates/images/pd-98059/candidate_017_display.png,0.8778610229492188,0.05875130742788315,0.8676771521568298,0.2633945643901825,0.2718479633331299,0.26930755376815796,0.13597367703914642,0.14837679266929626,0.1593562811613083,0.19040462374687195,0.5089181065559387,0.8003482818603516,0.060113705694675446,0.9159519672393799,0.29128387570381165,0.31224124133586884,0.29618479311466217,0.13037296384572983,0.18619045615196228,0.1942801997065544,0.20243113487958908,0.5000722706317902
pd-98059,18,-0.3012075002483613,CPFLOW/comparison_outputs/full44_imageft2_morphology_candidates/images/pd-98059/candidate_018_raw.png,CPFLOW/comparison_outputs/full44_imageft2_morphology_candidates/images/pd-98059/candidate_018_display.png,0.8547325134277344,0.05836965888738632,0.8970447182655334,0.3042048215866089,0.3258305788040161,0.32888248562812805,0.15046563744544983,0.17764262855052948,0.20639236271381378,0.19708046317100525,0.4968715310096741,0.8003482818603516,0.060113705694675446,0.9159519672393799,0.29128387570381165,0.31224124133586884,0.29618479311466217,0.13037296384572983,0.18619045615196228,0.1942801997065544,0.20243113487958908,0.5000722706317902
pd-98059,19,-0.29502377022262966,CPFLOW/comparison_outputs/full44_imageft2_morphology_candidates/images/pd-98059/candidate_019_raw.png,CPFLOW/comparison_outputs/full44_imageft2_morphology_candidates/images/pd-98059/candidate_019_display.png,0.7571258544921875,0.06572486460208893,0.8890243768692017,0.25486528873443604,0.3134908974170685,0.2950471341609955,0.16503114998340607,0.1995994746685028,0.20810456573963165,0.19307374954223633,0.514792799949646,0.8003482818603516,0.060113705694675446,0.9159519672393799,0.29128387570381165,0.31224124133586884,0.29618479311466217,0.13037296384572983,0.18619045615196228,0.1942801997065544,0.20243113487958908,0.5000722706317902
pd-98059,20,-0.3968237032873641,CPFLOW/comparison_outputs/full44_imageft2_morphology_candidates/images/pd-98059/candidate_020_raw.png,CPFLOW/comparison_outputs/full44_imageft2_morphology_candidates/images/pd-98059/candidate_020_display.png,0.72406005859375,0.06312821805477142,0.9041063785552979,0.25274932384490967,0.2780178189277649,0.30516910552978516,0.14235898852348328,0.19422514736652374,0.22679787874221802,0.19017532467842102,0.5124579071998596,0.8003482818603516,0.060113705694675446,0.9159519672393799,0.29128387570381165,0.31224124133586884,0.29618479311466217,0.13037296384572983,0.18619045615196228,0.1942801997065544,0.20243113487958908,0.5000722706317902
pd-98059,21,-0.5393241644553725,CPFLOW/comparison_outputs/full44_imageft2_morphology_candidates/images/pd-98059/candidate_021_raw.png,CPFLOW/comparison_outputs/full44_imageft2_morphology_candidates/images/pd-98059/candidate_021_display.png,0.8987884521484375,0.05283559858798981,0.8888052701950073,0.3315236568450928,0.30453047156333923,0.3639790415763855,0.14269889891147614,0.16180278360843658,0.19417519867420197,0.19811999797821045,0.5052416324615479,0.8003482818603516,0.060113705694675446,0.9159519672393799,0.29128387570381165,0.31224124133586884,0.29618479311466217,0.13037296384572983,0.18619045615196228,0.1942801997065544,0.20243113487958908,0.5000722706317902
pd-98059,22,-0.6008008520858097,CPFLOW/comparison_outputs/full44_imageft2_morphology_candidates/images/pd-98059/candidate_022_raw.png,CPFLOW/comparison_outputs/full44_imageft2_morphology_candidates/images/pd-98059/candidate_022_display.png,0.7105560302734375,0.05882440134882927,0.8800962567329407,0.2182101309299469,0.26634860038757324,0.2055550068616867,0.1114349290728569,0.1913376897573471,0.16623008251190186,0.1686583310365677,0.5141339898109436,0.8003482818603516,0.060113705694675446,0.9159519672393799,0.29128387570381165,0.31224124133586884,0.29618479311466217,0.13037296384572983,0.18619045615196228,0.1942801997065544,0.20243113487958908,0.5000722706317902
pd-98059,23,-0.3865626240148165,CPFLOW/comparison_outputs/full44_imageft2_morphology_candidates/images/pd-98059/candidate_023_raw.png,CPFLOW/comparison_outputs/full44_imageft2_morphology_candidates/images/pd-98059/candidate_023_display.png,0.8464889526367188,0.06672297418117523,0.9319023489952087,0.333892285823822,0.30219411849975586,0.3753843307495117,0.1455051302909851,0.1838284283876419,0.22090846300125122,0.19729061424732208,0.4969574809074402,0.8003482818603516,0.060113705694675446,0.9159519672393799,0.29128387570381165,0.31224124133586884,0.29618479311466217,0.13037296384572983,0.18619045615196228,0.1942801997065544,0.20243113487958908,0.5000722706317902
pd-98059,24,-0.10262088991667759,CPFLOW/comparison_outputs/full44_imageft2_morphology_candidates/images/pd-98059/candidate_024_raw.png,CPFLOW/comparison_outputs/full44_imageft2_morphology_candidates/images/pd-98059/candidate_024_display.png,0.7986869812011719,0.06155667081475258,0.9016829133033752,0.26063036918640137,0.314875990152359,0.29688528180122375,0.16388298571109772,0.18900442123413086,0.19163134694099426,0.19984714686870575,0.500603199005127,0.8003482818603516,0.060113705694675446,0.9159519672393799,0.29128387570381165,0.31224124133586884,0.29618479311466217,0.13037296384572983,0.18619045615196228,0.1942801997065544,0.20243113487958908,0.5000722706317902
pd-98059,25,-0.18493853468058807,CPFLOW/comparison_outputs/full44_imageft2_morphology_candidates/images/pd-98059/candidate_025_raw.png,CPFLOW/comparison_outputs/full44_imageft2_morphology_candidates/images/pd-98059/candidate_025_display.png,0.7810287475585938,0.05770675837993622,0.9174813032150269,0.27090370655059814,0.32499992847442627,0.31068527698516846,0.15654908120632172,0.1989557147026062,0.20600952208042145,0.19136874377727509,0.5111722350120544,0.8003482818603516,0.060113705694675446,0.9159519672393799,0.29128387570381165,0.31224124133586884,0.29618479311466217,0.13037296384572983,0.18619045615196228,0.1942801997065544,0.20243113487958908,0.5000722706317902
pd-98059,26,-1.657244661529563,CPFLOW/comparison_outputs/full44_imageft2_morphology_candidates/images/pd-98059/candidate_026_raw.png,CPFLOW/comparison_outputs/full44_imageft2_morphology_candidates/images/pd-98059/candidate_026_display.png,0.4399070739746094,0.0580417737364769,0.9011968374252319,0.15696361660957336,0.16723833978176117,0.14962881803512573,0.09318730235099792,0.20492053031921387,0.1881915032863617,0.16350486874580383,0.5089671611785889,0.8003482818603516,0.060113705694675446,0.9159519672393799,0.29128387570381165,0.31224124133586884,0.29618479311466217,0.13037296384572983,0.18619045615196228,0.1942801997065544,0.20243113487958908,0.5000722706317902
pd-98059,27,-0.5749682493679937,CPFLOW/comparison_outputs/full44_imageft2_morphology_candidates/images/pd-98059/candidate_027_raw.png,CPFLOW/comparison_outputs/full44_imageft2_morphology_candidates/images/pd-98059/candidate_027_display.png,0.7329597473144531,0.055893197655677795,0.8715661764144897,0.19049032032489777,0.24369758367538452,0.2449655532836914,0.16139745712280273,0.1654302179813385,0.17656531929969788,0.18475140631198883,0.5159858465194702,0.8003482818603516,0.060113705694675446,0.9159519672393799,0.29128387570381165,0.31224124133586884,0.29618479311466217,0.13037296384572983,0.18619045615196228,0.1942801997065544,0.20243113487958908,0.5000722706317902
pd-98059,28,-3.6860559547539897,CPFLOW/comparison_outputs/full44_imageft2_morphology_candidates/images/pd-98059/candidate_028_raw.png,CPFLOW/comparison_outputs/full44_imageft2_morphology_candidates/images/pd-98059/candidate_028_display.png,0.9220848083496094,0.0669788122177124,0.892147421836853,0.3256916403770447,0.35774317383766174,0.3638415038585663,0.18162861466407776,0.1704045534133911,0.1915193796157837,0.21662506461143494,0.5099560618400574,0.8003482818603516,0.060113705694675446,0.9159519672393799,0.29128387570381165,0.31224124133586884,0.29618479311466217,0.13037296384572983,0.18619045615196228,0.1942801997065544,0.20243113487958908,0.5000722706317902
pd-98059,29,-0.13155416206810178,CPFLOW/comparison_outputs/full44_imageft2_morphology_candidates/images/pd-98059/candidate_029_raw.png,CPFLOW/comparison_outputs/full44_imageft2_morphology_candidates/images/pd-98059/candidate_029_display.png,0.8035316467285156,0.054111823439598083,0.9026575088500977,0.269610196352005,0.30742937326431274,0.30006492137908936,0.13383443653583527,0.18400554358959198,0.20570072531700134,0.17768728733062744,0.5129849314689636,0.8003482818603516,0.060113705694675446,0.9159519672393799,0.29128387570381165,0.31224124133586884,0.29618479311466217,0.13037296384572983,0.18619045615196228,0.1942801997065544,0.20243113487958908,0.5000722706317902
pd-98059,30,-0.35174852722200756,CPFLOW/comparison_outputs/full44_imageft2_morphology_candidates/images/pd-98059/candidate_030_raw.png,CPFLOW/comparison_outputs/full44_imageft2_morphology_candidates/images/pd-98059/candidate_030_display.png,0.8218002319335938,0.05295490473508835,0.8791408538818359,0.24431212246418,0.2508210837841034,0.3087494671344757,0.157837375998497,0.15306249260902405,0.1904192715883255,0.18910518288612366,0.4978512227535248,0.8003482818603516,0.060113705694675446,0.9159519672393799,0.29128387570381165,0.31224124133586884,0.29618479311466217,0.13037296384572983,0.18619045615196228,0.1942801997065544,0.20243113487958908,0.5000722706317902
pd-98059,31,-0.5792499469042489,CPFLOW/comparison_outputs/full44_imageft2_morphology_candidates/images/pd-98059/candidate_031_raw.png,CPFLOW/comparison_outputs/full44_imageft2_morphology_candidates/images/pd-98059/candidate_031_display.png,0.7294692993164062,0.09209780395030975,0.9320704340934753,0.3008902370929718,0.2503155469894409,0.2890942394733429,0.12230143696069717,0.21006251871585846,0.22130580246448517,0.19585807621479034,0.5068050622940063,0.8003482818603516,0.060113705694675446,0.9159519672393799,0.29128387570381165,0.31224124133586884,0.29618479311466217,0.13037296384572983,0.18619045615196228,0.1942801997065544,0.20243113487958908,0.5000722706317902
temozolomide,0,-0.6953655117251526,CPFLOW/comparison_outputs/full44_imageft2_morphology_candidates/images/temozolomide/candidate_000_raw.png,CPFLOW/comparison_outputs/full44_imageft2_morphology_candidates/images/temozolomide/candidate_000_display.png,0.7118568420410156,0.06583249568939209,0.8834251761436462,0.2256086766719818,0.2613914906978607,0.23836269974708557,0.1307586431503296,0.1887454092502594,0.1836165189743042,0.17823883891105652,0.510460376739502,0.8254146575927734,0.07905897498130798,0.9156085252761841,0.29539260268211365,0.3307257443666458,0.2809608727693558,0.15019185841083527,0.18188033998012543,0.18387971818447113,0.20530041307210922,0.5010227262973785
temozolomide,1,-0.5245624046626602,CPFLOW/comparison_outputs/full44_imageft2_morphology_candidates/images/temozolomide/candidate_001_raw.png,CPFLOW/comparison_outputs/full44_imageft2_morphology_candidates/images/temozolomide/candidate_001_display.png,0.7383575439453125,0.06280066817998886,0.9018860459327698,0.24501186609268188,0.3091779947280884,0.25996652245521545,0.15190936625003815,0.208979994058609,0.19419285655021667,0.18003256618976593,0.5089675188064575,0.8254146575927734,0.07905897498130798,0.9156085252761841,0.29539260268211365,0.3307257443666458,0.2809608727693558,0.15019185841083527,0.18188033998012543,0.18387971818447113,0.20530041307210922,0.5010227262973785
temozolomide,2,-0.45272499693426893,CPFLOW/comparison_outputs/full44_imageft2_morphology_candidates/images/temozolomide/candidate_002_raw.png,CPFLOW/comparison_outputs/full44_imageft2_morphology_candidates/images/temozolomide/candidate_002_display.png,0.8649139404296875,0.06244435906410217,0.8591563701629639,0.247789666056633,0.3516136705875397,0.29786059260368347,0.20015950500965118,0.17396338284015656,0.16590841114521027,0.19160109758377075,0.5006164312362671,0.8254146575927734,0.07905897498130798,0.9156085252761841,0.29539260268211365,0.3307257443666458,0.2809608727693558,0.15019185841083527,0.18188033998012543,0.18387971818447113,0.20530041307210922,0.5010227262973785
temozolomide,3,-0.5511345126579559,CPFLOW/comparison_outputs/full44_imageft2_morphology_candidates/images/temozolomide/candidate_003_raw.png,CPFLOW/comparison_outputs/full44_imageft2_morphology_candidates/images/temozolomide/candidate_003_display.png,0.739471435546875,0.06952321529388428,0.8814242482185364,0.2259625494480133,0.27375197410583496,0.24158717691898346,0.16046972572803497,0.18904441595077515,0.17815573513507843,0.19220279157161713,0.4997667074203491,0.8254146575927734,0.07905897498130798,0.9156085252761841,0.29539260268211365,0.3307257443666458,0.2809608727693558,0.15019185841083527,0.18188033998012543,0.18387971818447113,0.20530041307210922,0.5010227262973785
temozolomide,4,-0.5724073587610541,CPFLOW/comparison_outputs/full44_imageft2_morphology_candidates/images/temozolomide/candidate_004_raw.png,CPFLOW/comparison_outputs/full44_imageft2_morphology_candidates/images/temozolomide/candidate_004_display.png,0.7257347106933594,0.06733548641204834,0.8940076231956482,0.24154870212078094,0.3178689777851105,0.24461184442043304,0.18580569326877594,0.21631604433059692,0.18349632620811462,0.19587887823581696,0.500518798828125,0.8254146575927734,0.07905897498130798,0.9156085252761841,0.29539260268211365,0.3307257443666458,0.2809608727693558,0.15019185841083527,0.18188033998012543,0.18387971818447113,0.20530041307210922,0.5010227262973785
temozolomide,5,-1.145824880400136,CPFLOW/comparison_outputs/full44_imageft2_morphology_candidates/images/temozolomide/candidate_005_raw.png,CPFLOW/comparison_outputs/full44_imageft2_morphology_candidates/images/temozolomide/candidate_005_display.png,0.6041336059570312,0.06163979694247246,0.8589587211608887,0.2095639556646347,0.2671717703342438,0.22520457208156586,0.1821894347667694,0.22162480652332306,0.20034600794315338,0.17296826839447021,0.4816538393497467,0.8254146575927734,0.07905897498130798,0.9156085252761841,0.29539260268211365,0.3307257443666458,0.2809608727693558,0.15019185841083527,0.18188033998012543,0.18387971818447113,0.20530041307210922,0.5010227262973785
temozolomide,6,-0.4139056622144529,CPFLOW/comparison_outputs/full44_imageft2_morphology_candidates/images/temozolomide/candidate_006_raw.png,CPFLOW/comparison_outputs/full44_imageft2_morphology_candidates/images/temozolomide/candidate_006_display.png,0.8981094360351562,0.07530836015939713,0.9178426861763,0.30740582942962646,0.2962057888507843,0.33559074997901917,0.17708361148834229,0.16473406553268433,0.1852809637784958,0.21656106412410736,0.5089408159255981,0.8254146575927734,0.07905897498130798,0.9156085252761841,0.29539260268211365,0.3307257443666458,0.2809608727693558,0.15019185841083527,0.18188033998012543,0.18387971818447113,0.20530041307210922,0.5010227262973785
temozolomide,7,-0.2969242341996944,CPFLOW/comparison_outputs/full44_imageft2_morphology_candidates/images/temozolomide/candidate_007_raw.png,CPFLOW/comparison_outputs/full44_imageft2_morphology_candidates/images/temozolomide/candidate_007_display.png,0.8167304992675781,0.061514370143413544,0.8772826790809631,0.24030598998069763,0.3164559304714203,0.28551045060157776,0.1735886037349701,0.18229994177818298,0.18119817972183228,0.17980946600437164,0.5029388070106506,0.8254146575927734,0.07905897498130798,0.9156085252761841,0.29539260268211365,0.3307257443666458,0.2809608727693558,0.15019185841083527,0.18188033998012543,0.18387971818447113,0.20530041307210922,0.5010227262973785
temozolomide,8,-0.3324694759300424,CPFLOW/comparison_outputs/full44_imageft2_morphology_candidates/images/temozolomide/candidate_008_raw.png,CPFLOW/comparison_outputs/full44_imageft2_morphology_candidates/images/temozolomide/candidate_008_display.png,0.7869148254394531,0.06673142313957214,0.9176096320152283,0.24744415283203125,0.296780526638031,0.27149274945259094,0.1786225140094757,0.18821226060390472,0.18233008682727814,0.20603621006011963,0.5029388666152954,0.8254146575927734,0.07905897498130798,0.9156085252761841,0.29539260268211365,0.3307257443666458,0.2809608727693558,0.15019185841083527,0.18188033998012543,0.18387971818447113,0.20530041307210922,0.5010227262973785
temozolomide,9,-0.4062324434061911,CPFLOW/comparison_outputs/full44_imageft2_morphology_candidates/images/temozolomide/candidate_009_raw.png,CPFLOW/comparison_outputs/full44_imageft2_morphology_candidates/images/temozolomide/candidate_009_display.png,0.8023872375488281,0.06306959688663483,0.8589143753051758,0.24389328062534332,0.2593395709991455,0.27377593517303467,0.1420043408870697,0.1620916724205017,0.1811598241329193,0.1799502670764923,0.5172539353370667,0.8254146575927734,0.07905897498130798,0.9156085252761841,0.29539260268211365,0.3307257443666458,0.2809608727693558,0.15019185841083527,0.18188033998012543,0.18387971818447113,0.20530041307210922,0.5010227262973785
temozolomide,10,-0.3195928199913683,CPFLOW/comparison_outputs/full44_imageft2_morphology_candidates/images/temozolomide/candidate_010_raw.png,CPFLOW/comparison_outputs/full44_imageft2_morphology_candidates/images/temozolomide/candidate_010_display.png,0.8386688232421875,0.06591945886611938,0.8921127319335938,0.2598874270915985,0.25751984119415283,0.2971366047859192,0.15402482450008392,0.15930455923080444,0.1739470511674881,0.19511529803276062,0.5054910778999329,0.8254146575927734,0.07905897498130798,0.9156085252761841,0.29539260268211365,0.3307257443666458,0.2809608727693558,0.15019185841083527,0.18188033998012543,0.18387971818447113,0.20530041307210922,0.5010227262973785
temozolomide,11,-0.28600069229298736,CPFLOW/comparison_outputs/full44_imageft2_morphology_candidates/images/temozolomide/candidate_011_raw.png,CPFLOW/comparison_outputs/full44_imageft2_morphology_candidates/images/temozolomide/candidate_011_display.png,0.8676414489746094,0.07302986830472946,0.9038793444633484,0.2897621989250183,0.2948343753814697,0.2906809151172638,0.12759311497211456,0.17705138027668,0.17754757404327393,0.18230244517326355,0.5135036706924438,0.8254146575927734,0.07905897498130798,0.9156085252761841,0.29539260268211365,0.3307257443666458,0.2809608727693558,0.15019185841083527,0.18188033998012543,0.18387971818447113,0.20530041307210922,0.5010227262973785
temozolomide,12,-0.3388924742459648,CPFLOW/comparison_outputs/full44_imageft2_morphology_candidates/images/temozolomide/candidate_012_raw.png,CPFLOW/comparison_outputs/full44_imageft2_morphology_candidates/images/temozolomide/candidate_012_display.png,0.8559036254882812,0.06931476294994354,0.893238365650177,0.2841442823410034,0.33705469965934753,0.34655511379241943,0.19589167833328247,0.17768357694149017,0.19637250900268555,0.20805193483829498,0.4882669746875763,0.8254146575927734,0.07905897498130798,0.9156085252761841,0.29539260268211365,0.3307257443666458,0.2809608727693558,0.15019185841083527,0.18188033998012543,0.18387971818447113,0.20530041307210922,0.5010227262973785
temozolomide,13,-1.3722293870711746,CPFLOW/comparison_outputs/full44_imageft2_morphology_candidates/images/temozolomide/candidate_013_raw.png,CPFLOW/comparison_outputs/full44_imageft2_morphology_candidates/images/temozolomide/candidate_013_display.png,0.5273704528808594,0.06050487607717514,0.9044734239578247,0.19916990399360657,0.2543461322784424,0.2095567137002945,0.15534691512584686,0.23835526406764984,0.20519235730171204,0.17602719366550446,0.4881824254989624,0.8254146575927734,0.07905897498130798,0.9156085252761841,0.29539260268211365,0.3307257443666458,0.2809608727693558,0.15019185841083527,0.18188033998012543,0.18387971818447113,0.20530041307210922,0.5010227262973785
temozolomide,14,-0.4104763197179912,CPFLOW/comparison_outputs/full44_imageft2_morphology_candidates/images/temozolomide/candidate_014_raw.png,CPFLOW/comparison_outputs/full44_imageft2_morphology_candidates/images/temozolomide/candidate_014_display.png,0.78387451171875,0.06756945699453354,0.8868743777275085,0.2469933032989502,0.27122393250465393,0.27041760087013245,0.1246524378657341,0.17670804262161255,0.1848803013563156,0.16729846596717834,0.49458613991737366,0.8254146575927734,0.07905897498130798,0.9156085252761841,0.29539260268211365,0.3307257443666458,0.2809608727693558,0.15019185841083527,0.18188033998012543,0.18387971818447113,0.20530041307210922,0.5010227262973785
temozolomide,15,-0.5569895813642953,CPFLOW/comparison_outputs/full44_imageft2_morphology_candidates/images/temozolomide/candidate_015_raw.png,CPFLOW/comparison_outputs/full44_imageft2_morphology_candidates/images/temozolomide/candidate_015_display.png,0.9197616577148438,0.07416045665740967,0.8743494749069214,0.3118206262588501,0.31542643904685974,0.3591883182525635,0.19796518981456757,0.1596658080816269,0.18011851608753204,0.21682609617710114,0.5054038166999817,0.8254146575927734,0.07905897498130798,0.9156085252761841,0.29539260268211365,0.3307257443666458,0.2809608727693558,0.15019185841083527,0.18188033998012543,0.18387971818447113,0.20530041307210922,0.5010227262973785
temozolomide,16,-0.3533926756542703,CPFLOW/comparison_outputs/full44_imageft2_morphology_candidates/images/temozolomide/candidate_016_raw.png,CPFLOW/comparison_outputs/full44_imageft2_morphology_candidates/images/temozolomide/candidate_016_display.png,0.7744636535644531,0.07432776689529419,0.920067548751831,0.26376470923423767,0.2926749885082245,0.31243622303009033,0.17160171270370483,0.19008126854896545,0.21174249053001404,0.19609853625297546,0.5087385177612305,0.8254146575927734,0.07905897498130798,0.9156085252761841,0.29539260268211365,0.3307257443666458,0.2809608727693558,0.15019185841083527,0.18188033998012543,0.18387971818447113,0.20530041307210922,0.5010227262973785
temozolomide,17,-0.1922003350838612,CPFLOW/comparison_outputs/full44_imageft2_morphology_candidates/images/temozolomide/candidate_017_raw.png,CPFLOW/comparison_outputs/full44_imageft2_morphology_candidates/images/temozolomide/candidate_017_display.png,0.8213424682617188,0.0685429722070694,0.9023951888084412,0.277955025434494,0.2915264070034027,0.29456865787506104,0.1437760889530182,0.17708522081375122,0.19180797040462494,0.1994200199842453,0.5135934352874756,0.8254146575927734,0.07905897498130798,0.9156085252761841,0.29539260268211365,0.3307257443666458,0.2809608727693558,0.15019185841083527,0.18188033998012543,0.18387971818447113,0.20530041307210922,0.5010227262973785
temozolomide,18,-3.5978151298492835,CPFLOW/comparison_outputs/full44_imageft2_morphology_candidates/images/temozolomide/candidate_018_raw.png,CPFLOW/comparison_outputs/full44_imageft2_morphology_candidates/images/temozolomide/candidate_018_display.png,0.9201507568359375,0.07015848159790039,0.8855153918266296,0.3128492534160614,0.3120863437652588,0.38973990082740784,0.18160764873027802,0.15230226516723633,0.1854100376367569,0.2003503441810608,0.5076560974121094,0.8254146575927734,0.07905897498130798,0.9156085252761841,0.29539260268211365,0.3307257443666458,0.2809608727693558,0.15019185841083527,0.18188033998012543,0.18387971818447113,0.20530041307210922,0.5010227262973785
temozolomide,19,-0.46047972228816525,CPFLOW/comparison_outputs/full44_imageft2_morphology_candidates/images/temozolomide/candidate_019_raw.png,CPFLOW/comparison_outputs/full44_imageft2_morphology_candidates/images/temozolomide/candidate_019_display.png,0.7584724426269531,0.06929755210876465,0.8645890951156616,0.25805041193962097,0.2934629023075104,0.2539394199848175,0.16715945303440094,0.19991126656532288,0.18437305092811584,0.18730619549751282,0.514492928981781,0.8254146575927734,0.07905897498130798,0.9156085252761841,0.29539260268211365,0.3307257443666458,0.2809608727693558,0.15019185841083527,0.18188033998012543,0.18387971818447113,0.20530041307210922,0.5010227262973785
temozolomide,20,-0.49394695888614215,CPFLOW/comparison_outputs/full44_imageft2_morphology_candidates/images/temozolomide/candidate_020_raw.png,CPFLOW/comparison_outputs/full44_imageft2_morphology_candidates/images/temozolomide/candidate_020_display.png,0.8707923889160156,0.0657329261302948,0.8542717099189758,0.2548707127571106,0.2980962097644806,0.3272005319595337,0.2026088386774063,0.15588423609733582,0.17722050845623016,0.20012715458869934,0.497631311416626,0.8254146575927734,0.07905897498130798,0.9156085252761841,0.29539260268211365,0.3307257443666458,0.2809608727693558,0.15019185841083527,0.18188033998012543,0.18387971818447113,0.20530041307210922,0.5010227262973785
temozolomide,21,-0.9982048747465043,CPFLOW/comparison_outputs/full44_imageft2_morphology_candidates/images/temozolomide/candidate_021_raw.png,CPFLOW/comparison_outputs/full44_imageft2_morphology_candidates/images/temozolomide/candidate_021_display.png,0.6837310791015625,0.055087316781282425,0.8444270491600037,0.1864217072725296,0.24396425485610962,0.21825067698955536,0.1858024001121521,0.18150195479393005,0.17717808485031128,0.1748233586549759,0.4913100302219391,0.8254146575927734,0.07905897498130798,0.9156085252761841,0.29539260268211365,0.3307257443666458,0.2809608727693558,0.15019185841083527,0.18188033998012543,0.18387971818447113,0.20530041307210922,0.5010227262973785
temozolomide,22,-0.6465595485175205,CPFLOW/comparison_outputs/full44_imageft2_morphology_candidates/images/temozolomide/candidate_022_raw.png,CPFLOW/comparison_outputs/full44_imageft2_morphology_candidates/images/temozolomide/candidate_022_display.png,0.7202186584472656,0.07150619477033615,0.9305206537246704,0.2566321790218353,0.24124278128147125,0.24854770302772522,0.10577362775802612,0.1971774846315384,0.19451841711997986,0.1766006201505661,0.5138062834739685,0.8254146575927734,0.07905897498130798,0.9156085252761841,0.29539260268211365,0.3307257443666458,0.2809608727693558,0.15019185841083527,0.18188033998012543,0.18387971818447113,0.20530041307210922,0.5010227262973785
temozolomide,23,-0.3730429481210588,CPFLOW/comparison_outputs/full44_imageft2_morphology_candidates/images/temozolomide/candidate_023_raw.png,CPFLOW/comparison_outputs/full44_imageft2_morphology_candidates/images/temozolomide/candidate_023_display.png,0.7695198059082031,0.07185012102127075,0.933519721031189,0.27005890011787415,0.29102447628974915,0.3052774667739868,0.1612652987241745,0.1947021484375,0.2105853408575058,0.1979125738143921,0.5130804777145386,0.8254146575927734,0.07905897498130798,0.9156085252761841,0.29539260268211365,0.3307257443666458,0.2809608727693558,0.15019185841083527,0.18188033998012543,0.18387971818447113,0.20530041307210922,0.5010227262973785
temozolomide,24,-0.37428061624523556,CPFLOW/comparison_outputs/full44_imageft2_morphology_candidates/images/temozolomide/candidate_024_raw.png,CPFLOW/comparison_outputs/full44_imageft2_morphology_candidates/images/temozolomide/candidate_024_display.png,0.8086128234863281,0.06639641523361206,0.8546619415283203,0.2366066873073578,0.3043987452983856,0.3057888150215149,0.20347601175308228,0.1781138926744461,0.18863357603549957,0.19170591235160828,0.5015072226524353,0.8254146575927734,0.07905897498130798,0.9156085252761841,0.29539260268211365,0.3307257443666458,0.2809608727693558,0.15019185841083527,0.18188033998012543,0.18387971818447113,0.20530041307210922,0.5010227262973785
temozolomide,25,-0.35195050653177906,CPFLOW/comparison_outputs/full44_imageft2_morphology_candidates/images/temozolomide/candidate_025_raw.png,CPFLOW/comparison_outputs/full44_imageft2_morphology_candidates/images/temozolomide/candidate_025_display.png,0.861572265625,0.0682906061410904,0.8857082724571228,0.26904505491256714,0.28644534945487976,0.30306145548820496,0.16614235937595367,0.17011041939258575,0.17181119322776794,0.19133256375789642,0.5015448331832886,0.8254146575927734,0.07905897498130798,0.9156085252761841,0.29539260268211365,0.3307257443666458,0.2809608727693558,0.15019185841083527,0.18188033998012543,0.18387971818447113,0.20530041307210922,0.5010227262973785
temozolomide,26,-0.39177112247243984,CPFLOW/comparison_outputs/full44_imageft2_morphology_candidates/images/temozolomide/candidate_026_raw.png,CPFLOW/comparison_outputs/full44_imageft2_morphology_candidates/images/temozolomide/candidate_026_display.png,0.892242431640625,0.07220414280891418,0.8782526254653931,0.29762697219848633,0.3471018671989441,0.3218652009963989,0.17647096514701843,0.17131182551383972,0.17932641506195068,0.2004372924566269,0.5056568384170532,0.8254146575927734,0.07905897498130798,0.9156085252761841,0.29539260268211365,0.3307257443666458,0.2809608727693558,0.15019185841083527,0.18188033998012543,0.18387971818447113,0.20530041307210922,0.5010227262973785
temozolomide,27,-1.118359620913613,CPFLOW/comparison_outputs/full44_imageft2_morphology_candidates/images/temozolomide/candidate_027_raw.png,CPFLOW/comparison_outputs/full44_imageft2_morphology_candidates/images/temozolomide/candidate_027_display.png,0.5975914001464844,0.06756706535816193,0.9024568796157837,0.205086350440979,0.2147270292043686,0.22357559204101562,0.13366231322288513,0.199052631855011,0.2061205506324768,0.17945033311843872,0.5084624886512756,0.8254146575927734,0.07905897498130798,0.9156085252761841,0.29539260268211365,0.3307257443666458,0.2809608727693558,0.15019185841083527,0.18188033998012543,0.18387971818447113,0.20530041307210922,0.5010227262973785
temozolomide,28,-0.17732009290351639,CPFLOW/comparison_outputs/full44_imageft2_morphology_candidates/images/temozolomide/candidate_028_raw.png,CPFLOW/comparison_outputs/full44_imageft2_morphology_candidates/images/temozolomide/candidate_028_display.png,0.8261184692382812,0.07207033783197403,0.8776927590370178,0.2753794193267822,0.333469033241272,0.30251285433769226,0.18092451989650726,0.1889009177684784,0.1922299712896347,0.19702854752540588,0.5021780133247375,0.8254146575927734,0.07905897498130798,0.9156085252761841,0.29539260268211365,0.3307257443666458,0.2809608727693558,0.15019185841083527,0.18188033998012543,0.18387971818447113,0.20530041307210922,0.5010227262973785
temozolomide,29,-0.42335608397699,CPFLOW/comparison_outputs/full44_imageft2_morphology_candidates/images/temozolomide/candidate_029_raw.png,CPFLOW/comparison_outputs/full44_imageft2_morphology_candidates/images/temozolomide/candidate_029_display.png,0.902496337890625,0.07097966223955154,0.9069170355796814,0.2915523052215576,0.3407662510871887,0.32295259833335876,0.18829789757728577,0.16703306138515472,0.17321765422821045,0.20838108658790588,0.5080889463424683,0.8254146575927734,0.07905897498130798,0.9156085252761841,0.29539260268211365,0.3307257443666458,0.2809608727693558,0.15019185841083527,0.18188033998012543,0.18387971818447113,0.20530041307210922,0.5010227262973785
temozolomide,30,-0.37207132215731165,CPFLOW/comparison_outputs/full44_imageft2_morphology_candidates/images/temozolomide/candidate_030_raw.png,CPFLOW/comparison_outputs/full44_imageft2_morphology_candidates/images/temozolomide/candidate_030_display.png,0.8533592224121094,0.06256314367055893,0.8760678768157959,0.2611474096775055,0.3391047418117523,0.320581316947937,0.1780366748571396,0.1773502677679062,0.18633025884628296,0.18202295899391174,0.5146739482879639,0.8254146575927734,0.07905897498130798,0.9156085252761841,0.29539260268211365,0.3307257443666458,0.2809608727693558,0.15019185841083527,0.18188033998012543,0.18387971818447113,0.20530041307210922,0.5010227262973785
temozolomide,31,-0.46500649976947517,CPFLOW/comparison_outputs/full44_imageft2_morphology_candidates/images/temozolomide/candidate_031_raw.png,CPFLOW/comparison_outputs/full44_imageft2_morphology_candidates/images/temozolomide/candidate_031_display.png,0.8918838500976562,0.06521166115999222,0.8964068293571472,0.28847649693489075,0.3443181812763214,0.34449657797813416,0.18681520223617554,0.17320844531059265,0.17854642868041992,0.20227891206741333,0.508660614490509,0.8254146575927734,0.07905897498130798,0.9156085252761841,0.29539260268211365,0.3307257443666458,0.2809608727693558,0.15019185841083527,0.18188033998012543,0.18387971818447113,0.20530041307210922,0.5010227262973785
ly-294002,0,-0.4447153935954119,CPFLOW/comparison_outputs/full44_imageft2_morphology_candidates/images/ly-294002/candidate_000_raw.png,CPFLOW/comparison_outputs/full44_imageft2_morphology_candidates/images/ly-294002/candidate_000_display.png,0.8915023803710938,0.06697952747344971,0.8806542158126831,0.2966984510421753,0.3262057602405548,0.33455073833465576,0.16109898686408997,0.1659686118364334,0.18046502768993378,0.19435465335845947,0.497963011264801,0.8287181854248047,0.07935856282711029,0.9208958446979523,0.29664966464042664,0.30683520436286926,0.2854893207550049,0.13211265206336975,0.17886580526828766,0.1888715922832489,0.20509023219347,0.4976978451013565
ly-294002,1,-0.18132440646805922,CPFLOW/comparison_outputs/full44_imageft2_morphology_candidates/images/ly-294002/candidate_001_raw.png,CPFLOW/comparison_outputs/full44_imageft2_morphology_candidates/images/ly-294002/candidate_001_display.png,0.8067207336425781,0.0799102783203125,0.9420583844184875,0.32324087619781494,0.3036584258079529,0.3119739592075348,0.12758584320545197,0.19748878479003906,0.21452102065086365,0.2074541300535202,0.5007327198982239,0.8287181854248047,0.07935856282711029,0.9208958446979523,0.29664966464042664,0.30683520436286926,0.2854893207550049,0.13211265206336975,0.17886580526828766,0.1888715922832489,0.20509023219347,0.4976978451013565
ly-294002,2,-0.4637521982382372,CPFLOW/comparison_outputs/full44_imageft2_morphology_candidates/images/ly-294002/candidate_002_raw.png,CPFLOW/comparison_outputs/full44_imageft2_morphology_candidates/images/ly-294002/candidate_002_display.png,0.8944015502929688,0.06411489844322205,0.8821929693222046,0.3143172860145569,0.3248831033706665,0.3382631838321686,0.14183813333511353,0.1689186841249466,0.18796353042125702,0.18981267511844635,0.49432873725891113,0.8287181854248047,0.07935856282711029,0.9208958446979523,0.29664966464042664,0.30683520436286926,0.2854893207550049,0.13211265206336975,0.17886580526828766,0.1888715922832489,0.20509023219347,0.4976978451013565
ly-294002,3,-0.2796208422981083,CPFLOW/comparison_outputs/full44_imageft2_morphology_candidates/images/ly-294002/candidate_003_raw.png,CPFLOW/comparison_outputs/full44_imageft2_morphology_candidates/images/ly-294002/candidate_003_display.png,0.8068084716796875,0.06151668354868889,0.9040767550468445,0.2665802240371704,0.2973443269729614,0.29111412167549133,0.143828883767128,0.1805899739265442,0.18920958042144775,0.183091938495636,0.49711841344833374,0.8287181854248047,0.07935856282711029,0.9208958446979523,0.29664966464042664,0.30683520436286926,0.2854893207550049,0.13211265206336975,0.17886580526828766,0.1888715922832489,0.20509023219347,0.4976978451013565
ly-294002,4,-0.33826976690696453,CPFLOW/comparison_outputs/full44_imageft2_morphology_candidates/images/ly-294002/candidate_004_raw.png,CPFLOW/comparison_outputs/full44_imageft2_morphology_candidates/images/ly-294002/candidate_004_display.png,0.8956298828125,0.07386711239814758,0.9084781408309937,0.3209156394004822,0.3151351809501648,0.28852587938308716,0.11274530738592148,0.1714780628681183,0.16998650133609772,0.18067385256290436,0.5046699643135071,0.8287181854248047,0.07935856282711029,0.9208958446979523,0.29664966464042664,0.30683520436286926,0.2854893207550049,0.13211265206336975,0.17886580526828766,0.1888715922832489,0.20509023219347,0.4976978451013565
ly-294002,5,-0.23901608023176085,CPFLOW/comparison_outputs/full44_imageft2_morphology_candidates/images/ly-294002/candidate_005_raw.png,CPFLOW/comparison_outputs/full44_imageft2_morphology_candidates/images/ly-294002/candidate_005_display.png,0.8305473327636719,0.06781740486621857,0.9269549250602722,0.30307528376579285,0.3244434893131256,0.3343583643436432,0.16677992045879364,0.1880672574043274,0.20120471715927124,0.2172446846961975,0.5115582346916199,0.8287181854248047,0.07935856282711029,0.9208958446979523,0.29664966464042664,0.30683520436286926,0.2854893207550049,0.13211265206336975,0.17886580526828766,0.1888715922832489,0.20509023219347,0.4976978451013565
ly-294002,6,-0.28373520845662625,CPFLOW/comparison_outputs/full44_imageft2_morphology_candidates/images/ly-294002/candidate_006_raw.png,CPFLOW/comparison_outputs/full44_imageft2_morphology_candidates/images/ly-294002/candidate_006_display.png,0.8184432983398438,0.06158504635095596,0.9097012281417847,0.26783913373947144,0.27894625067710876,0.3030140697956085,0.16077576577663422,0.1724213808774948,0.18816010653972626,0.20540477335453033,0.5122650861740112,0.8287181854248047,0.07935856282711029,0.9208958446979523,0.29664966464042664,0.30683520436286926,0.2854893207550049,0.13211265206336975,0.17886580526828766,0.1888715922832489,0.20509023219347,0.4976978451013565
ly-294002,7,-0.7474880835715157,CPFLOW/comparison_outputs/full44_imageft2_morphology_candidates/images/ly-294002/candidate_007_raw.png,CPFLOW/comparison_outputs/full44_imageft2_morphology_candidates/images/ly-294002/candidate_007_display.png,0.7000045776367188,0.056185752153396606,0.9052954912185669,0.23210805654525757,0.27929195761680603,0.2850944697856903,0.1666279286146164,0.19811180233955383,0.21755629777908325,0.18212555348873138,0.47429129481315613,0.8287181854248047,0.07935856282711029,0.9208958446979523,0.29664966464042664,0.30683520436286926,0.2854893207550049,0.13211265206336975,0.17886580526828766,0.1888715922832489,0.20509023219347,0.4976978451013565
ly-294002,8,-0.17295226536128838,CPFLOW/comparison_outputs/full44_imageft2_morphology_candidates/images/ly-294002/candidate_008_raw.png,CPFLOW/comparison_outputs/full44_imageft2_morphology_candidates/images/ly-294002/candidate_008_display.png,0.8388671875,0.07021142542362213,0.9128003716468811,0.2996366620063782,0.2696056067943573,0.27857255935668945,0.12688790261745453,0.1789480745792389,0.1784290373325348,0.19682219624519348,0.5043895840644836,0.8287181854248047,0.07935856282711029,0.9208958446979523,0.29664966464042664,0.30683520436286926,0.2854893207550049,0.13211265206336975,0.17886580526828766,0.1888715922832489,0.20509023219347,0.4976978451013565
ly-294002,9,-3.928860270949649,CPFLOW/comparison_outputs/full44_imageft2_morphology_candidates/images/ly-294002/candidate_009_raw.png,CPFLOW/comparison_outputs/full44_imageft2_morphology_candidates/images/ly-294002/candidate_009_display.png,0.9566726684570312,0.0721665620803833,0.762511670589447,0.3391435444355011,0.387224942445755,0.4046509861946106,0.1897275149822235,0.1575993299484253,0.17182056605815887,0.20313803851604462,0.5051808953285217,0.8287181854248047,0.07935856282711029,0.9208958446979523,0.29664966464042664,0.30683520436286926,0.2854893207550049,0.13211265206336975,0.17886580526828766,0.1888715922832489,0.20509023219347,0.4976978451013565
ly-294002,10,-0.5434106722892573,CPFLOW/comparison_outputs/full44_imageft2_morphology_candidates/images/ly-294002/candidate_010_raw.png,CPFLOW/comparison_outputs/full44_imageft2_morphology_candidates/images/ly-294002/candidate_010_display.png,0.7895278930664062,0.05643981695175171,0.9060936570167542,0.24156610667705536,0.25166112184524536,0.22708763182163239,0.11267174035310745,0.1693350374698639,0.16308808326721191,0.18339858949184418,0.5098764896392822,0.8287181854248047,0.07935856282711029,0.9208958446979523,0.29664966464042664,0.30683520436286926,0.2854893207550049,0.13211265206336975,0.17886580526828766,0.1888715922832489,0.20509023219347,0.4976978451013565
ly-294002,11,-3.5292539397603333,CPFLOW/comparison_outputs/full44_imageft2_morphology_candidates/images/ly-294002/candidate_011_raw.png,CPFLOW/comparison_outputs/full44_imageft2_morphology_candidates/images/ly-294002/candidate_011_display.png,0.9416046142578125,0.08155521750450134,0.8462151288986206,0.32382163405418396,0.3080955147743225,0.3319367468357086,0.1410602480173111,0.16143859922885895,0.1734147071838379,0.19871656596660614,0.5163889527320862,0.8287181854248047,0.07935856282711029,0.9208958446979523,0.29664966464042664,0.30683520436286926,0.2854893207550049,0.13211265206336975,0.17886580526828766,0.1888715922832489,0.20509023219347,0.4976978451013565
ly-294002,12,-0.20616394947849334,CPFLOW/comparison_outputs/full44_imageft2_morphology_candidates/images/ly-294002/candidate_012_raw.png,CPFLOW/comparison_outputs/full44_imageft2_morphology_candidates/images/ly-294002/candidate_012_display.png,0.8308219909667969,0.0655626654624939,0.9214432835578918,0.2998024821281433,0.27616819739341736,0.31393617391586304,0.12413234263658524,0.17451398074626923,0.1971132457256317,0.18784363567829132,0.5147832036018372,0.8287181854248047,0.07935856282711029,0.9208958446979523,0.29664966464042664,0.30683520436286926,0.2854893207550049,0.13211265206336975,0.17886580526828766,0.1888715922832489,0.20509023219347,0.4976978451013565
ly-294002,13,-3.6107293792692556,CPFLOW/comparison_outputs/full44_imageft2_morphology_candidates/images/ly-294002/candidate_013_raw.png,CPFLOW/comparison_outputs/full44_imageft2_morphology_candidates/images/ly-294002/candidate_013_display.png,0.9404792785644531,0.0791718140244484,0.8661679029464722,0.3327547609806061,0.3074764311313629,0.38261422514915466,0.17457324266433716,0.15045125782489777,0.18070009350776672,0.21610890328884125,0.4981195330619812,0.8287181854248047,0.07935856282711029,0.9208958446979523,0.29664966464042664,0.30683520436286926,0.2854893207550049,0.13211265206336975,0.17886580526828766,0.1888715922832489,0.20509023219347,0.4976978451013565
ly-294002,14,-0.454168947483167,CPFLOW/comparison_outputs/full44_imageft2_morphology_candidates/images/ly-294002/candidate_014_raw.png,CPFLOW/comparison_outputs/full44_imageft2_morphology_candidates/images/ly-294002/candidate_014_display.png,0.9120674133300781,0.06568245589733124,0.873417854309082,0.2963620126247406,0.29380980134010315,0.2930475175380707,0.1342831403017044,0.15265010297298431,0.16179201006889343,0.1954922378063202,0.5124527215957642,0.8287181854248047,0.07935856282711029,0.9208958446979523,0.29664966464042664,0.30683520436286926,0.2854893207550049,0.13211265206336975,0.17886580526828766,0.1888715922832489,0.20509023219347,0.4976978451013565
ly-294002,15,-0.5586650932166651,CPFLOW/comparison_outputs/full44_imageft2_morphology_candidates/images/ly-294002/candidate_015_raw.png,CPFLOW/comparison_outputs/full44_imageft2_morphology_candidates/images/ly-294002/candidate_015_display.png,0.9021492004394531,0.06157653033733368,0.8505401015281677,0.2759098410606384,0.32173845171928406,0.31529197096824646,0.16925965249538422,0.1567273586988449,0.16412976384162903,0.19423045217990875,0.5089023113250732,0.8287181854248047,0.07935856282711029,0.9208958446979523,0.29664966464042664,0.30683520436286926,0.2854893207550049,0.13211265206336975,0.17886580526828766,0.1888715922832489,0.20509023219347,0.4976978451013565
ly-294002,16,-0.3771441444636098,CPFLOW/comparison_outputs/full44_imageft2_morphology_candidates/images/ly-294002/candidate_016_raw.png,CPFLOW/comparison_outputs/full44_imageft2_morphology_candidates/images/ly-294002/candidate_016_display.png,0.8966751098632812,0.06895016133785248,0.8888827562332153,0.3003309667110443,0.2898778021335602,0.3043617606163025,0.13555054366588593,0.16240081191062927,0.17098471522331238,0.2004505693912506,0.5032991170883179,0.8287181854248047,0.07935856282711029,0.9208958446979523,0.29664966464042664,0.30683520436286926,0.2854893207550049,0.13211265206336975,0.17886580526828766,0.1888715922832489,0.20509023219347,0.4976978451013565
ly-294002,17,-0.43949373789536816,CPFLOW/comparison_outputs/full44_imageft2_morphology_candidates/images/ly-294002/candidate_017_raw.png,CPFLOW/comparison_outputs/full44_imageft2_morphology_candidates/images/ly-294002/candidate_017_display.png,0.8708686828613281,0.07039129734039307,0.8947889804840088,0.32157042622566223,0.35026511549949646,0.3600529432296753,0.1768399477005005,0.17809730768203735,0.2102593332529068,0.20721326768398285,0.511814296245575,0.8287181854248047,0.07935856282711029,0.9208958446979523,0.29664966464042664,0.30683520436286926,0.2854893207550049,0.13211265206336975,0.17886580526828766,0.1888715922832489,0.20509023219347,0.4976978451013565
ly-294002,18,-0.6922689119815265,CPFLOW/comparison_outputs/full44_imageft2_morphology_candidates/images/ly-294002/candidate_018_raw.png,CPFLOW/comparison_outputs/full44_imageft2_morphology_candidates/images/ly-294002/candidate_018_display.png,0.6936302185058594,0.07364988327026367,0.9317593574523926,0.2850368022918701,0.24182766675949097,0.2538858652114868,0.08855798840522766,0.20429670810699463,0.21445226669311523,0.16539905965328217,0.5097897052764893,0.8287181854248047,0.07935856282711029,0.9208958446979523,0.29664966464042664,0.30683520436286926,0.2854893207550049,0.13211265206336975,0.17886580526828766,0.1888715922832489,0.20509023219347,0.4976978451013565
ly-294002,19,-3.5530822005652998,CPFLOW/comparison_outputs/full44_imageft2_morphology_candidates/images/ly-294002/candidate_019_raw.png,CPFLOW/comparison_outputs/full44_imageft2_morphology_candidates/images/ly-294002/candidate_019_display.png,0.9246673583984375,0.07296605408191681,0.853469967842102,0.3024371564388275,0.31180328130722046,0.3498610854148865,0.17641958594322205,0.15649686753749847,0.17216138541698456,0.20375432074069977,0.5143828392028809,0.8287181854248047,0.07935856282711029,0.9208958446979523,0.29664966464042664,0.30683520436286926,0.2854893207550049,0.13211265206336975,0.17886580526828766,0.1888715922832489,0.20509023219347,0.4976978451013565
ly-294002,20,-0.3866122572732915,CPFLOW/comparison_outputs/full44_imageft2_morphology_candidates/images/ly-294002/candidate_020_raw.png,CPFLOW/comparison_outputs/full44_imageft2_morphology_candidates/images/ly-294002/candidate_020_display.png,0.8749923706054688,0.06746688485145569,0.9002450108528137,0.3062635660171509,0.24538059532642365,0.31674885749816895,0.12803328037261963,0.15632256865501404,0.18030624091625214,0.19869931042194366,0.5051248073577881,0.8287181854248047,0.07935856282711029,0.9208958446979523,0.29664966464042664,0.30683520436286926,0.2854893207550049,0.13211265206336975,0.17886580526828766,0.1888715922832489,0.20509023219347,0.4976978451013565
ly-294002,21,-0.48469241881950564,CPFLOW/comparison_outputs/full44_imageft2_morphology_candidates/images/ly-294002/candidate_021_raw.png,CPFLOW/comparison_outputs/full44_imageft2_morphology_candidates/images/ly-294002/candidate_021_display.png,0.8802146911621094,0.05892816185951233,0.862949788570404,0.26989588141441345,0.27065321803092957,0.2970230281352997,0.1337437480688095,0.14874760806560516,0.17068637907505035,0.17569084465503693,0.513803243637085,0.8287181854248047,0.07935856282711029,0.9208958446979523,0.29664966464042664,0.30683520436286926,0.2854893207550049,0.13211265206336975,0.17886580526828766,0.1888715922832489,0.20509023219347,0.4976978451013565
ly-294002,22,-0.37407527378937183,CPFLOW/comparison_outputs/full44_imageft2_morphology_candidates/images/ly-294002/candidate_022_raw.png,CPFLOW/comparison_outputs/full44_imageft2_morphology_candidates/images/ly-294002/candidate_022_display.png,0.8737335205078125,0.06524055451154709,0.8979910612106323,0.3084988594055176,0.28924107551574707,0.33196544647216797,0.15026938915252686,0.1623566597700119,0.18908770382404327,0.20922191441059113,0.50291508436203,0.8287181854248047,0.07935856282711029,0.9208958446979523,0.29664966464042664,0.30683520436286926,0.2854893207550049,0.13211265206336975,0.17886580526828766,0.1888715922832489,0.20509023219347,0.4976978451013565
ly-294002,23,-3.717638137963039,CPFLOW/comparison_outputs/full44_imageft2_morphology_candidates/images/ly-294002/candidate_023_raw.png,CPFLOW/comparison_outputs/full44_imageft2_morphology_candidates/images/ly-294002/candidate_023_display.png,0.9562187194824219,0.07560747861862183,0.7631173729896545,0.33778223395347595,0.3195277750492096,0.3549550175666809,0.14330074191093445,0.15789559483528137,0.1651182323694229,0.19299209117889404,0.5079025626182556,0.8287181854248047,0.07935856282711029,0.9208958446979523,0.29664966464042664,0.30683520436286926,0.2854893207550049,0.13211265206336975,0.17886580526828766,0.1888715922832489,0.20509023219347,0.4976978451013565
ly-294002,24,-0.4089287684059231,CPFLOW/comparison_outputs/full44_imageft2_morphology_candidates/images/ly-294002/candidate_024_raw.png,CPFLOW/comparison_outputs/full44_imageft2_morphology_candidates/images/ly-294002/candidate_024_display.png,0.9168510437011719,0.07651454210281372,0.901144802570343,0.33306553959846497,0.306433767080307,0.335164338350296,0.13001787662506104,0.16846762597560883,0.18220451474189758,0.19538818299770355,0.5068590044975281,0.8287181854248047,0.07935856282711029,0.9208958446979523,0.29664966464042664,0.30683520436286926,0.2854893207550049,0.13211265206336975,0.17886580526828766,0.1888715922832489,0.20509023219347,0.4976978451013565
ly-294002,25,-0.1876052444657435,CPFLOW/comparison_outputs/full44_imageft2_morphology_candidates/images/ly-294002/candidate_025_raw.png,CPFLOW/comparison_outputs/full44_imageft2_morphology_candidates/images/ly-294002/candidate_025_display.png,0.8487586975097656,0.07335637509822845,0.9002174735069275,0.31056666374206543,0.2901459336280823,0.2892255485057831,0.11842309683561325,0.18018139898777008,0.173177570104599,0.19418616592884064,0.504885733127594,0.8287181854248047,0.07935856282711029,0.9208958446979523,0.29664966464042664,0.30683520436286926,0.2854893207550049,0.13211265206336975,0.17886580526828766,0.1888715922832489,0.20509023219347,0.4976978451013565
ly-294002,26,-3.7144125639913494,CPFLOW/comparison_outputs/full44_imageft2_morphology_candidates/images/ly-294002/candidate_026_raw.png,CPFLOW/comparison_outputs/full44_imageft2_morphology_candidates/images/ly-294002/candidate_026_display.png,0.9214553833007812,0.05935896933078766,0.8266454339027405,0.2480556070804596,0.26127883791923523,0.2994094789028168,0.1653514802455902,0.1373598873615265,0.15236720442771912,0.18956609070301056,0.49298590421676636,0.8287181854248047,0.07935856282711029,0.9208958446979523,0.29664966464042664,0.30683520436286926,0.2854893207550049,0.13211265206336975,0.17886580526828766,0.1888715922832489,0.20509023219347,0.4976978451013565
ly-294002,27,-0.24991638175668407,CPFLOW/comparison_outputs/full44_imageft2_morphology_candidates/images/ly-294002/candidate_027_raw.png,CPFLOW/comparison_outputs/full44_imageft2_morphology_candidates/images/ly-294002/candidate_027_display.png,0.8361625671386719,0.06633810698986053,0.9132011532783508,0.2675323486328125,0.31672289967536926,0.32215020060539246,0.16480329632759094,0.17889440059661865,0.1911671906709671,0.1882225126028061,0.496267706155777,0.8287181854248047,0.07935856282711029,0.9208958446979523,0.29664966464042664,0.30683520436286926,0.2854893207550049,0.13211265206336975,0.17886580526828766,0.1888715922832489,0.20509023219347,0.4976978451013565
ly-294002,28,-0.33326320816907123,CPFLOW/comparison_outputs/full44_imageft2_morphology_candidates/images/ly-294002/candidate_028_raw.png,CPFLOW/comparison_outputs/full44_imageft2_morphology_candidates/images/ly-294002/candidate_028_display.png,0.7756004333496094,0.07552831619977951,0.9431957602500916,0.2978551387786865,0.2818301022052765,0.3235296905040741,0.1474204808473587,0.18998031318187714,0.22024929523468018,0.21451376378536224,0.5020173192024231,0.8287181854248047,0.07935856282711029,0.9208958446979523,0.29664966464042664,0.30683520436286926,0.2854893207550049,0.13211265206336975,0.17886580526828766,0.1888715922832489,0.20509023219347,0.4976978451013565
ly-294002,29,-0.3566064987755354,CPFLOW/comparison_outputs/full44_imageft2_morphology_candidates/images/ly-294002/candidate_029_raw.png,CPFLOW/comparison_outputs/full44_imageft2_morphology_candidates/images/ly-294002/candidate_029_display.png,0.7863998413085938,0.06605455279350281,0.9084083437919617,0.24135293066501617,0.3011762797832489,0.2697789669036865,0.16645513474941254,0.18361328542232513,0.1805988848209381,0.19408760964870453,0.49955862760543823,0.8287181854248047,0.07935856282711029,0.9208958446979523,0.29664966464042664,0.30683520436286926,0.2854893207550049,0.13211265206336975,0.17886580526828766,0.1888715922832489,0.20509023219347,0.4976978451013565
ly-294002,30,-0.3282028109535263,CPFLOW/comparison_outputs/full44_imageft2_morphology_candidates/images/ly-294002/candidate_030_raw.png,CPFLOW/comparison_outputs/full44_imageft2_morphology_candidates/images/ly-294002/candidate_030_display.png,0.8420753479003906,0.0703178346157074,0.9231999516487122,0.3283122777938843,0.36576467752456665,0.3473852276802063,0.14928166568279266,0.1982516497373581,0.20863214135169983,0.19440387189388275,0.5103901028633118,0.8287181854248047,0.07935856282711029,0.9208958446979523,0.29664966464042664,0.30683520436286926,0.2854893207550049,0.13211265206336975,0.17886580526828766,0.1888715922832489,0.20509023219347,0.4976978451013565
ly-294002,31,-0.4413673492017023,CPFLOW/comparison_outputs/full44_imageft2_morphology_candidates/images/ly-294002/candidate_031_raw.png,CPFLOW/comparison_outputs/full44_imageft2_morphology_candidates/images/ly-294002/candidate_031_display.png,0.7506599426269531,0.07454024255275726,0.9233745336532593,0.28570204973220825,0.21266821026802063,0.28220170736312866,0.11299096792936325,0.18466800451278687,0.20517931878566742,0.1911499798297882,0.5052493810653687,0.8287181854248047,0.07935856282711029,0.9208958446979523,0.29664966464042664,0.30683520436286926,0.2854893207550049,0.13211265206336975,0.17886580526828766,0.1888715922832489,0.20509023219347,0.4976978451013565
sb-202190,0,-3.8418290475119816,CPFLOW/comparison_outputs/full44_imageft2_morphology_candidates/images/sb-202190/candidate_000_raw.png,CPFLOW/comparison_outputs/full44_imageft2_morphology_candidates/images/sb-202190/candidate_000_display.png,0.9357452392578125,0.05561791732907295,0.8765374422073364,0.32537931203842163,0.31334903836250305,0.3611453175544739,0.17015127837657928,0.15346713364124298,0.17072553932666779,0.21732506155967712,0.4919712245464325,0.7749862670898438,0.06791176646947861,0.9264909029006958,0.2888423204421997,0.31851255893707275,0.28668200969696045,0.13721531629562378,0.19355689734220505,0.19723725318908691,0.20474781841039658,0.5015760660171509
sb-202190,1,-0.702032804334511,CPFLOW/comparison_outputs/full44_imageft2_morphology_candidates/images/sb-202190/candidate_001_raw.png,CPFLOW/comparison_outputs/full44_imageft2_morphology_candidates/images/sb-202190/candidate_001_display.png,0.8930206298828125,0.050867997109889984,0.8760575652122498,0.2885546088218689,0.30351075530052185,0.33809465169906616,0.1724918782711029,0.14932583272457123,0.18523485958576202,0.20684099197387695,0.4860575199127197,0.7749862670898438,0.06791176646947861,0.9264909029006958,0.2888423204421997,0.31851255893707275,0.28668200969696045,0.13721531629562378,0.19355689734220505,0.19723725318908691,0.20474781841039658,0.5015760660171509
sb-202190,2,-0.3766567284050592,CPFLOW/comparison_outputs/full44_imageft2_morphology_candidates/images/sb-202190/candidate_002_raw.png,CPFLOW/comparison_outputs/full44_imageft2_morphology_candidates/images/sb-202190/candidate_002_display.png,0.8102226257324219,0.056654684245586395,0.9060352444648743,0.29273778200149536,0.2713897228240967,0.3334245979785919,0.15627442300319672,0.17122705280780792,0.20835916697978973,0.20201009511947632,0.48527154326438904,0.7749862670898438,0.06791176646947861,0.9264909029006958,0.2888423204421997,0.31851255893707275,0.28668200969696045,0.13721531629562378,0.19355689734220505,0.19723725318908691,0.20474781841039658,0.5015760660171509
sb-202190,3,-3.988891848271083,CPFLOW/comparison_outputs/full44_imageft2_morphology_candidates/images/sb-202190/candidate_003_raw.png,CPFLOW/comparison_outputs/full44_imageft2_morphology_candidates/images/sb-202190/candidate_003_display.png,0.9395751953125,0.05625446140766144,0.8802769184112549,0.32005929946899414,0.3925458788871765,0.3980063199996948,0.19847704470157623,0.16535334289073944,0.17471708357334137,0.21554940938949585,0.49120426177978516,0.7749862670898438,0.06791176646947861,0.9264909029006958,0.2888423204421997,0.31851255893707275,0.28668200969696045,0.13721531629562378,0.19355689734220505,0.19723725318908691,0.20474781841039658,0.5015760660171509
sb-202190,4,-3.774164993723368,CPFLOW/comparison_outputs/full44_imageft2_morphology_candidates/images/sb-202190/candidate_004_raw.png,CPFLOW/comparison_outputs/full44_imageft2_morphology_candidates/images/sb-202190/candidate_004_display.png,0.9331092834472656,0.05782672017812729,0.8256236910820007,0.2779405117034912,0.3192056715488434,0.30761969089508057,0.16851752996444702,0.14504896104335785,0.15178532898426056,0.20374399423599243,0.5007733106613159,0.7749862670898438,0.06791176646947861,0.9264909029006958,0.2888423204421997,0.31851255893707275,0.28668200969696045,0.13721531629562378,0.19355689734220505,0.19723725318908691,0.20474781841039658,0.5015760660171509
sb-202190,5,-0.582155681052501,CPFLOW/comparison_outputs/full44_imageft2_morphology_candidates/images/sb-202190/candidate_005_raw.png,CPFLOW/comparison_outputs/full44_imageft2_morphology_candidates/images/sb-202190/candidate_005_display.png,0.8632316589355469,0.05868039280176163,0.9038108587265015,0.3168679475784302,0.3410068452358246,0.3774504065513611,0.17468902468681335,0.17772403359413147,0.21018873155117035,0.2008005827665329,0.48799940943717957,0.7749862670898438,0.06791176646947861,0.9264909029006958,0.2888423204421997,0.31851255893707275,0.28668200969696045,0.13721531629562378,0.19355689734220505,0.19723725318908691,0.20474781841039658,0.5015760660171509
sb-202190,6,-0.5638950910198246,CPFLOW/comparison_outputs/full44_imageft2_morphology_candidates/images/sb-202190/candidate_006_raw.png,CPFLOW/comparison_outputs/full44_imageft2_morphology_candidates/images/sb-202190/candidate_006_display.png,0.8867835998535156,0.06315018236637115,0.9313321709632874,0.3455159664154053,0.3049931526184082,0.35927698016166687,0.14704936742782593,0.17322245240211487,0.2060510814189911,0.21531225740909576,0.5159828662872314,0.7749862670898438,0.06791176646947861,0.9264909029006958,0.2888423204421997,0.31851255893707275,0.28668200969696045,0.13721531629562378,0.19355689734220505,0.19723725318908691,0.20474781841039658,0.5015760660171509
sb-202190,7,-0.6635955770306203,CPFLOW/comparison_outputs/full44_imageft2_morphology_candidates/images/sb-202190/candidate_007_raw.png,CPFLOW/comparison_outputs/full44_imageft2_morphology_candidates/images/sb-202190/candidate_007_display.png,0.8856544494628906,0.05564556643366814,0.8923530578613281,0.2853069603443146,0.2827293574810028,0.31682127714157104,0.18408066034317017,0.1484091877937317,0.17104122042655945,0.22839875519275665,0.4926401376724243,0.7749862670898438,0.06791176646947861,0.9264909029006958,0.2888423204421997,0.31851255893707275,0.28668200969696045,0.13721531629562378,0.19355689734220505,0.19723725318908691,0.20474781841039658,0.5015760660171509
sb-202190,8,-0.3165883919044761,CPFLOW/comparison_outputs/full44_imageft2_morphology_candidates/images/sb-202190/candidate_008_raw.png,CPFLOW/comparison_outputs/full44_imageft2_morphology_candidates/images/sb-202190/candidate_008_display.png,0.7240447998046875,0.0602332167327404,0.9282834529876709,0.28209975361824036,0.29448458552360535,0.26858267188072205,0.12801137566566467,0.21417461335659027,0.21164749562740326,0.18929240107536316,0.4991019368171692,0.7749862670898438,0.06791176646947861,0.9264909029006958,0.2888423204421997,0.31851255893707275,0.28668200969696045,0.13721531629562378,0.19355689734220505,0.19723725318908691,0.20474781841039658,0.5015760660171509
sb-202190,9,-0.5667350723453143,CPFLOW/comparison_outputs/full44_imageft2_morphology_candidates/images/sb-202190/candidate_009_raw.png,CPFLOW/comparison_outputs/full44_imageft2_morphology_candidates/images/sb-202190/candidate_009_display.png,0.8745079040527344,0.0657971203327179,0.9035383462905884,0.32668522000312805,0.24411819875240326,0.34383881092071533,0.1273317188024521,0.15837645530700684,0.20168615877628326,0.19582273066043854,0.502030611038208,0.7749862670898438,0.06791176646947861,0.9264909029006958,0.2888423204421997,0.31851255893707275,0.28668200969696045,0.13721531629562378,0.19355689734220505,0.19723725318908691,0.20474781841039658,0.5015760660171509
sb-202190,10,-0.6322788458083932,CPFLOW/comparison_outputs/full44_imageft2_morphology_candidates/images/sb-202190/candidate_010_raw.png,CPFLOW/comparison_outputs/full44_imageft2_morphology_candidates/images/sb-202190/candidate_010_display.png,0.879608154296875,0.04737637937068939,0.906441330909729,0.2751729190349579,0.31460627913475037,0.3142254054546356,0.1670815497636795,0.163255512714386,0.1763603836297989,0.20758211612701416,0.4905899465084076,0.7749862670898438,0.06791176646947861,0.9264909029006958,0.2888423204421997,0.31851255893707275,0.28668200969696045,0.13721531629562378,0.19355689734220505,0.19723725318908691,0.20474781841039658,0.5015760660171509
sb-202190,11,-0.4754741967280984,CPFLOW/comparison_outputs/full44_imageft2_morphology_candidates/images/sb-202190/candidate_011_raw.png,CPFLOW/comparison_outputs/full44_imageft2_morphology_candidates/images/sb-202190/candidate_011_display.png,0.8390350341796875,0.051462285220623016,0.8933720588684082,0.2740965187549591,0.32636159658432007,0.32202520966529846,0.1585419476032257,0.1785944104194641,0.19140158593654633,0.18422293663024902,0.4938535690307617,0.7749862670898438,0.06791176646947861,0.9264909029006958,0.2888423204421997,0.31851255893707275,0.28668200969696045,0.13721531629562378,0.19355689734220505,0.19723725318908691,0.20474781841039658,0.5015760660171509
sb-202190,12,-0.6165901347786493,CPFLOW/comparison_outputs/full44_imageft2_morphology_candidates/images/sb-202190/candidate_012_raw.png,CPFLOW/comparison_outputs/full44_imageft2_morphology_candidates/images/sb-202190/candidate_012_display.png,0.9015731811523438,0.0625980794429779,0.902413547039032,0.3235599398612976,0.32427623867988586,0.36446094512939453,0.16012299060821533,0.17131786048412323,0.1920364797115326,0.2017471343278885,0.4941636025905609,0.7749862670898438,0.06791176646947861,0.9264909029006958,0.2888423204421997,0.31851255893707275,0.28668200969696045,0.13721531629562378,0.19355689734220505,0.19723725318908691,0.20474781841039658,0.5015760660171509
sb-202190,13,-0.4201822319985924,CPFLOW/comparison_outputs/full44_imageft2_morphology_candidates/images/sb-202190/candidate_013_raw.png,CPFLOW/comparison_outputs/full44_imageft2_morphology_candidates/images/sb-202190/candidate_013_display.png,0.8380279541015625,0.06096901372075081,0.9145505428314209,0.28209981322288513,0.2808750867843628,0.2332352250814438,0.14385682344436646,0.17628896236419678,0.15682201087474823,0.21122296154499054,0.5025495886802673,0.7749862670898438,0.06791176646947861,0.9264909029006958,0.2888423204421997,0.31851255893707275,0.28668200969696045,0.13721531629562378,0.19355689734220505,0.19723725318908691,0.20474781841039658,0.5015760660171509
sb-202190,14,-0.6362148118806358,CPFLOW/comparison_outputs/full44_imageft2_morphology_candidates/images/sb-202190/candidate_014_raw.png,CPFLOW/comparison_outputs/full44_imageft2_morphology_candidates/images/sb-202190/candidate_014_display.png,0.68377685546875,0.04885143041610718,0.8928176164627075,0.22542127966880798,0.2899854779243469,0.2626005709171295,0.16434353590011597,0.20742975175380707,0.2046424001455307,0.1910160481929779,0.4865562319755554,0.7749862670898438,0.06791176646947861,0.9264909029006958,0.2888423204421997,0.31851255893707275,0.28668200969696045,0.13721531629562378,0.19355689734220505,0.19723725318908691,0.20474781841039658,0.5015760660171509
sb-202190,15,-0.37032588937960254,CPFLOW/comparison_outputs/full44_imageft2_morphology_candidates/images/sb-202190/candidate_015_raw.png,CPFLOW/comparison_outputs/full44_imageft2_morphology_candidates/images/sb-202190/candidate_015_display.png,0.8458900451660156,0.06844384968280792,0.9001768231391907,0.30948320031166077,0.34052541851997375,0.33192795515060425,0.16092149913311005,0.1910945177078247,0.19969306886196136,0.19966919720172882,0.49381643533706665,0.7749862670898438,0.06791176646947861,0.9264909029006958,0.2888423204421997,0.31851255893707275,0.28668200969696045,0.13721531629562378,0.19355689734220505,0.19723725318908691,0.20474781841039658,0.5015760660171509
sb-202190,16,-0.8755390262420468,CPFLOW/comparison_outputs/full44_imageft2_morphology_candidates/images/sb-202190/candidate_016_raw.png,CPFLOW/comparison_outputs/full44_imageft2_morphology_candidates/images/sb-202190/candidate_016_display.png,0.9194679260253906,0.05794328451156616,0.908616304397583,0.3493766486644745,0.349320650100708,0.42404904961586,0.19555220007896423,0.1709597259759903,0.1952701210975647,0.220430389046669,0.4905511736869812,0.7749862670898438,0.06791176646947861,0.9264909029006958,0.2888423204421997,0.31851255893707275,0.28668200969696045,0.13721531629562378,0.19355689734220505,0.19723725318908691,0.20474781841039658,0.5015760660171509
sb-202190,17,-0.7685469700815244,CPFLOW/comparison_outputs/full44_imageft2_morphology_candidates/images/sb-202190/candidate_017_raw.png,CPFLOW/comparison_outputs/full44_imageft2_morphology_candidates/images/sb-202190/candidate_017_display.png,0.9032859802246094,0.0575491264462471,0.8845102787017822,0.3081602454185486,0.3371380567550659,0.37893667817115784,0.19984690845012665,0.15668512880802155,0.19105690717697144,0.2239847630262375,0.5025056600570679,0.7749862670898438,0.06791176646947861,0.9264909029006958,0.2888423204421997,0.31851255893707275,0.28668200969696045,0.13721531629562378,0.19355689734220505,0.19723725318908691,0.20474781841039658,0.5015760660171509
sb-202190,18,-0.3735195758007519,CPFLOW/comparison_outputs/full44_imageft2_morphology_candidates/images/sb-202190/candidate_018_raw.png,CPFLOW/comparison_outputs/full44_imageft2_morphology_candidates/images/sb-202190/candidate_018_display.png,0.8098907470703125,0.051372721791267395,0.8966599106788635,0.2921091914176941,0.2979946434497833,0.27969786524772644,0.10661749541759491,0.18198025226593018,0.18781399726867676,0.17853395640850067,0.5218321084976196,0.7749862670898438,0.06791176646947861,0.9264909029006958,0.2888423204421997,0.31851255893707275,0.28668200969696045,0.13721531629562378,0.19355689734220505,0.19723725318908691,0.20474781841039658,0.5015760660171509
sb-202190,19,-0.5584806795746697,CPFLOW/comparison_outputs/full44_imageft2_morphology_candidates/images/sb-202190/candidate_019_raw.png,CPFLOW/comparison_outputs/full44_imageft2_morphology_candidates/images/sb-202190/candidate_019_display.png,0.7209053039550781,0.056853003799915314,0.8967941999435425,0.24095454812049866,0.18529295921325684,0.2638334631919861,0.12656337022781372,0.14663775265216827,0.19771429896354675,0.1875317096710205,0.4992651045322418,0.7749862670898438,0.06791176646947861,0.9264909029006958,0.2888423204421997,0.31851255893707275,0.28668200969696045,0.13721531629562378,0.19355689734220505,0.19723725318908691,0.20474781841039658,0.5015760660171509
sb-202190,20,-3.7141686962301064,CPFLOW/comparison_outputs/full44_imageft2_morphology_candidates/images/sb-202190/candidate_020_raw.png,CPFLOW/comparison_outputs/full44_imageft2_morphology_candidates/images/sb-202190/candidate_020_display.png,0.9246635437011719,0.057173892855644226,0.8604966402053833,0.28516507148742676,0.2879032492637634,0.2767411172389984,0.13352195918560028,0.14873835444450378,0.15586541593074799,0.1905895471572876,0.5177479982376099,0.7749862670898438,0.06791176646947861,0.9264909029006958,0.2888423204421997,0.31851255893707275,0.28668200969696045,0.13721531629562378,0.19355689734220505,0.19723725318908691,0.20474781841039658,0.5015760660171509
sb-202190,21,-0.6326640591449886,CPFLOW/comparison_outputs/full44_imageft2_morphology_candidates/images/sb-202190/candidate_021_raw.png,CPFLOW/comparison_outputs/full44_imageft2_morphology_candidates/images/sb-202190/candidate_021_display.png,0.8719215393066406,0.052442796528339386,0.8457314968109131,0.2584865391254425,0.2948142886161804,0.2776617705821991,0.15722063183784485,0.14842605590820312,0.16243678331375122,0.19832630455493927,0.5045631527900696,0.7749862670898438,0.06791176646947861,0.9264909029006958,0.2888423204421997,0.31851255893707275,0.28668200969696045,0.13721531629562378,0.19355689734220505,0.19723725318908691,0.20474781841039658,0.5015760660171509
sb-202190,22,-0.6289051090811126,CPFLOW/comparison_outputs/full44_imageft2_morphology_candidates/images/sb-202190/candidate_022_raw.png,CPFLOW/comparison_outputs/full44_imageft2_morphology_candidates/images/sb-202190/candidate_022_display.png,0.8950691223144531,0.06585526466369629,0.9061676859855652,0.32761117815971375,0.24695156514644623,0.33730724453926086,0.14583450555801392,0.1542387157678604,0.18188691139221191,0.22012794017791748,0.5120756030082703,0.7749862670898438,0.06791176646947861,0.9264909029006958,0.2888423204421997,0.31851255893707275,0.28668200969696045,0.13721531629562378,0.19355689734220505,0.19723725318908691,0.20474781841039658,0.5015760660171509
sb-202190,23,-0.34377329041079935,CPFLOW/comparison_outputs/full44_imageft2_morphology_candidates/images/sb-202190/candidate_023_raw.png,CPFLOW/comparison_outputs/full44_imageft2_morphology_candidates/images/sb-202190/candidate_023_display.png,0.8043975830078125,0.051130544394254684,0.9269056916236877,0.28045013546943665,0.32814592123031616,0.32780998945236206,0.16711163520812988,0.19847407937049866,0.20530475676059723,0.20573967695236206,0.47998687624931335,0.7749862670898438,0.06791176646947861,0.9264909029006958,0.2888423204421997,0.31851255893707275,0.28668200969696045,0.13721531629562378,0.19355689734220505,0.19723725318908691,0.20474781841039658,0.5015760660171509
sb-202190,24,-0.4861853876328843,CPFLOW/comparison_outputs/full44_imageft2_morphology_candidates/images/sb-202190/candidate_024_raw.png,CPFLOW/comparison_outputs/full44_imageft2_morphology_candidates/images/sb-202190/candidate_024_display.png,0.88232421875,0.0638650506734848,0.877600908279419,0.30408498644828796,0.30748823285102844,0.30687370896339417,0.1352359652519226,0.16536454856395721,0.1722557693719864,0.19748583436012268,0.5041453838348389,0.7749862670898438,0.06791176646947861,0.9264909029006958,0.2888423204421997,0.31851255893707275,0.28668200969696045,0.13721531629562378,0.19355689734220505,0.19723725318908691,0.20474781841039658,0.5015760660171509
sb-202190,25,-0.683435136359237,CPFLOW/comparison_outputs/full44_imageft2_morphology_candidates/images/sb-202190/candidate_025_raw.png,CPFLOW/comparison_outputs/full44_imageft2_morphology_candidates/images/sb-202190/candidate_025_display.png,0.8796463012695312,0.06047002598643303,0.86707603931427,0.27425605058670044,0.36357325315475464,0.34327420592308044,0.21848300099372864,0.1706448793411255,0.18164782226085663,0.2129768282175064,0.49151283502578735,0.7749862670898438,0.06791176646947861,0.9264909029006958,0.2888423204421997,0.31851255893707275,0.28668200969696045,0.13721531629562378,0.19355689734220505,0.19723725318908691,0.20474781841039658,0.5015760660171509
sb-202190,26,-0.46771116657060696,CPFLOW/comparison_outputs/full44_imageft2_morphology_candidates/images/sb-202190/candidate_026_raw.png,CPFLOW/comparison_outputs/full44_imageft2_morphology_candidates/images/sb-202190/candidate_026_display.png,0.7161026000976562,0.05070525407791138,0.8990987539291382,0.2591556906700134,0.2780437171459198,0.2825204133987427,0.12416312098503113,0.19341157376766205,0.21622949838638306,0.18091291189193726,0.47565165162086487,0.7749862670898438,0.06791176646947861,0.9264909029006958,0.2888423204421997,0.31851255893707275,0.28668200969696045,0.13721531629562378,0.19355689734220505,0.19723725318908691,0.20474781841039658,0.5015760660171509
sb-202190,27,-3.8326833570525283,CPFLOW/comparison_outputs/full44_imageft2_morphology_candidates/images/sb-202190/candidate_027_raw.png,CPFLOW/comparison_outputs/full44_imageft2_morphology_candidates/images/sb-202190/candidate_027_display.png,0.9463119506835938,0.07725700736045837,0.8488359451293945,0.3666102886199951,0.32589659094810486,0.34587952494621277,0.147455096244812,0.17306122183799744,0.1748538613319397,0.2157624363899231,0.4965972900390625,0.7749862670898438,0.06791176646947861,0.9264909029006958,0.2888423204421997,0.31851255893707275,0.28668200969696045,0.13721531629562378,0.19355689734220505,0.19723725318908691,0.20474781841039658,0.5015760660171509
sb-202190,28,-0.43275939139129466,CPFLOW/comparison_outputs/full44_imageft2_morphology_candidates/images/sb-202190/candidate_028_raw.png,CPFLOW/comparison_outputs/full44_imageft2_morphology_candidates/images/sb-202190/candidate_028_display.png,0.6990547180175781,0.06972827017307281,0.9332361221313477,0.27747902274131775,0.26009735465049744,0.2603864371776581,0.10130142420530319,0.20242536067962646,0.2140999436378479,0.18399693071842194,0.4963749945163727,0.7749862670898438,0.06791176646947861,0.9264909029006958,0.2888423204421997,0.31851255893707275,0.28668200969696045,0.13721531629562378,0.19355689734220505,0.19723725318908691,0.20474781841039658,0.5015760660171509
sb-202190,29,-0.6495900375863816,CPFLOW/comparison_outputs/full44_imageft2_morphology_candidates/images/sb-202190/candidate_029_raw.png,CPFLOW/comparison_outputs/full44_imageft2_morphology_candidates/images/sb-202190/candidate_029_display.png,0.9091377258300781,0.05780503526329994,0.8825845122337341,0.2877042293548584,0.2920946478843689,0.2613201439380646,0.13009174168109894,0.16117100417613983,0.15345989167690277,0.19542253017425537,0.5090392827987671,0.7749862670898438,0.06791176646947861,0.9264909029006958,0.2888423204421997,0.31851255893707275,0.28668200969696045,0.13721531629562378,0.19355689734220505,0.19723725318908691,0.20474781841039658,0.5015760660171509
sb-202190,30,-0.536654324259659,CPFLOW/comparison_outputs/full44_imageft2_morphology_candidates/images/sb-202190/candidate_030_raw.png,CPFLOW/comparison_outputs/full44_imageft2_morphology_candidates/images/sb-202190/candidate_030_display.png,0.8606796264648438,0.05839931592345238,0.901145875453949,0.3103179633617401,0.3639005124568939,0.3407897353172302,0.17357628047466278,0.1911579966545105,0.1946459412574768,0.20494304597377777,0.4981580376625061,0.7749862670898438,0.06791176646947861,0.9264909029006958,0.2888423204421997,0.31851255893707275,0.28668200969696045,0.13721531629562378,0.19355689734220505,0.19723725318908691,0.20474781841039658,0.5015760660171509
sb-202190,31,-0.5765389861704805,CPFLOW/comparison_outputs/full44_imageft2_morphology_candidates/images/sb-202190/candidate_031_raw.png,CPFLOW/comparison_outputs/full44_imageft2_morphology_candidates/images/sb-202190/candidate_031_display.png,0.6936225891113281,0.04495486617088318,0.9230642914772034,0.25677451491355896,0.30014505982398987,0.29147210717201233,0.16732746362686157,0.2174108475446701,0.22100326418876648,0.2040160447359085,0.5137003064155579,0.7749862670898438,0.06791176646947861,0.9264909029006958,0.2888423204421997,0.31851255893707275,0.28668200969696045,0.13721531629562378,0.19355689734220505,0.19723725318908691,0.20474781841039658,0.5015760660171509
alsterpaullone,0,-3.191820441307422,CPFLOW/comparison_outputs/full44_imageft2_morphology_candidates/images/alsterpaullone/candidate_000_raw.png,CPFLOW/comparison_outputs/full44_imageft2_morphology_candidates/images/alsterpaullone/candidate_000_display.png,0.958953857421875,0.07341232150793076,0.7796160578727722,0.30141595005989075,0.31672897934913635,0.38998302817344666,0.2003079503774643,0.1568192094564438,0.1596270501613617,0.20260639488697052,0.5157416462898254,0.9595413208007812,0.08189491555094719,0.8025775849819183,0.2979739308357239,0.3157338947057724,0.32939472794532776,0.1725362315773964,0.1647823378443718,0.15822146087884903,0.2019316479563713,0.4995710998773575
alsterpaullone,1,-3.2490155732071258,CPFLOW/comparison_outputs/full44_imageft2_morphology_candidates/images/alsterpaullone/candidate_001_raw.png,CPFLOW/comparison_outputs/full44_imageft2_morphology_candidates/images/alsterpaullone/candidate_001_display.png,0.9592323303222656,0.06701033562421799,0.7921619415283203,0.28562289476394653,0.33047837018966675,0.26183563470840454,0.18316246569156647,0.15641780197620392,0.14661157131195068,0.1961084008216858,0.4963417649269104,0.9595413208007812,0.08189491555094719,0.8025775849819183,0.2979739308357239,0.3157338947057724,0.32939472794532776,0.1725362315773964,0.1647823378443718,0.15822146087884903,0.2019316479563713,0.4995710998773575
alsterpaullone,2,-3.3450377275803826,CPFLOW/comparison_outputs/full44_imageft2_morphology_candidates/images/alsterpaullone/candidate_002_raw.png,CPFLOW/comparison_outputs/full44_imageft2_morphology_candidates/images/alsterpaullone/candidate_002_display.png,0.9843711853027344,0.06988664716482162,0.7287986278533936,0.3143947422504425,0.2653331756591797,0.35640713572502136,0.16724073886871338,0.14390116930007935,0.15265031158924103,0.2000257968902588,0.5024198293685913,0.9595413208007812,0.08189491555094719,0.8025775849819183,0.2979739308357239,0.3157338947057724,0.32939472794532776,0.1725362315773964,0.1647823378443718,0.15822146087884903,0.2019316479563713,0.4995710998773575
alsterpaullone,3,-3.2755105027332485,CPFLOW/comparison_outputs/full44_imageft2_morphology_candidates/images/alsterpaullone/candidate_003_raw.png,CPFLOW/comparison_outputs/full44_imageft2_morphology_candidates/images/alsterpaullone/candidate_003_display.png,0.9794960021972656,0.08031432330608368,0.7410517334938049,0.31462448835372925,0.3113222122192383,0.3952137529850006,0.2115449458360672,0.1576882302761078,0.16340748965740204,0.20717644691467285,0.5011075139045715,0.9595413208007812,0.08189491555094719,0.8025775849819183,0.2979739308357239,0.3157338947057724,0.32939472794532776,0.1725362315773964,0.1647823378443718,0.15822146087884903,0.2019316479563713,0.4995710998773575
alsterpaullone,4,-3.229120426695631,CPFLOW/comparison_outputs/full44_imageft2_morphology_candidates/images/alsterpaullone/candidate_004_raw.png,CPFLOW/comparison_outputs/full44_imageft2_morphology_candidates/images/alsterpaullone/candidate_004_display.png,0.9592323303222656,0.07188749313354492,0.7749747633934021,0.30194076895713806,0.3377712070941925,0.382179319858551,0.1982038915157318,0.15290752053260803,0.16509102284908295,0.2077256143093109,0.49859824776649475,0.9595413208007812,0.08189491555094719,0.8025775849819183,0.2979739308357239,0.3157338947057724,0.32939472794532776,0.1725362315773964,0.1647823378443718,0.15822146087884903,0.2019316479563713,0.4995710998773575
alsterpaullone,5,-3.1682678402624602,CPFLOW/comparison_outputs/full44_imageft2_morphology_candidates/images/alsterpaullone/candidate_005_raw.png,CPFLOW/comparison_outputs/full44_imageft2_morphology_candidates/images/alsterpaullone/candidate_005_display.png,0.9553909301757812,0.0749775767326355,0.782774806022644,0.3110180199146271,0.3186091184616089,0.368411660194397,0.16180557012557983,0.1600937843322754,0.1704782396554947,0.1870744377374649,0.5099431872367859,0.9595413208007812,0.08189491555094719,0.8025775849819183,0.2979739308357239,0.3157338947057724,0.32939472794532776,0.1725362315773964,0.1647823378443718,0.15822146087884903,0.2019316479563713,0.4995710998773575
alsterpaullone,6,-0.6281077951407293,CPFLOW/comparison_outputs/full44_imageft2_morphology_candidates/images/alsterpaullone/candidate_006_raw.png,CPFLOW/comparison_outputs/full44_imageft2_morphology_candidates/images/alsterpaullone/candidate_006_display.png,0.8777961730957031,0.06411085277795792,0.8843757510185242,0.2538968026638031,0.3599264621734619,0.35106387734413147,0.2146606743335724,0.1794378161430359,0.17935790121555328,0.19462214410305023,0.5022005438804626,0.9595413208007812,0.08189491555094719,0.8025775849819183,0.2979739308357239,0.3157338947057724,0.32939472794532776,0.1725362315773964,0.1647823378443718,0.15822146087884903,0.2019316479563713,0.4995710998773575
alsterpaullone,7,-3.353760004738784,CPFLOW/comparison_outputs/full44_imageft2_morphology_candidates/images/alsterpaullone/candidate_007_raw.png,CPFLOW/comparison_outputs/full44_imageft2_morphology_candidates/images/alsterpaullone/candidate_007_display.png,0.9470787048339844,0.06254669278860092,0.8214059472084045,0.27923262119293213,0.3268316984176636,0.39716219902038574,0.20191115140914917,0.14939390122890472,0.16436633467674255,0.19252166152000427,0.5051146745681763,0.9595413208007812,0.08189491555094719,0.8025775849819183,0.2979739308357239,0.3157338947057724,0.32939472794532776,0.1725362315773964,0.1647823378443718,0.15822146087884903,0.2019316479563713,0.4995710998773575
alsterpaullone,8,-3.232999932003253,CPFLOW/comparison_outputs/full44_imageft2_morphology_candidates/images/alsterpaullone/candidate_008_raw.png,CPFLOW/comparison_outputs/full44_imageft2_morphology_candidates/images/alsterpaullone/candidate_008_display.png,0.9795150756835938,0.07819158583879471,0.7728848457336426,0.29126694798469543,0.2618921995162964,0.32739365100860596,0.15019556879997253,0.15410593152046204,0.15485960245132446,0.17740529775619507,0.5018635392189026,0.9595413208007812,0.08189491555094719,0.8025775849819183,0.2979739308357239,0.3157338947057724,0.32939472794532776,0.1725362315773964,0.1647823378443718,0.15822146087884903,0.2019316479563713,0.4995710998773575
alsterpaullone,9,-3.3051453861980136,CPFLOW/comparison_outputs/full44_imageft2_morphology_candidates/images/alsterpaullone/candidate_009_raw.png,CPFLOW/comparison_outputs/full44_imageft2_morphology_candidates/images/alsterpaullone/candidate_009_display.png,0.9861717224121094,0.07808005809783936,0.7479827404022217,0.3440658152103424,0.29938459396362305,0.39392438530921936,0.18384027481079102,0.1620076447725296,0.16587451100349426,0.20611530542373657,0.5048739910125732,0.9595413208007812,0.08189491555094719,0.8025775849819183,0.2979739308357239,0.3157338947057724,0.32939472794532776,0.1725362315773964,0.1647823378443718,0.15822146087884903,0.2019316479563713,0.4995710998773575
alsterpaullone,10,-3.371684399424148,CPFLOW/comparison_outputs/full44_imageft2_morphology_candidates/images/alsterpaullone/candidate_010_raw.png,CPFLOW/comparison_outputs/full44_imageft2_morphology_candidates/images/alsterpaullone/candidate_010_display.png,0.9291419982910156,0.06661966443061829,0.8478368520736694,0.2640065848827362,0.2959595322608948,0.2828715145587921,0.16106067597866058,0.15678885579109192,0.14477910101413727,0.19400645792484283,0.5051369667053223,0.9595413208007812,0.08189491555094719,0.8025775849819183,0.2979739308357239,0.3157338947057724,0.32939472794532776,0.1725362315773964,0.1647823378443718,0.15822146087884903,0.2019316479563713,0.4995710998773575
alsterpaullone,11,-1.0065234982636195,CPFLOW/comparison_outputs/full44_imageft2_morphology_candidates/images/alsterpaullone/candidate_011_raw.png,CPFLOW/comparison_outputs/full44_imageft2_morphology_candidates/images/alsterpaullone/candidate_011_display.png,0.7769355773925781,0.05935870110988617,0.8874258399009705,0.23346737027168274,0.270260214805603,0.2850759029388428,0.16097648441791534,0.176778644323349,0.19755293428897858,0.17229583859443665,0.5093808770179749,0.9595413208007812,0.08189491555094719,0.8025775849819183,0.2979739308357239,0.3157338947057724,0.32939472794532776,0.1725362315773964,0.1647823378443718,0.15822146087884903,0.2019316479563713,0.4995710998773575
alsterpaullone,12,-3.4301715288213934,CPFLOW/comparison_outputs/full44_imageft2_morphology_candidates/images/alsterpaullone/candidate_012_raw.png,CPFLOW/comparison_outputs/full44_imageft2_morphology_candidates/images/alsterpaullone/candidate_012_display.png,0.9877777099609375,0.07073451578617096,0.7195932269096375,0.3307667374610901,0.29958218336105347,0.4117978811264038,0.21630704402923584,0.16075024008750916,0.16565603017807007,0.20083819329738617,0.5023727416992188,0.9595413208007812,0.08189491555094719,0.8025775849819183,0.2979739308357239,0.3157338947057724,0.32939472794532776,0.1725362315773964,0.1647823378443718,0.15822146087884903,0.2019316479563713,0.4995710998773575
alsterpaullone,13,-3.3572687809806605,CPFLOW/comparison_outputs/full44_imageft2_morphology_candidates/images/alsterpaullone/candidate_013_raw.png,CPFLOW/comparison_outputs/full44_imageft2_morphology_candidates/images/alsterpaullone/candidate_013_display.png,0.9773902893066406,0.07132300734519958,0.7332351803779602,0.32249242067337036,0.30879852175712585,0.4128473699092865,0.20067772269248962,0.14454257488250732,0.1613789051771164,0.20322397351264954,0.49897101521492004,0.9595413208007812,0.08189491555094719,0.8025775849819183,0.2979739308357239,0.3157338947057724,0.32939472794532776,0.1725362315773964,0.1647823378443718,0.15822146087884903,0.2019316479563713,0.4995710998773575
alsterpaullone,14,-3.2853368479732223,CPFLOW/comparison_outputs/full44_imageft2_morphology_candidates/images/alsterpaullone/candidate_014_raw.png,CPFLOW/comparison_outputs/full44_imageft2_morphology_candidates/images/alsterpaullone/candidate_014_display.png,0.9866142272949219,0.08135949075222015,0.7346065640449524,0.3397466242313385,0.2956121563911438,0.3816302418708801,0.16473428905010223,0.1577060967683792,0.16779281198978424,0.19451308250427246,0.5023206472396851,0.9595413208007812,0.08189491555094719,0.8025775849819183,0.2979739308357239,0.3157338947057724,0.32939472794532776,0.1725362315773964,0.1647823378443718,0.15822146087884903,0.2019316479563713,0.4995710998773575
alsterpaullone,15,-3.1681147481740464,CPFLOW/comparison_outputs/full44_imageft2_morphology_candidates/images/alsterpaullone/candidate_015_raw.png,CPFLOW/comparison_outputs/full44_imageft2_morphology_candidates/images/alsterpaullone/candidate_015_display.png,0.9641342163085938,0.07610544562339783,0.7605697512626648,0.2893163561820984,0.28767943382263184,0.32964247465133667,0.15635888278484344,0.1482970416545868,0.15326087176799774,0.18942950665950775,0.4941549599170685,0.9595413208007812,0.08189491555094719,0.8025775849819183,0.2979739308357239,0.3157338947057724,0.32939472794532776,0.1725362315773964,0.1647823378443718,0.15822146087884903,0.2019316479563713,0.4995710998773575
alsterpaullone,16,-3.3334256964778435,CPFLOW/comparison_outputs/full44_imageft2_morphology_candidates/images/alsterpaullone/candidate_016_raw.png,CPFLOW/comparison_outputs/full44_imageft2_morphology_candidates/images/alsterpaullone/candidate_016_display.png,0.9872589111328125,0.08312900364398956,0.7527093887329102,0.3629804253578186,0.2809433043003082,0.3885313868522644,0.1536942720413208,0.16394385695457458,0.17481368780136108,0.19710828363895416,0.5038027763366699,0.9595413208007812,0.08189491555094719,0.8025775849819183,0.2979739308357239,0.3157338947057724,0.32939472794532776,0.1725362315773964,0.1647823378443718,0.15822146087884903,0.2019316479563713,0.4995710998773575
alsterpaullone,17,-3.4082534756693303,CPFLOW/comparison_outputs/full44_imageft2_morphology_candidates/images/alsterpaullone/candidate_017_raw.png,CPFLOW/comparison_outputs/full44_imageft2_morphology_candidates/images/alsterpaullone/candidate_017_display.png,0.9895477294921875,0.0859110951423645,0.7189501523971558,0.33889251947402954,0.3242505192756653,0.4293583035469055,0.21563461422920227,0.16346772015094757,0.17491237819194794,0.20217068493366241,0.508417010307312,0.9595413208007812,0.08189491555094719,0.8025775849819183,0.2979739308357239,0.3157338947057724,0.32939472794532776,0.1725362315773964,0.1647823378443718,0.15822146087884903,0.2019316479563713,0.4995710998773575
alsterpaullone,18,-3.2567676798346867,CPFLOW/comparison_outputs/full44_imageft2_morphology_candidates/images/alsterpaullone/candidate_018_raw.png,CPFLOW/comparison_outputs/full44_imageft2_morphology_candidates/images/alsterpaullone/candidate_018_display.png,0.9503555297851562,0.06307090818881989,0.7978493571281433,0.28311726450920105,0.29671257734298706,0.355692058801651,0.18539294600486755,0.1479114592075348,0.15759234130382538,0.2006642073392868,0.5059465765953064,0.9595413208007812,0.08189491555094719,0.8025775849819183,0.2979739308357239,0.3157338947057724,0.32939472794532776,0.1725362315773964,0.1647823378443718,0.15822146087884903,0.2019316479563713,0.4995710998773575
alsterpaullone,19,-3.309829443675246,CPFLOW/comparison_outputs/full44_imageft2_morphology_candidates/images/alsterpaullone/candidate_019_raw.png,CPFLOW/comparison_outputs/full44_imageft2_morphology_candidates/images/alsterpaullone/candidate_019_display.png,0.9903030395507812,0.08290041983127594,0.7243391275405884,0.30582159757614136,0.32489871978759766,0.3786798417568207,0.2317337989807129,0.165650874376297,0.15765701234340668,0.2025027722120285,0.5018091797828674,0.9595413208007812,0.08189491555094719,0.8025775849819183,0.2979739308357239,0.3157338947057724,0.32939472794532776,0.1725362315773964,0.1647823378443718,0.15822146087884903,0.2019316479563713,0.4995710998773575
alsterpaullone,20,-0.464731811365509,CPFLOW/comparison_outputs/full44_imageft2_morphology_candidates/images/alsterpaullone/candidate_020_raw.png,CPFLOW/comparison_outputs/full44_imageft2_morphology_candidates/images/alsterpaullone/candidate_020_display.png,0.8991661071777344,0.06707128137350082,0.8790144324302673,0.2595509886741638,0.3006916046142578,0.2894630432128906,0.16266648471355438,0.16322308778762817,0.15231385827064514,0.18931379914283752,0.4989272654056549,0.9595413208007812,0.08189491555094719,0.8025775849819183,0.2979739308357239,0.3157338947057724,0.32939472794532776,0.1725362315773964,0.1647823378443718,0.15822146087884903,0.2019316479563713,0.4995710998773575
alsterpaullone,21,-3.306905022330097,CPFLOW/comparison_outputs/full44_imageft2_morphology_candidates/images/alsterpaullone/candidate_021_raw.png,CPFLOW/comparison_outputs/full44_imageft2_morphology_candidates/images/alsterpaullone/candidate_021_display.png,0.9497108459472656,0.06266619265079498,0.7911286354064941,0.26659587025642395,0.2779248058795929,0.3188003599643707,0.16290566325187683,0.13261792063713074,0.15115907788276672,0.1844475120306015,0.5089195966720581,0.9595413208007812,0.08189491555094719,0.8025775849819183,0.2979739308357239,0.3157338947057724,0.32939472794532776,0.1725362315773964,0.1647823378443718,0.15822146087884903,0.2019316479563713,0.4995710998773575
alsterpaullone,22,-0.6124362918648182,CPFLOW/comparison_outputs/full44_imageft2_morphology_candidates/images/alsterpaullone/candidate_022_raw.png,CPFLOW/comparison_outputs/full44_imageft2_morphology_candidates/images/alsterpaullone/candidate_022_display.png,0.8668937683105469,0.07323696464300156,0.9289212822914124,0.2947186827659607,0.35916200280189514,0.36104005575180054,0.20206712186336517,0.19059541821479797,0.19076530635356903,0.21416738629341125,0.5044997930526733,0.9595413208007812,0.08189491555094719,0.8025775849819183,0.2979739308357239,0.3157338947057724,0.32939472794532776,0.1725362315773964,0.1647823378443718,0.15822146087884903,0.2019316479563713,0.4995710998773575
alsterpaullone,23,-3.3153436234619464,CPFLOW/comparison_outputs/full44_imageft2_morphology_candidates/images/alsterpaullone/candidate_023_raw.png,CPFLOW/comparison_outputs/full44_imageft2_morphology_candidates/images/alsterpaullone/candidate_023_display.png,0.9711494445800781,0.06773969531059265,0.717521607875824,0.27029919624328613,0.2893362045288086,0.30807822942733765,0.17909274995326996,0.1465236097574234,0.1351829320192337,0.19991254806518555,0.5017136931419373,0.9595413208007812,0.08189491555094719,0.8025775849819183,0.2979739308357239,0.3157338947057724,0.32939472794532776,0.1725362315773964,0.1647823378443718,0.15822146087884903,0.2019316479563713,0.4995710998773575
alsterpaullone,24,-3.2460711266258615,CPFLOW/comparison_outputs/full44_imageft2_morphology_candidates/images/alsterpaullone/candidate_024_raw.png,CPFLOW/comparison_outputs/full44_imageft2_morphology_candidates/images/alsterpaullone/candidate_024_display.png,0.9832725524902344,0.08133144676685333,0.7583170533180237,0.32777518033981323,0.30194833874702454,0.3647041618824005,0.19802550971508026,0.15678606927394867,0.16383138298988342,0.22070930898189545,0.5060882568359375,0.9595413208007812,0.08189491555094719,0.8025775849819183,0.2979739308357239,0.3157338947057724,0.32939472794532776,0.1725362315773964,0.1647823378443718,0.15822146087884903,0.2019316479563713,0.4995710998773575
alsterpaullone,25,-3.307703233303533,CPFLOW/comparison_outputs/full44_imageft2_morphology_candidates/images/alsterpaullone/candidate_025_raw.png,CPFLOW/comparison_outputs/full44_imageft2_morphology_candidates/images/alsterpaullone/candidate_025_display.png,0.9643974304199219,0.07210613787174225,0.7742838859558105,0.3241134583950043,0.2945582866668701,0.40491148829460144,0.20388294756412506,0.1516186147928238,0.17528966069221497,0.21782322227954865,0.5058534145355225,0.9595413208007812,0.08189491555094719,0.8025775849819183,0.2979739308357239,0.3157338947057724,0.32939472794532776,0.1725362315773964,0.1647823378443718,0.15822146087884903,0.2019316479563713,0.4995710998773575
alsterpaullone,26,-3.3578260747572894,CPFLOW/comparison_outputs/full44_imageft2_morphology_candidates/images/alsterpaullone/candidate_026_raw.png,CPFLOW/comparison_outputs/full44_imageft2_morphology_candidates/images/alsterpaullone/candidate_026_display.png,0.9225502014160156,0.06611020863056183,0.8723304271697998,0.24748681485652924,0.3221166729927063,0.3243671953678131,0.1839798241853714,0.1583239883184433,0.15608163177967072,0.1874254047870636,0.5003008842468262,0.9595413208007812,0.08189491555094719,0.8025775849819183,0.2979739308357239,0.3157338947057724,0.32939472794532776,0.1725362315773964,0.1647823378443718,0.15822146087884903,0.2019316479563713,0.4995710998773575
alsterpaullone,27,-3.2353883365442684,CPFLOW/comparison_outputs/full44_imageft2_morphology_candidates/images/alsterpaullone/candidate_027_raw.png,CPFLOW/comparison_outputs/full44_imageft2_morphology_candidates/images/alsterpaullone/candidate_027_display.png,0.95941162109375,0.06706090271472931,0.7494678497314453,0.326063871383667,0.3086739480495453,0.36336401104927063,0.17318730056285858,0.1507590115070343,0.16709010303020477,0.2077527940273285,0.5039618611335754,0.9595413208007812,0.08189491555094719,0.8025775849819183,0.2979739308357239,0.3157338947057724,0.32939472794532776,0.1725362315773964,0.1647823378443718,0.15822146087884903,0.2019316479563713,0.4995710998773575
alsterpaullone,28,-0.8521743122641238,CPFLOW/comparison_outputs/full44_imageft2_morphology_candidates/images/alsterpaullone/candidate_028_raw.png,CPFLOW/comparison_outputs/full44_imageft2_morphology_candidates/images/alsterpaullone/candidate_028_display.png,0.7978439331054688,0.06448964774608612,0.9202662706375122,0.2468266487121582,0.3238198161125183,0.2953322231769562,0.1904352456331253,0.19919158518314362,0.1799357831478119,0.20022058486938477,0.4883654713630676,0.9595413208007812,0.08189491555094719,0.8025775849819183,0.2979739308357239,0.3157338947057724,0.32939472794532776,0.1725362315773964,0.1647823378443718,0.15822146087884903,0.2019316479563713,0.4995710998773575
alsterpaullone,29,-3.403722304714505,CPFLOW/comparison_outputs/full44_imageft2_morphology_candidates/images/alsterpaullone/candidate_029_raw.png,CPFLOW/comparison_outputs/full44_imageft2_morphology_candidates/images/alsterpaullone/candidate_029_display.png,0.98004150390625,0.07441575825214386,0.704052746295929,0.3352881073951721,0.3315221667289734,0.43405115604400635,0.19184409081935883,0.14765818417072296,0.16145096719264984,0.1966327726840973,0.5023558139801025,0.9595413208007812,0.08189491555094719,0.8025775849819183,0.2979739308357239,0.3157338947057724,0.32939472794532776,0.1725362315773964,0.1647823378443718,0.15822146087884903,0.2019316479563713,0.4995710998773575
alsterpaullone,30,-3.2280665673177005,CPFLOW/comparison_outputs/full44_imageft2_morphology_candidates/images/alsterpaullone/candidate_030_raw.png,CPFLOW/comparison_outputs/full44_imageft2_morphology_candidates/images/alsterpaullone/candidate_030_display.png,0.9733734130859375,0.08253483474254608,0.7788336873054504,0.3325999975204468,0.28606072068214417,0.38080981373786926,0.1606152057647705,0.15294530987739563,0.17409610748291016,0.19481830298900604,0.4968125820159912,0.9595413208007812,0.08189491555094719,0.8025775849819183,0.2979739308357239,0.3157338947057724,0.32939472794532776,0.1725362315773964,0.1647823378443718,0.15822146087884903,0.2019316479563713,0.4995710998773575
alsterpaullone,31,-3.4316431975150987,CPFLOW/comparison_outputs/full44_imageft2_morphology_candidates/images/alsterpaullone/candidate_031_raw.png,CPFLOW/comparison_outputs/full44_imageft2_morphology_candidates/images/alsterpaullone/candidate_031_display.png,0.98382568359375,0.0738421380519867,0.7291955947875977,0.28344571590423584,0.33015260100364685,0.416052907705307,0.2597876489162445,0.1552410125732422,0.1558382660150528,0.20530454814434052,0.495332270860672,0.9595413208007812,0.08189491555094719,0.8025775849819183,0.2979739308357239,0.3157338947057724,0.32939472794532776,0.1725362315773964,0.1647823378443718,0.15822146087884903,0.2019316479563713,0.4995710998773575
roscovitine,0,-1.5741212419827177,CPFLOW/comparison_outputs/full44_imageft2_morphology_candidates/images/roscovitine/candidate_000_raw.png,CPFLOW/comparison_outputs/full44_imageft2_morphology_candidates/images/roscovitine/candidate_000_display.png,0.7172698974609375,0.056889187544584274,0.8983483910560608,0.2528361976146698,0.3292914628982544,0.27357521653175354,0.18405912816524506,0.22235867381095886,0.21631532907485962,0.19072705507278442,0.49419093132019043,0.38508033752441406,0.05638767033815384,0.9254153966903687,0.15596964210271835,0.1838931292295456,0.15298978984355927,0.09447698295116425,0.2046366035938263,0.1927310898900032,0.16445035487413406,0.49671006202697754
roscovitine,1,-0.25306407713414625,CPFLOW/comparison_outputs/full44_imageft2_morphology_candidates/images/roscovitine/candidate_001_raw.png,CPFLOW/comparison_outputs/full44_imageft2_morphology_candidates/images/roscovitine/candidate_001_display.png,0.4145774841308594,0.0510827898979187,0.9006052017211914,0.16232497990131378,0.18107455968856812,0.16512846946716309,0.13376973569393158,0.21324466168880463,0.2151639759540558,0.16930927336215973,0.48310747742652893,0.38508033752441406,0.05638767033815384,0.9254153966903687,0.15596964210271835,0.1838931292295456,0.15298978984355927,0.09447698295116425,0.2046366035938263,0.1927310898900032,0.16445035487413406,0.49671006202697754
roscovitine,2,-0.4915538710026286,CPFLOW/comparison_outputs/full44_imageft2_morphology_candidates/images/roscovitine/candidate_002_raw.png,CPFLOW/comparison_outputs/full44_imageft2_morphology_candidates/images/roscovitine/candidate_002_display.png,0.3162498474121094,0.05026951804757118,0.8496694564819336,0.14086341857910156,0.14977440237998962,0.1348421275615692,0.14048634469509125,0.18665814399719238,0.19090883433818817,0.1313723772764206,0.507096529006958,0.38508033752441406,0.05638767033815384,0.9254153966903687,0.15596964210271835,0.1838931292295456,0.15298978984355927,0.09447698295116425,0.2046366035938263,0.1927310898900032,0.16445035487413406,0.49671006202697754
roscovitine,3,-0.4323124953030058,CPFLOW/comparison_outputs/full44_imageft2_morphology_candidates/images/roscovitine/candidate_003_raw.png,CPFLOW/comparison_outputs/full44_imageft2_morphology_candidates/images/roscovitine/candidate_003_display.png,0.3703041076660156,0.043746329843997955,0.7865325212478638,0.13296176493167877,0.14976894855499268,0.13699932396411896,0.11483630537986755,0.17511896789073944,0.17597706615924835,0.14361891150474548,0.4934922158718109,0.38508033752441406,0.05638767033815384,0.9254153966903687,0.15596964210271835,0.1838931292295456,0.15298978984355927,0.09447698295116425,0.2046366035938263,0.1927310898900032,0.16445035487413406,0.49671006202697754
roscovitine,4,-2.4193401073370358,CPFLOW/comparison_outputs/full44_imageft2_morphology_candidates/images/roscovitine/candidate_004_raw.png,CPFLOW/comparison_outputs/full44_imageft2_morphology_candidates/images/roscovitine/candidate_004_display.png,0.9190330505371094,0.07218524813652039,0.8755389451980591,0.29614803194999695,0.325867623090744,0.3131065368652344,0.1778734177350998,0.15659630298614502,0.17281898856163025,0.2098824679851532,0.5004619359970093,0.38508033752441406,0.05638767033815384,0.9254153966903687,0.15596964210271835,0.1838931292295456,0.15298978984355927,0.09447698295116425,0.2046366035938263,0.1927310898900032,0.16445035487413406,0.49671006202697754
roscovitine,5,-0.8348675575854411,CPFLOW/comparison_outputs/full44_imageft2_morphology_candidates/images/roscovitine/candidate_005_raw.png,CPFLOW/comparison_outputs/full44_imageft2_morphology_candidates/images/roscovitine/candidate_005_display.png,0.580780029296875,0.06705105304718018,0.8946408033370972,0.21534113585948944,0.18878322839736938,0.1846718043088913,0.10990162938833237,0.19348372519016266,0.20092014968395233,0.18319766223430634,0.5045768618583679,0.38508033752441406,0.05638767033815384,0.9254153966903687,0.15596964210271835,0.1838931292295456,0.15298978984355927,0.09447698295116425,0.2046366035938263,0.1927310898900032,0.16445035487413406,0.49671006202697754
roscovitine,6,-1.8768326513107323,CPFLOW/comparison_outputs/full44_imageft2_morphology_candidates/images/roscovitine/candidate_006_raw.png,CPFLOW/comparison_outputs/full44_imageft2_morphology_candidates/images/roscovitine/candidate_006_display.png,0.79302978515625,0.07070399820804596,0.9240887761116028,0.29384973645210266,0.2817913591861725,0.31915557384490967,0.14467652142047882,0.18421819806098938,0.21584758162498474,0.19432365894317627,0.5042946934700012,0.38508033752441406,0.05638767033815384,0.9254153966903687,0.15596964210271835,0.1838931292295456,0.15298978984355927,0.09447698295116425,0.2046366035938263,0.1927310898900032,0.16445035487413406,0.49671006202697754
roscovitine,7,-0.343057451416246,CPFLOW/comparison_outputs/full44_imageft2_morphology_candidates/images/roscovitine/candidate_007_raw.png,CPFLOW/comparison_outputs/full44_imageft2_morphology_candidates/images/roscovitine/candidate_007_display.png,0.39170074462890625,0.04868011549115181,0.8439143896102905,0.1556074321269989,0.11351136863231659,0.1565861701965332,0.13368360698223114,0.1519198715686798,0.19601747393608093,0.1513318568468094,0.5049023628234863,0.38508033752441406,0.05638767033815384,0.9254153966903687,0.15596964210271835,0.1838931292295456,0.15298978984355927,0.09447698295116425,0.2046366035938263,0.1927310898900032,0.16445035487413406,0.49671006202697754
roscovitine,8,-1.3710564362887137,CPFLOW/comparison_outputs/full44_imageft2_morphology_candidates/images/roscovitine/candidate_008_raw.png,CPFLOW/comparison_outputs/full44_imageft2_morphology_candidates/images/roscovitine/candidate_008_display.png,0.7059783935546875,0.060981668531894684,0.8844665884971619,0.23811572790145874,0.25141507387161255,0.23310068249702454,0.14267902076244354,0.18493930995464325,0.1911921501159668,0.19425980746746063,0.5010303258895874,0.38508033752441406,0.05638767033815384,0.9254153966903687,0.15596964210271835,0.1838931292295456,0.15298978984355927,0.09447698295116425,0.2046366035938263,0.1927310898900032,0.16445035487413406,0.49671006202697754
roscovitine,9,-0.4223574097937539,CPFLOW/comparison_outputs/full44_imageft2_morphology_candidates/images/roscovitine/candidate_009_raw.png,CPFLOW/comparison_outputs/full44_imageft2_morphology_candidates/images/roscovitine/candidate_009_display.png,0.4612693786621094,0.05246882513165474,0.8556401133537292,0.17620110511779785,0.19803710281848907,0.15194979310035706,0.13230566680431366,0.21173043549060822,0.17784994840621948,0.15478937327861786,0.5000845789909363,0.38508033752441406,0.05638767033815384,0.9254153966903687,0.15596964210271835,0.1838931292295456,0.15298978984355927,0.09447698295116425,0.2046366035938263,0.1927310898900032,0.16445035487413406,0.49671006202697754
roscovitine,10,-0.8805217513581641,CPFLOW/comparison_outputs/full44_imageft2_morphology_candidates/images/roscovitine/candidate_010_raw.png,CPFLOW/comparison_outputs/full44_imageft2_morphology_candidates/images/roscovitine/candidate_010_display.png,0.5543022155761719,0.05390038713812828,0.897000253200531,0.22031866014003754,0.2591632902622223,0.21400701999664307,0.15069858729839325,0.23339280486106873,0.21584632992744446,0.17696276307106018,0.49145233631134033,0.38508033752441406,0.05638767033815384,0.9254153966903687,0.15596964210271835,0.1838931292295456,0.15298978984355927,0.09447698295116425,0.2046366035938263,0.1927310898900032,0.16445035487413406,0.49671006202697754
roscovitine,11,-0.9050440743028304,CPFLOW/comparison_outputs/full44_imageft2_morphology_candidates/images/roscovitine/candidate_011_raw.png,CPFLOW/comparison_outputs/full44_imageft2_morphology_candidates/images/roscovitine/candidate_011_display.png,0.5661735534667969,0.051699645817279816,0.9020503759384155,0.20498062670230865,0.2558753490447998,0.209673672914505,0.1535082310438156,0.2220746874809265,0.20889301598072052,0.18116196990013123,0.4976259171962738,0.38508033752441406,0.05638767033815384,0.9254153966903687,0.15596964210271835,0.1838931292295456,0.15298978984355927,0.09447698295116425,0.2046366035938263,0.1927310898900032,0.16445035487413406,0.49671006202697754
roscovitine,12,-0.3423294836161081,CPFLOW/comparison_outputs/full44_imageft2_morphology_candidates/images/roscovitine/candidate_012_raw.png,CPFLOW/comparison_outputs/full44_imageft2_morphology_candidates/images/roscovitine/candidate_012_display.png,0.416839599609375,0.04772615060210228,0.860030472278595,0.15190966427326202,0.15188899636268616,0.1290024220943451,0.11130142956972122,0.19684232771396637,0.1727423071861267,0.16263020038604736,0.4828624129295349,0.38508033752441406,0.05638767033815384,0.9254153966903687,0.15596964210271835,0.1838931292295456,0.15298978984355927,0.09447698295116425,0.2046366035938263,0.1927310898900032,0.16445035487413406,0.49671006202697754
roscovitine,13,-0.6859082197416642,CPFLOW/comparison_outputs/full44_imageft2_morphology_candidates/images/roscovitine/candidate_013_raw.png,CPFLOW/comparison_outputs/full44_imageft2_morphology_candidates/images/roscovitine/candidate_013_display.png,0.29486846923828125,0.03681778907775879,0.8812687993049622,0.12255825102329254,0.14818644523620605,0.1138487160205841,0.11678712069988251,0.2072567194700241,0.17356744408607483,0.1526724249124527,0.5064988136291504,0.38508033752441406,0.05638767033815384,0.9254153966903687,0.15596964210271835,0.1838931292295456,0.15298978984355927,0.09447698295116425,0.2046366035938263,0.1927310898900032,0.16445035487413406,0.49671006202697754
roscovitine,14,-1.44850881975662,CPFLOW/comparison_outputs/full44_imageft2_morphology_candidates/images/roscovitine/candidate_014_raw.png,CPFLOW/comparison_outputs/full44_imageft2_morphology_candidates/images/roscovitine/candidate_014_display.png,0.10788726806640625,0.03437867760658264,0.9156081080436707,0.0790325403213501,0.09236546605825424,0.07806608080863953,0.08888222277164459,0.1727776825428009,0.1472649872303009,0.10797126591205597,0.5086501240730286,0.38508033752441406,0.05638767033815384,0.9254153966903687,0.15596964210271835,0.1838931292295456,0.15298978984355927,0.09447698295116425,0.2046366035938263,0.1927310898900032,0.16445035487413406,0.49671006202697754
roscovitine,15,-0.7269635953480924,CPFLOW/comparison_outputs/full44_imageft2_morphology_candidates/images/roscovitine/candidate_015_raw.png,CPFLOW/comparison_outputs/full44_imageft2_morphology_candidates/images/roscovitine/candidate_015_display.png,0.5421867370605469,0.05981535464525223,0.8933007121086121,0.20916908979415894,0.23191018402576447,0.19302943348884583,0.1223827600479126,0.2178262174129486,0.19817034900188446,0.17259441316127777,0.4971221089363098,0.38508033752441406,0.05638767033815384,0.9254153966903687,0.15596964210271835,0.1838931292295456,0.15298978984355927,0.09447698295116425,0.2046366035938263,0.1927310898900032,0.16445035487413406,0.49671006202697754
roscovitine,16,-0.8476125104587175,CPFLOW/comparison_outputs/full44_imageft2_morphology_candidates/images/roscovitine/candidate_016_raw.png,CPFLOW/comparison_outputs/full44_imageft2_morphology_candidates/images/roscovitine/candidate_016_display.png,0.5771255493164062,0.05421559885144234,0.8660209774971008,0.1783793717622757,0.22889582812786102,0.1952902227640152,0.1469753235578537,0.19627569615840912,0.18625499308109283,0.17621619999408722,0.486991822719574,0.38508033752441406,0.05638767033815384,0.9254153966903687,0.15596964210271835,0.1838931292295456,0.15298978984355927,0.09447698295116425,0.2046366035938263,0.1927310898900032,0.16445035487413406,0.49671006202697754
roscovitine,17,-0.8884855159121389,CPFLOW/comparison_outputs/full44_imageft2_morphology_candidates/images/roscovitine/candidate_017_raw.png,CPFLOW/comparison_outputs/full44_imageft2_morphology_candidates/images/roscovitine/candidate_017_display.png,0.5673904418945312,0.05825610086321831,0.866316556930542,0.19274838268756866,0.21900829672813416,0.23003531992435455,0.1661534309387207,0.19518005847930908,0.21327465772628784,0.17439064383506775,0.4883915185928345,0.38508033752441406,0.05638767033815384,0.9254153966903687,0.15596964210271835,0.1838931292295456,0.15298978984355927,0.09447698295116425,0.2046366035938263,0.1927310898900032,0.16445035487413406,0.49671006202697754
roscovitine,18,-0.8781156523391638,CPFLOW/comparison_outputs/full44_imageft2_morphology_candidates/images/roscovitine/candidate_018_raw.png,CPFLOW/comparison_outputs/full44_imageft2_morphology_candidates/images/roscovitine/candidate_018_display.png,0.537445068359375,0.054158732295036316,0.8951834440231323,0.21323421597480774,0.2578272819519043,0.23611024022102356,0.16360175609588623,0.23338407278060913,0.23013174533843994,0.1832086145877838,0.47840675711631775,0.38508033752441406,0.05638767033815384,0.9254153966903687,0.15596964210271835,0.1838931292295456,0.15298978984355927,0.09447698295116425,0.2046366035938263,0.1927310898900032,0.16445035487413406,0.49671006202697754
roscovitine,19,-0.940245691826453,CPFLOW/comparison_outputs/full44_imageft2_morphology_candidates/images/roscovitine/candidate_019_raw.png,CPFLOW/comparison_outputs/full44_imageft2_morphology_candidates/images/roscovitine/candidate_019_display.png,0.5894508361816406,0.06726507842540741,0.8894215226173401,0.2108926624059677,0.25175952911376953,0.18094800412654877,0.11674509942531586,0.21773110330104828,0.17372581362724304,0.16154594719409943,0.5082964897155762,0.38508033752441406,0.05638767033815384,0.9254153966903687,0.15596964210271835,0.1838931292295456,0.15298978984355927,0.09447698295116425,0.2046366035938263,0.1927310898900032,0.16445035487413406,0.49671006202697754
roscovitine,20,-0.6217806071672621,CPFLOW/comparison_outputs/full44_imageft2_morphology_candidates/images/roscovitine/candidate_020_raw.png,CPFLOW/comparison_outputs/full44_imageft2_morphology_candidates/images/roscovitine/candidate_020_display.png,0.4890708923339844,0.044682759791612625,0.8500338792800903,0.13561388850212097,0.17083658277988434,0.15611864626407623,0.1416107714176178,0.17210936546325684,0.17441552877426147,0.17203018069267273,0.4873061180114746,0.38508033752441406,0.05638767033815384,0.9254153966903687,0.15596964210271835,0.1838931292295456,0.15298978984355927,0.09447698295116425,0.2046366035938263,0.1927310898900032,0.16445035487413406,0.49671006202697754
roscovitine,21,-0.3802746229397693,CPFLOW/comparison_outputs/full44_imageft2_morphology_candidates/images/roscovitine/candidate_021_raw.png,CPFLOW/comparison_outputs/full44_imageft2_morphology_candidates/images/roscovitine/candidate_021_display.png,0.4725837707519531,0.054345279932022095,0.8850066065788269,0.17121878266334534,0.1826101839542389,0.15836520493030548,0.12825456261634827,0.2025725245475769,0.19261230528354645,0.15769092738628387,0.48870721459388733,0.38508033752441406,0.05638767033815384,0.9254153966903687,0.15596964210271835,0.1838931292295456,0.15298978984355927,0.09447698295116425,0.2046366035938263,0.1927310898900032,0.16445035487413406,0.49671006202697754
roscovitine,22,-0.2756360751228683,CPFLOW/comparison_outputs/full44_imageft2_morphology_candidates/images/roscovitine/candidate_022_raw.png,CPFLOW/comparison_outputs/full44_imageft2_morphology_candidates/images/roscovitine/candidate_022_display.png,0.38433074951171875,0.04397568106651306,0.9126453995704651,0.1753169447183609,0.19383835792541504,0.17669332027435303,0.12423321604728699,0.2296101301908493,0.228201761841774,0.15733492374420166,0.5027331709861755,0.38508033752441406,0.05638767033815384,0.9254153966903687,0.15596964210271835,0.1838931292295456,0.15298978984355927,0.09447698295116425,0.2046366035938263,0.1927310898900032,0.16445035487413406,0.49671006202697754
roscovitine,23,-1.2280332553401438,CPFLOW/comparison_outputs/full44_imageft2_morphology_candidates/images/roscovitine/candidate_023_raw.png,CPFLOW/comparison_outputs/full44_imageft2_morphology_candidates/images/roscovitine/candidate_023_display.png,0.2000732421875,0.0338769294321537,0.8430385589599609,0.09198293089866638,0.08671844750642776,0.08438687771558762,0.10196912288665771,0.14521466195583344,0.15366794168949127,0.1297491043806076,0.493237167596817,0.38508033752441406,0.05638767033815384,0.9254153966903687,0.15596964210271835,0.1838931292295456,0.15298978984355927,0.09447698295116425,0.2046366035938263,0.1927310898900032,0.16445035487413406,0.49671006202697754
roscovitine,24,-0.5887104972565038,CPFLOW/comparison_outputs/full44_imageft2_morphology_candidates/images/roscovitine/candidate_024_raw.png,CPFLOW/comparison_outputs/full44_imageft2_morphology_candidates/images/roscovitine/candidate_024_display.png,0.5244331359863281,0.056468404829502106,0.8535228371620178,0.1751977801322937,0.17107754945755005,0.1266663670539856,0.09073059260845184,0.18013931810855865,0.16858550906181335,0.1479695588350296,0.4887756407260895,0.38508033752441406,0.05638767033815384,0.9254153966903687,0.15596964210271835,0.1838931292295456,0.15298978984355927,0.09447698295116425,0.2046366035938263,0.1927310898900032,0.16445035487413406,0.49671006202697754
roscovitine,25,-0.8193538344675066,CPFLOW/comparison_outputs/full44_imageft2_morphology_candidates/images/roscovitine/candidate_025_raw.png,CPFLOW/comparison_outputs/full44_imageft2_morphology_candidates/images/roscovitine/candidate_025_display.png,0.2371673583984375,0.04033105820417404,0.8898237943649292,0.13378992676734924,0.13887393474578857,0.10077320039272308,0.10574290156364441,0.21264562010765076,0.18542265892028809,0.134592667222023,0.49025148153305054,0.38508033752441406,0.05638767033815384,0.9254153966903687,0.15596964210271835,0.1838931292295456,0.15298978984355927,0.09447698295116425,0.2046366035938263,0.1927310898900032,0.16445035487413406,0.49671006202697754
roscovitine,26,-0.22255769809971643,CPFLOW/comparison_outputs/full44_imageft2_morphology_candidates/images/roscovitine/candidate_026_raw.png,CPFLOW/comparison_outputs/full44_imageft2_morphology_candidates/images/roscovitine/candidate_026_display.png,0.4142303466796875,0.054114215075969696,0.9032017588615417,0.1657790094614029,0.1761907935142517,0.17132355272769928,0.11907361447811127,0.1996156871318817,0.21239325404167175,0.14892727136611938,0.48560431599617004,0.38508033752441406,0.05638767033815384,0.9254153966903687,0.15596964210271835,0.1838931292295456,0.15298978984355927,0.09447698295116425,0.2046366035938263,0.1927310898900032,0.16445035487413406,0.49671006202697754
roscovitine,27,-1.8431553558884837,CPFLOW/comparison_outputs/full44_imageft2_morphology_candidates/images/roscovitine/candidate_027_raw.png,CPFLOW/comparison_outputs/full44_imageft2_morphology_candidates/images/roscovitine/candidate_027_display.png,0.8307151794433594,0.06412374973297119,0.9056794047355652,0.25648224353790283,0.27079665660858154,0.2296634167432785,0.14998580515384674,0.16493651270866394,0.15564629435539246,0.2060590535402298,0.5010315775871277,0.38508033752441406,0.05638767033815384,0.9254153966903687,0.15596964210271835,0.1838931292295456,0.15298978984355927,0.09447698295116425,0.2046366035938263,0.1927310898900032,0.16445035487413406,0.49671006202697754
roscovitine,28,-1.371235790128832,CPFLOW/comparison_outputs/full44_imageft2_morphology_candidates/images/roscovitine/candidate_028_raw.png,CPFLOW/comparison_outputs/full44_imageft2_morphology_candidates/images/roscovitine/candidate_028_display.png,0.6784782409667969,0.05512728542089462,0.8784807324409485,0.24383990466594696,0.2991524040699005,0.24451325833797455,0.1662987768650055,0.21902044117450714,0.20995378494262695,0.1865023374557495,0.5076526403427124,0.38508033752441406,0.05638767033815384,0.9254153966903687,0.15596964210271835,0.1838931292295456,0.15298978984355927,0.09447698295116425,0.2046366035938263,0.1927310898900032,0.16445035487413406,0.49671006202697754
roscovitine,29,-1.4665721822489957,CPFLOW/comparison_outputs/full44_imageft2_morphology_candidates/images/roscovitine/candidate_029_raw.png,CPFLOW/comparison_outputs/full44_imageft2_morphology_candidates/images/roscovitine/candidate_029_display.png,0.10702896118164062,0.04655326157808304,0.9068728089332581,0.11607169359922409,0.03270392119884491,0.026364555582404137,0.10560309886932373,0.1439434140920639,0.12567852437496185,0.08776559680700302,0.4810795783996582,0.38508033752441406,0.05638767033815384,0.9254153966903687,0.15596964210271835,0.1838931292295456,0.15298978984355927,0.09447698295116425,0.2046366035938263,0.1927310898900032,0.16445035487413406,0.49671006202697754
roscovitine,30,-1.0671175494327345,CPFLOW/comparison_outputs/full44_imageft2_morphology_candidates/images/roscovitine/candidate_030_raw.png,CPFLOW/comparison_outputs/full44_imageft2_morphology_candidates/images/roscovitine/candidate_030_display.png,0.6053237915039062,0.05962468683719635,0.9050345420837402,0.21784639358520508,0.2714332640171051,0.2193266749382019,0.16946521401405334,0.2218184769153595,0.20282213389873505,0.19152326881885529,0.49890831112861633,0.38508033752441406,0.05638767033815384,0.9254153966903687,0.15596964210271835,0.1838931292295456,0.15298978984355927,0.09447698295116425,0.2046366035938263,0.1927310898900032,0.16445035487413406,0.49671006202697754
roscovitine,31,-0.24165023576700728,CPFLOW/comparison_outputs/full44_imageft2_morphology_candidates/images/roscovitine/candidate_031_raw.png,CPFLOW/comparison_outputs/full44_imageft2_morphology_candidates/images/roscovitine/candidate_031_display.png,0.395751953125,0.046324990689754486,0.8797442317008972,0.1511370837688446,0.18021012842655182,0.14808055758476257,0.11878819763660431,0.2147027552127838,0.18115898966789246,0.1411529928445816,0.4917834401130676,0.38508033752441406,0.05638767033815384,0.9254153966903687,0.15596964210271835,0.1838931292295456,0.15298978984355927,0.09447698295116425,0.2046366035938263,0.1927310898900032,0.16445035487413406,0.49671006202697754
emetine,0,-1.0540790006043912,CPFLOW/comparison_outputs/full44_imageft2_morphology_candidates/images/emetine/candidate_000_raw.png,CPFLOW/comparison_outputs/full44_imageft2_morphology_candidates/images/emetine/candidate_000_display.png,0.16554641723632812,0.032922208309173584,0.8882743716239929,0.07444003224372864,0.07609667629003525,0.07239029556512833,0.06246798112988472,0.15431444346904755,0.1629406213760376,0.1222289577126503,0.47869873046875,0.3299598693847656,0.05331351235508919,0.9284417033195496,0.12215369194746017,0.14672569930553436,0.1371496319770813,0.0793355256319046,0.19128738343715668,0.1878873109817505,0.15573248267173767,0.49475419521331787
emetine,1,-1.3310403781751385,CPFLOW/comparison_outputs/full44_imageft2_morphology_candidates/images/emetine/candidate_001_raw.png,CPFLOW/comparison_outputs/full44_imageft2_morphology_candidates/images/emetine/candidate_001_display.png,0.1051483154296875,0.02785763517022133,0.9210798740386963,0.06536668539047241,0.05999397113919258,0.0693538710474968,0.06602698564529419,0.14831984043121338,0.16197620332241058,0.11127875000238419,0.4944409132003784,0.3299598693847656,0.05331351235508919,0.9284417033195496,0.12215369194746017,0.14672569930553436,0.1371496319770813,0.0793355256319046,0.19128738343715668,0.1878873109817505,0.15573248267173767,0.49475419521331787
emetine,2,-0.5697721402418257,CPFLOW/comparison_outputs/full44_imageft2_morphology_candidates/images/emetine/candidate_002_raw.png,CPFLOW/comparison_outputs/full44_imageft2_morphology_candidates/images/emetine/candidate_002_display.png,0.2451934814453125,0.03724827617406845,0.9105798602104187,0.10239583253860474,0.11294832080602646,0.11901794373989105,0.09237596392631531,0.17585372924804688,0.1997835487127304,0.1428675800561905,0.5067250728607178,0.3299598693847656,0.05331351235508919,0.9284417033195496,0.12215369194746017,0.14672569930553436,0.1371496319770813,0.0793355256319046,0.19128738343715668,0.1878873109817505,0.15573248267173767,0.49475419521331787
emetine,3,-1.246027755069758,CPFLOW/comparison_outputs/full44_imageft2_morphology_candidates/images/emetine/candidate_003_raw.png,CPFLOW/comparison_outputs/full44_imageft2_morphology_candidates/images/emetine/candidate_003_display.png,0.11918258666992188,0.030111823230981827,0.912073016166687,0.062150876969099045,0.07001844048500061,0.07049700617790222,0.06725214421749115,0.14255233108997345,0.15864276885986328,0.1188242956995964,0.48843914270401,0.3299598693847656,0.05331351235508919,0.9284417033195496,0.12215369194746017,0.14672569930553436,0.1371496319770813,0.0793355256319046,0.19128738343715668,0.1878873109817505,0.15573248267173767,0.49475419521331787
emetine,4,-0.4768337571475648,CPFLOW/comparison_outputs/full44_imageft2_morphology_candidates/images/emetine/candidate_004_raw.png,CPFLOW/comparison_outputs/full44_imageft2_morphology_candidates/images/emetine/candidate_004_display.png,0.2663307189941406,0.040031798183918,0.9393543004989624,0.10141676664352417,0.10806471854448318,0.10080618411302567,0.06653068959712982,0.18725579977035522,0.19017620384693146,0.1449267715215683,0.4708319902420044,0.3299598693847656,0.05331351235508919,0.9284417033195496,0.12215369194746017,0.14672569930553436,0.1371496319770813,0.0793355256319046,0.19128738343715668,0.1878873109817505,0.15573248267173767,0.49475419521331787
emetine,5,-0.8467735767588593,CPFLOW/comparison_outputs/full44_imageft2_morphology_candidates/images/emetine/candidate_005_raw.png,CPFLOW/comparison_outputs/full44_imageft2_morphology_candidates/images/emetine/candidate_005_display.png,0.19582366943359375,0.03601286560297012,0.9549655914306641,0.07543988525867462,0.07765036076307297,0.08941395580768585,0.054322198033332825,0.1753850132226944,0.18687650561332703,0.14490358531475067,0.4936910569667816,0.3299598693847656,0.05331351235508919,0.9284417033195496,0.12215369194746017,0.14672569930553436,0.1371496319770813,0.0793355256319046,0.19128738343715668,0.1878873109817505,0.15573248267173767,0.49475419521331787
emetine,6,-1.0188216174663978,CPFLOW/comparison_outputs/full44_imageft2_morphology_candidates/images/emetine/candidate_006_raw.png,CPFLOW/comparison_outputs/full44_imageft2_morphology_candidates/images/emetine/candidate_006_display.png,0.16902923583984375,0.033842429518699646,0.9611427187919617,0.06950488686561584,0.06783489882946014,0.07918699085712433,0.04445761442184448,0.17054025828838348,0.19240666925907135,0.13181951642036438,0.4725978374481201,0.3299598693847656,0.05331351235508919,0.9284417033195496,0.12215369194746017,0.14672569930553436,0.1371496319770813,0.0793355256319046,0.19128738343715668,0.1878873109817505,0.15573248267173767,0.49475419521331787
emetine,7,-0.9890701048333186,CPFLOW/comparison_outputs/full44_imageft2_morphology_candidates/images/emetine/candidate_007_raw.png,CPFLOW/comparison_outputs/full44_imageft2_morphology_candidates/images/emetine/candidate_007_display.png,0.16155624389648438,0.0345035046339035,0.9140462279319763,0.07123059034347534,0.08619610220193863,0.08200895041227341,0.060064155608415604,0.15982958674430847,0.17190037667751312,0.1287478506565094,0.4937268793582916,0.3299598693847656,0.05331351235508919,0.9284417033195496,0.12215369194746017,0.14672569930553436,0.1371496319770813,0.0793355256319046,0.19128738343715668,0.1878873109817505,0.15573248267173767,0.49475419521331787
emetine,8,-0.9915374084957005,CPFLOW/comparison_outputs/full44_imageft2_morphology_candidates/images/emetine/candidate_008_raw.png,CPFLOW/comparison_outputs/full44_imageft2_morphology_candidates/images/emetine/candidate_008_display.png,0.16125869750976562,0.03136831521987915,0.9130715727806091,0.07174336165189743,0.09025336056947708,0.08732203394174576,0.07609366625547409,0.16892392933368683,0.1802925020456314,0.13404183089733124,0.4739757776260376,0.3299598693847656,0.05331351235508919,0.9284417033195496,0.12215369194746017,0.14672569930553436,0.1371496319770813,0.0793355256319046,0.19128738343715668,0.1878873109817505,0.15573248267173767,0.49475419521331787
emetine,9,-0.8645983564050788,CPFLOW/comparison_outputs/full44_imageft2_morphology_candidates/images/emetine/candidate_009_raw.png,CPFLOW/comparison_outputs/full44_imageft2_morphology_candidates/images/emetine/candidate_009_display.png,0.1808624267578125,0.03395451605319977,0.9005234241485596,0.0770789384841919,0.09745178371667862,0.1006709635257721,0.08190591633319855,0.1761094033718109,0.19238470494747162,0.13636402785778046,0.49727559089660645,0.3299598693847656,0.05331351235508919,0.9284417033195496,0.12215369194746017,0.14672569930553436,0.1371496319770813,0.0793355256319046,0.19128738343715668,0.1878873109817505,0.15573248267173767,0.49475419521331787
emetine,10,-0.7748491377489213,CPFLOW/comparison_outputs/full44_imageft2_morphology_candidates/images/emetine/candidate_010_raw.png,CPFLOW/comparison_outputs/full44_imageft2_morphology_candidates/images/emetine/candidate_010_display.png,0.21091079711914062,0.03529176861047745,0.8926916718482971,0.08424561470746994,0.09241566061973572,0.09645147621631622,0.07708975672721863,0.16774912178516388,0.1814820021390915,0.13454566895961761,0.47952866554260254,0.3299598693847656,0.05331351235508919,0.9284417033195496,0.12215369194746017,0.14672569930553436,0.1371496319770813,0.0793355256319046,0.19128738343715668,0.1878873109817505,0.15573248267173767,0.49475419521331787
emetine,11,-1.1912493030099818,CPFLOW/comparison_outputs/full44_imageft2_morphology_candidates/images/emetine/candidate_011_raw.png,CPFLOW/comparison_outputs/full44_imageft2_morphology_candidates/images/emetine/candidate_011_display.png,0.15041732788085938,0.02690821699798107,0.9125978350639343,0.06564401090145111,0.07210242003202438,0.0769302099943161,0.05440963804721832,0.15206873416900635,0.17499247193336487,0.12052011489868164,0.4943464994430542,0.3299598693847656,0.05331351235508919,0.9284417033195496,0.12215369194746017,0.14672569930553436,0.1371496319770813,0.0793355256319046,0.19128738343715668,0.1878873109817505,0.15573248267173767,0.49475419521331787
emetine,12,-1.0638126846318585,CPFLOW/comparison_outputs/full44_imageft2_morphology_candidates/images/emetine/candidate_012_raw.png,CPFLOW/comparison_outputs/full44_imageft2_morphology_candidates/images/emetine/candidate_012_display.png,0.15829086303710938,0.03060677833855152,0.9209551215171814,0.0755327120423317,0.06498673558235168,0.08455654978752136,0.06494686752557755,0.15551716089248657,0.17852312326431274,0.13006512820720673,0.484698086977005,0.3299598693847656,0.05331351235508919,0.9284417033195496,0.12215369194746017,0.14672569930553436,0.1371496319770813,0.0793355256319046,0.19128738343715668,0.1878873109817505,0.15573248267173767,0.49475419521331787
emetine,13,-0.6243506091867144,CPFLOW/comparison_outputs/full44_imageft2_morphology_candidates/images/emetine/candidate_013_raw.png,CPFLOW/comparison_outputs/full44_imageft2_morphology_candidates/images/emetine/candidate_013_display.png,0.22234344482421875,0.04246208816766739,0.937018871307373,0.08804067969322205,0.09832386672496796,0.10202956199645996,0.05818849802017212,0.17762425541877747,0.1850355863571167,0.13232161104679108,0.49773749709129333,0.3299598693847656,0.05331351235508919,0.9284417033195496,0.12215369194746017,0.14672569930553436,0.1371496319770813,0.0793355256319046,0.19128738343715668,0.1878873109817505,0.15573248267173767,0.49475419521331787
emetine,14,-1.2990470250890416,CPFLOW/comparison_outputs/full44_imageft2_morphology_candidates/images/emetine/candidate_014_raw.png,CPFLOW/comparison_outputs/full44_imageft2_morphology_candidates/images/emetine/candidate_014_display.png,0.12837600708007812,0.02651924267411232,0.8694808483123779,0.06874442100524902,0.07353803515434265,0.07152966409921646,0.07934114336967468,0.14073899388313293,0.15578460693359375,0.11173435300588608,0.4830169975757599,0.3299598693847656,0.05331351235508919,0.9284417033195496,0.12215369194746017,0.14672569930553436,0.1371496319770813,0.0793355256319046,0.19128738343715668,0.1878873109817505,0.15573248267173767,0.49475419521331787
emetine,15,-0.416888575603663,CPFLOW/comparison_outputs/full44_imageft2_morphology_candidates/images/emetine/candidate_015_raw.png,CPFLOW/comparison_outputs/full44_imageft2_morphology_candidates/images/emetine/candidate_015_display.png,0.2737464904785156,0.042808279395103455,0.8980910778045654,0.11023269593715668,0.10882123559713364,0.12299765646457672,0.09806450456380844,0.17262110114097595,0.18712617456912994,0.14694544672966003,0.49396586418151855,0.3299598693847656,0.05331351235508919,0.9284417033195496,0.12215369194746017,0.14672569930553436,0.1371496319770813,0.0793355256319046,0.19128738343715668,0.1878873109817505,0.15573248267173767,0.49475419521331787
emetine,16,-1.2218810140616163,CPFLOW/comparison_outputs/full44_imageft2_morphology_candidates/images/emetine/candidate_016_raw.png,CPFLOW/comparison_outputs/full44_imageft2_morphology_candidates/images/emetine/candidate_016_display.png,0.14286041259765625,0.027721963822841644,0.9478341341018677,0.06172692030668259,0.06523563712835312,0.06994538009166718,0.048059094697237015,0.16249674558639526,0.17388559877872467,0.1217096745967865,0.5149177312850952,0.3299598693847656,0.05331351235508919,0.9284417033195496,0.12215369194746017,0.14672569930553436,0.1371496319770813,0.0793355256319046,0.19128738343715668,0.1878873109817505,0.15573248267173767,0.49475419521331787
emetine,17,-0.15098803238927716,CPFLOW/comparison_outputs/full44_imageft2_morphology_candidates/images/emetine/candidate_017_raw.png,CPFLOW/comparison_outputs/full44_imageft2_morphology_candidates/images/emetine/candidate_017_display.png,0.3187980651855469,0.0476241409778595,0.9142088890075684,0.11949136108160019,0.1423185169696808,0.1424366980791092,0.07179625332355499,0.19989201426506042,0.20812365412712097,0.146185040473938,0.5068727731704712,0.3299598693847656,0.05331351235508919,0.9284417033195496,0.12215369194746017,0.14672569930553436,0.1371496319770813,0.0793355256319046,0.19128738343715668,0.1878873109817505,0.15573248267173767,0.49475419521331787
emetine,18,-0.7189878673148621,CPFLOW/comparison_outputs/full44_imageft2_morphology_candidates/images/emetine/candidate_018_raw.png,CPFLOW/comparison_outputs/full44_imageft2_morphology_candidates/images/emetine/candidate_018_display.png,0.20595932006835938,0.036120444536209106,0.9376769065856934,0.08775538206100464,0.09709220379590988,0.11166013032197952,0.08031213283538818,0.18472886085510254,0.20926551520824432,0.14640475809574127,0.48711174726486206,0.3299598693847656,0.05331351235508919,0.9284417033195496,0.12215369194746017,0.14672569930553436,0.1371496319770813,0.0793355256319046,0.19128738343715668,0.1878873109817505,0.15573248267173767,0.49475419521331787
emetine,19,-1.0408829800338455,CPFLOW/comparison_outputs/full44_imageft2_morphology_candidates/images/emetine/candidate_019_raw.png,CPFLOW/comparison_outputs/full44_imageft2_morphology_candidates/images/emetine/candidate_019_display.png,0.16719818115234375,0.03267129883170128,0.9531627297401428,0.06548023968935013,0.06619135290384293,0.07446698844432831,0.048166196793317795,0.16710813343524933,0.1845146268606186,0.1356230527162552,0.4952133297920227,0.3299598693847656,0.05331351235508919,0.9284417033195496,0.12215369194746017,0.14672569930553436,0.1371496319770813,0.0793355256319046,0.19128738343715668,0.1878873109817505,0.15573248267173767,0.49475419521331787
emetine,20,-0.5761639521717526,CPFLOW/comparison_outputs/full44_imageft2_morphology_candidates/images/emetine/candidate_020_raw.png,CPFLOW/comparison_outputs/full44_imageft2_morphology_candidates/images/emetine/candidate_020_display.png,0.234832763671875,0.04273465275764465,0.9544634819030762,0.09347893297672272,0.10770817846059799,0.098683200776577,0.05373677983880043,0.18828128278255463,0.1891796588897705,0.1418495774269104,0.4783984422683716,0.3299598693847656,0.05331351235508919,0.9284417033195496,0.12215369194746017,0.14672569930553436,0.1371496319770813,0.0793355256319046,0.19128738343715668,0.1878873109817505,0.15573248267173767,0.49475419521331787
emetine,21,-1.168072075895447,CPFLOW/comparison_outputs/full44_imageft2_morphology_candidates/images/emetine/candidate_021_raw.png,CPFLOW/comparison_outputs/full44_imageft2_morphology_candidates/images/emetine/candidate_021_display.png,0.14902114868164062,0.030850782990455627,0.9538617730140686,0.06532512605190277,0.05831502377986908,0.06451059132814407,0.0478702187538147,0.1564297378063202,0.17272338271141052,0.12730297446250916,0.4900650084018707,0.3299598693847656,0.05331351235508919,0.9284417033195496,0.12215369194746017,0.14672569930553436,0.1371496319770813,0.0793355256319046,0.19128738343715668,0.1878873109817505,0.15573248267173767,0.49475419521331787
emetine,22,-0.4962945229846481,CPFLOW/comparison_outputs/full44_imageft2_morphology_candidates/images/emetine/candidate_022_raw.png,CPFLOW/comparison_outputs/full44_imageft2_morphology_candidates/images/emetine/candidate_022_display.png,0.24967575073242188,0.04187285155057907,0.8933060765266418,0.10097712278366089,0.12217538058757782,0.11349387466907501,0.09792256355285645,0.18711426854133606,0.18670012056827545,0.14758531749248505,0.5200716853141785,0.3299598693847656,0.05331351235508919,0.9284417033195496,0.12215369194746017,0.14672569930553436,0.1371496319770813,0.0793355256319046,0.19128738343715668,0.1878873109817505,0.15573248267173767,0.49475419521331787
emetine,23,-0.9390760174809969,CPFLOW/comparison_outputs/full44_imageft2_morphology_candidates/images/emetine/candidate_023_raw.png,CPFLOW/comparison_outputs/full44_imageft2_morphology_candidates/images/emetine/candidate_023_display.png,0.16476058959960938,0.03697080910205841,0.9342443346977234,0.07395915687084198,0.07526060938835144,0.08490313589572906,0.06797238439321518,0.1536579132080078,0.17259842157363892,0.12986396253108978,0.49357518553733826,0.3299598693847656,0.05331351235508919,0.9284417033195496,0.12215369194746017,0.14672569930553436,0.1371496319770813,0.0793355256319046,0.19128738343715668,0.1878873109817505,0.15573248267173767,0.49475419521331787
emetine,24,-0.6202759102380075,CPFLOW/comparison_outputs/full44_imageft2_morphology_candidates/images/emetine/candidate_024_raw.png,CPFLOW/comparison_outputs/full44_imageft2_morphology_candidates/images/emetine/candidate_024_display.png,0.22353363037109375,0.03898157179355621,0.9035177826881409,0.0908847376704216,0.11183525621891022,0.10703805088996887,0.07946626096963882,0.17901620268821716,0.18737299740314484,0.13805539906024933,0.48840734362602234,0.3299598693847656,0.05331351235508919,0.9284417033195496,0.12215369194746017,0.14672569930553436,0.1371496319770813,0.0793355256319046,0.19128738343715668,0.1878873109817505,0.15573248267173767,0.49475419521331787
emetine,25,-0.7036433141152746,CPFLOW/comparison_outputs/full44_imageft2_morphology_candidates/images/emetine/candidate_025_raw.png,CPFLOW/comparison_outputs/full44_imageft2_morphology_candidates/images/emetine/candidate_025_display.png,0.20067977905273438,0.0391511507332325,0.9257760643959045,0.08438420295715332,0.09973490983247757,0.09803108870983124,0.07583580166101456,0.1778409332036972,0.19142505526542664,0.14195282757282257,0.4897799789905548,0.3299598693847656,0.05331351235508919,0.9284417033195496,0.12215369194746017,0.14672569930553436,0.1371496319770813,0.0793355256319046,0.19128738343715668,0.1878873109817505,0.15573248267173767,0.49475419521331787
emetine,26,-0.9399449794217453,CPFLOW/comparison_outputs/full44_imageft2_morphology_candidates/images/emetine/candidate_026_raw.png,CPFLOW/comparison_outputs/full44_imageft2_morphology_candidates/images/emetine/candidate_026_display.png,0.18389892578125,0.035793740302324295,0.9632869958877563,0.08091981709003448,0.06487715244293213,0.08886159956455231,0.04963432252407074,0.15896683931350708,0.2035110741853714,0.13242578506469727,0.4930144250392914,0.3299598693847656,0.05331351235508919,0.9284417033195496,0.12215369194746017,0.14672569930553436,0.1371496319770813,0.0793355256319046,0.19128738343715668,0.1878873109817505,0.15573248267173767,0.49475419521331787
emetine,27,-1.4041230291811857,CPFLOW/comparison_outputs/full44_imageft2_morphology_candidates/images/emetine/candidate_027_raw.png,CPFLOW/comparison_outputs/full44_imageft2_morphology_candidates/images/emetine/candidate_027_display.png,0.10806655883789062,0.02387147955596447,0.90503990650177,0.056554634124040604,0.06673333793878555,0.06947870552539825,0.07064341008663177,0.1427018940448761,0.15973125398159027,0.12125423550605774,0.48437419533729553,0.3299598693847656,0.05331351235508919,0.9284417033195496,0.12215369194746017,0.14672569930553436,0.1371496319770813,0.0793355256319046,0.19128738343715668,0.1878873109817505,0.15573248267173767,0.49475419521331787
emetine,28,-1.2178786581333594,CPFLOW/comparison_outputs/full44_imageft2_morphology_candidates/images/emetine/candidate_028_raw.png,CPFLOW/comparison_outputs/full44_imageft2_morphology_candidates/images/emetine/candidate_028_display.png,0.13129425048828125,0.027074579149484634,0.8980551958084106,0.07101191580295563,0.07756207138299942,0.07502397149801254,0.08254264295101166,0.1621817648410797,0.16530095040798187,0.12677185237407684,0.5347248911857605,0.3299598693847656,0.05331351235508919,0.9284417033195496,0.12215369194746017,0.14672569930553436,0.1371496319770813,0.0793355256319046,0.19128738343715668,0.1878873109817505,0.15573248267173767,0.49475419521331787
emetine,29,-0.7800920574486928,CPFLOW/comparison_outputs/full44_imageft2_morphology_candidates/images/emetine/candidate_029_raw.png,CPFLOW/comparison_outputs/full44_imageft2_morphology_candidates/images/emetine/candidate_029_display.png,0.19731903076171875,0.03751203045248985,0.9048928618431091,0.09561558067798615,0.08311336487531662,0.0942109078168869,0.0839645117521286,0.17204320430755615,0.18371418118476868,0.132134810090065,0.5163703560829163,0.3299598693847656,0.05331351235508919,0.9284417033195496,0.12215369194746017,0.14672569930553436,0.1371496319770813,0.0793355256319046,0.19128738343715668,0.1878873109817505,0.15573248267173767,0.49475419521331787
emetine,30,-1.1970583009830724,CPFLOW/comparison_outputs/full44_imageft2_morphology_candidates/images/emetine/candidate_030_raw.png,CPFLOW/comparison_outputs/full44_imageft2_morphology_candidates/images/emetine/candidate_030_display.png,0.1298065185546875,0.03235228359699249,0.8692247867584229,0.08654294908046722,0.07111839950084686,0.07335960119962692,0.09528647363185883,0.1421641707420349,0.1626371145248413,0.1093113124370575,0.4939003586769104,0.3299598693847656,0.05331351235508919,0.9284417033195496,0.12215369194746017,0.14672569930553436,0.1371496319770813,0.0793355256319046,0.19128738343715668,0.1878873109817505,0.15573248267173767,0.49475419521331787
emetine,31,-0.9828316848682666,CPFLOW/comparison_outputs/full44_imageft2_morphology_candidates/images/emetine/candidate_031_raw.png,CPFLOW/comparison_outputs/full44_imageft2_morphology_candidates/images/emetine/candidate_031_display.png,0.17354965209960938,0.03385988622903824,0.9516690373420715,0.06790556758642197,0.076227568089962,0.07707352936267853,0.040590863674879074,0.18323339521884918,0.1881696730852127,0.13342709839344025,0.49328458309173584,0.3299598693847656,0.05331351235508919,0.9284417033195496,0.12215369194746017,0.14672569930553436,0.1371496319770813,0.0793355256319046,0.19128738343715668,0.1878873109817505,0.15573248267173767,0.49475419521331787
hydroxyurea,0,-0.6657974273598991,CPFLOW/comparison_outputs/full44_imageft2_morphology_candidates/images/hydroxyurea/candidate_000_raw.png,CPFLOW/comparison_outputs/full44_imageft2_morphology_candidates/images/hydroxyurea/candidate_000_display.png,0.7212142944335938,0.05946742743253708,0.9112467765808105,0.25505587458610535,0.30258649587631226,0.23643821477890015,0.14789092540740967,0.2069983333349228,0.18663331866264343,0.19527345895767212,0.5150400400161743,0.5860118865966797,0.0597119964659214,0.9177989959716797,0.18707413971424103,0.2307504191994667,0.18492889404296875,0.11915040388703346,0.20160120725631714,0.18765051662921906,0.17883142083883286,0.49807286262512207
hydroxyurea,1,-1.373769352484847,CPFLOW/comparison_outputs/full44_imageft2_morphology_candidates/images/hydroxyurea/candidate_001_raw.png,CPFLOW/comparison_outputs/full44_imageft2_morphology_candidates/images/hydroxyurea/candidate_001_display.png,0.8466262817382812,0.06642980873584747,0.894912600517273,0.2719181180000305,0.37208330631256104,0.3157951235771179,0.20141535997390747,0.19084569811820984,0.19214209914207458,0.20227988064289093,0.5112574100494385,0.5860118865966797,0.0597119964659214,0.9177989959716797,0.18707413971424103,0.2307504191994667,0.18492889404296875,0.11915040388703346,0.20160120725631714,0.18765051662921906,0.17883142083883286,0.49807286262512207
hydroxyurea,2,-1.1209850782774182,CPFLOW/comparison_outputs/full44_imageft2_morphology_candidates/images/hydroxyurea/candidate_002_raw.png,CPFLOW/comparison_outputs/full44_imageft2_morphology_candidates/images/hydroxyurea/candidate_002_display.png,0.7842216491699219,0.07105550169944763,0.8603349328041077,0.23471102118492126,0.32215651869773865,0.2914932668209076,0.20499059557914734,0.1946696639060974,0.19478720426559448,0.1858295351266861,0.5019454956054688,0.5860118865966797,0.0597119964659214,0.9177989959716797,0.18707413971424103,0.2307504191994667,0.18492889404296875,0.11915040388703346,0.20160120725631714,0.18765051662921906,0.17883142083883286,0.49807286262512207
hydroxyurea,3,-0.8451188233191205,CPFLOW/comparison_outputs/full44_imageft2_morphology_candidates/images/hydroxyurea/candidate_003_raw.png,CPFLOW/comparison_outputs/full44_imageft2_morphology_candidates/images/hydroxyurea/candidate_003_display.png,0.7047233581542969,0.06756080687046051,0.8912560939788818,0.25439730286598206,0.31360357999801636,0.29430708289146423,0.18530547618865967,0.21937325596809387,0.22761541604995728,0.1812211573123932,0.49155324697494507,0.5860118865966797,0.0597119964659214,0.9177989959716797,0.18707413971424103,0.2307504191994667,0.18492889404296875,0.11915040388703346,0.20160120725631714,0.18765051662921906,0.17883142083883286,0.49807286262512207
hydroxyurea,4,-0.7092275849238061,CPFLOW/comparison_outputs/full44_imageft2_morphology_candidates/images/hydroxyurea/candidate_004_raw.png,CPFLOW/comparison_outputs/full44_imageft2_morphology_candidates/images/hydroxyurea/candidate_004_display.png,0.7146568298339844,0.06505361199378967,0.8810469508171082,0.23651127517223358,0.25673797726631165,0.2802329957485199,0.15017655491828918,0.18366651237010956,0.20803125202655792,0.18155744671821594,0.49947041273117065,0.5860118865966797,0.0597119964659214,0.9177989959716797,0.18707413971424103,0.2307504191994667,0.18492889404296875,0.11915040388703346,0.20160120725631714,0.18765051662921906,0.17883142083883286,0.49807286262512207
hydroxyurea,5,-0.7728061468496972,CPFLOW/comparison_outputs/full44_imageft2_morphology_candidates/images/hydroxyurea/candidate_005_raw.png,CPFLOW/comparison_outputs/full44_imageft2_morphology_candidates/images/hydroxyurea/candidate_005_display.png,0.7015914916992188,0.0778130441904068,0.912193775177002,0.268047571182251,0.28813016414642334,0.2679303288459778,0.14107726514339447,0.20793268084526062,0.21533741056919098,0.18717743456363678,0.4891166388988495,0.5860118865966797,0.0597119964659214,0.9177989959716797,0.18707413971424103,0.2307504191994667,0.18492889404296875,0.11915040388703346,0.20160120725631714,0.18765051662921906,0.17883142083883286,0.49807286262512207
hydroxyurea,6,-0.8948426814937702,CPFLOW/comparison_outputs/full44_imageft2_morphology_candidates/images/hydroxyurea/candidate_006_raw.png,CPFLOW/comparison_outputs/full44_imageft2_morphology_candidates/images/hydroxyurea/candidate_006_display.png,0.75054931640625,0.0640830397605896,0.8564067482948303,0.26002180576324463,0.32870668172836304,0.2607441842556,0.1466425210237503,0.2099427729845047,0.18539965152740479,0.16524237394332886,0.4951808452606201,0.5860118865966797,0.0597119964659214,0.9177989959716797,0.18707413971424103,0.2307504191994667,0.18492889404296875,0.11915040388703346,0.20160120725631714,0.18765051662921906,0.17883142083883286,0.49807286262512207
hydroxyurea,7,-0.7266161027568758,CPFLOW/comparison_outputs/full44_imageft2_morphology_candidates/images/hydroxyurea/candidate_007_raw.png,CPFLOW/comparison_outputs/full44_imageft2_morphology_candidates/images/hydroxyurea/candidate_007_display.png,0.7254219055175781,0.061446238309144974,0.8819738030433655,0.26282596588134766,0.2610109746456146,0.2815403640270233,0.13325025141239166,0.18243005871772766,0.21104075014591217,0.18720106780529022,0.5014966130256653,0.5860118865966797,0.0597119964659214,0.9177989959716797,0.18707413971424103,0.2307504191994667,0.18492889404296875,0.11915040388703346,0.20160120725631714,0.18765051662921906,0.17883142083883286,0.49807286262512207
hydroxyurea,8,-0.7940655107776613,CPFLOW/comparison_outputs/full44_imageft2_morphology_candidates/images/hydroxyurea/candidate_008_raw.png,CPFLOW/comparison_outputs/full44_imageft2_morphology_candidates/images/hydroxyurea/candidate_008_display.png,0.40599822998046875,0.05045327916741371,0.8883616328239441,0.16111323237419128,0.2005576640367508,0.15947335958480835,0.10739580541849136,0.23219694197177887,0.19463355839252472,0.15273664891719818,0.48478585481643677,0.5860118865966797,0.0597119964659214,0.9177989959716797,0.18707413971424103,0.2307504191994667,0.18492889404296875,0.11915040388703346,0.20160120725631714,0.18765051662921906,0.17883142083883286,0.49807286262512207
hydroxyurea,9,-0.48798174356252844,CPFLOW/comparison_outputs/full44_imageft2_morphology_candidates/images/hydroxyurea/candidate_009_raw.png,CPFLOW/comparison_outputs/full44_imageft2_morphology_candidates/images/hydroxyurea/candidate_009_display.png,0.6606636047363281,0.058197639882564545,0.8862454295158386,0.21602734923362732,0.2522770166397095,0.23123912513256073,0.18668502569198608,0.2279043048620224,0.21777687966823578,0.1776566207408905,0.4892282485961914,0.5860118865966797,0.0597119964659214,0.9177989959716797,0.18707413971424103,0.2307504191994667,0.18492889404296875,0.11915040388703346,0.20160120725631714,0.18765051662921906,0.17883142083883286,0.49807286262512207
hydroxyurea,10,-0.7438266430161635,CPFLOW/comparison_outputs/full44_imageft2_morphology_candidates/images/hydroxyurea/candidate_010_raw.png,CPFLOW/comparison_outputs/full44_imageft2_morphology_candidates/images/hydroxyurea/candidate_010_display.png,0.7406387329101562,0.06768359988927841,0.8830008506774902,0.23826591670513153,0.26021647453308105,0.2361496388912201,0.14028945565223694,0.1852235496044159,0.17969192564487457,0.1920895129442215,0.5134115219116211,0.5860118865966797,0.0597119964659214,0.9177989959716797,0.18707413971424103,0.2307504191994667,0.18492889404296875,0.11915040388703346,0.20160120725631714,0.18765051662921906,0.17883142083883286,0.49807286262512207
hydroxyurea,11,-0.9398396720862393,CPFLOW/comparison_outputs/full44_imageft2_morphology_candidates/images/hydroxyurea/candidate_011_raw.png,CPFLOW/comparison_outputs/full44_imageft2_morphology_candidates/images/hydroxyurea/candidate_011_display.png,0.7779655456542969,0.06119426712393761,0.8715648651123047,0.2739507853984833,0.33535435795783997,0.2302856147289276,0.16174285113811493,0.2054060399532318,0.17686644196510315,0.18449170887470245,0.5057564973831177,0.5860118865966797,0.0597119964659214,0.9177989959716797,0.18707413971424103,0.2307504191994667,0.18492889404296875,0.11915040388703346,0.20160120725631714,0.18765051662921906,0.17883142083883286,0.49807286262512207
hydroxyurea,12,-0.10447509469006071,CPFLOW/comparison_outputs/full44_imageft2_morphology_candidates/images/hydroxyurea/candidate_012_raw.png,CPFLOW/comparison_outputs/full44_imageft2_morphology_candidates/images/hydroxyurea/candidate_012_display.png,0.5806198120117188,0.05936279892921448,0.9241906404495239,0.21384486556053162,0.23452599346637726,0.16782285273075104,0.10013359785079956,0.2112625390291214,0.19339370727539062,0.1790696084499359,0.5031198263168335,0.5860118865966797,0.0597119964659214,0.9177989959716797,0.18707413971424103,0.2307504191994667,0.18492889404296875,0.11915040388703346,0.20160120725631714,0.18765051662921906,0.17883142083883286,0.49807286262512207
hydroxyurea,13,-0.3996661143819083,CPFLOW/comparison_outputs/full44_imageft2_morphology_candidates/images/hydroxyurea/candidate_013_raw.png,CPFLOW/comparison_outputs/full44_imageft2_morphology_candidates/images/hydroxyurea/candidate_013_display.png,0.6442909240722656,0.05661962181329727,0.8800662755966187,0.20441606640815735,0.26033031940460205,0.21133717894554138,0.17751331627368927,0.20386342704296112,0.17942731082439423,0.19256159663200378,0.4970889687538147,0.5860118865966797,0.0597119964659214,0.9177989959716797,0.18707413971424103,0.2307504191994667,0.18492889404296875,0.11915040388703346,0.20160120725631714,0.18765051662921906,0.17883142083883286,0.49807286262512207
hydroxyurea,14,-0.2324161909207417,CPFLOW/comparison_outputs/full44_imageft2_morphology_candidates/images/hydroxyurea/candidate_014_raw.png,CPFLOW/comparison_outputs/full44_imageft2_morphology_candidates/images/hydroxyurea/candidate_014_display.png,0.556610107421875,0.06315934658050537,0.9116898775100708,0.22237661480903625,0.23588518798351288,0.17320802807807922,0.09790299832820892,0.22379861772060394,0.19533386826515198,0.155423104763031,0.4949478805065155,0.5860118865966797,0.0597119964659214,0.9177989959716797,0.18707413971424103,0.2307504191994667,0.18492889404296875,0.11915040388703346,0.20160120725631714,0.18765051662921906,0.17883142083883286,0.49807286262512207
hydroxyurea,15,-0.5414321965594506,CPFLOW/comparison_outputs/full44_imageft2_morphology_candidates/images/hydroxyurea/candidate_015_raw.png,CPFLOW/comparison_outputs/full44_imageft2_morphology_candidates/images/hydroxyurea/candidate_015_display.png,0.6692962646484375,0.05662935972213745,0.8646049499511719,0.2015383541584015,0.263266384601593,0.25025802850723267,0.18473848700523376,0.19553881883621216,0.2009359896183014,0.18065723776817322,0.49345818161964417,0.5860118865966797,0.0597119964659214,0.9177989959716797,0.18707413971424103,0.2307504191994667,0.18492889404296875,0.11915040388703346,0.20160120725631714,0.18765051662921906,0.17883142083883286,0.49807286262512207
hydroxyurea,16,-0.7444205754851596,CPFLOW/comparison_outputs/full44_imageft2_morphology_candidates/images/hydroxyurea/candidate_016_raw.png,CPFLOW/comparison_outputs/full44_imageft2_morphology_candidates/images/hydroxyurea/candidate_016_display.png,0.7277717590332031,0.06005062907934189,0.8993500471115112,0.24559877812862396,0.2981947362422943,0.26914680004119873,0.16106610000133514,0.204828143119812,0.2044144570827484,0.19091114401817322,0.5085840821266174,0.5860118865966797,0.0597119964659214,0.9177989959716797,0.18707413971424103,0.2307504191994667,0.18492889404296875,0.11915040388703346,0.20160120725631714,0.18765051662921906,0.17883142083883286,0.49807286262512207
hydroxyurea,17,-0.6948326709029342,CPFLOW/comparison_outputs/full44_imageft2_morphology_candidates/images/hydroxyurea/candidate_017_raw.png,CPFLOW/comparison_outputs/full44_imageft2_morphology_candidates/images/hydroxyurea/candidate_017_display.png,0.7140579223632812,0.06865661591291428,0.8983684778213501,0.25426003336906433,0.2928329110145569,0.23467691242694855,0.14041981101036072,0.2123798131942749,0.1908712238073349,0.18182872235774994,0.5042774081230164,0.5860118865966797,0.0597119964659214,0.9177989959716797,0.18707413971424103,0.2307504191994667,0.18492889404296875,0.11915040388703346,0.20160120725631714,0.18765051662921906,0.17883142083883286,0.49807286262512207
hydroxyurea,18,-0.49520065272443303,CPFLOW/comparison_outputs/full44_imageft2_morphology_candidates/images/hydroxyurea/candidate_018_raw.png,CPFLOW/comparison_outputs/full44_imageft2_morphology_candidates/images/hydroxyurea/candidate_018_display.png,0.6193618774414062,0.06867761164903641,0.9126824140548706,0.24371160566806793,0.2921082377433777,0.25825047492980957,0.16496911644935608,0.23874935507774353,0.2260916829109192,0.18783199787139893,0.4997364282608032,0.5860118865966797,0.0597119964659214,0.9177989959716797,0.18707413971424103,0.2307504191994667,0.18492889404296875,0.11915040388703346,0.20160120725631714,0.18765051662921906,0.17883142083883286,0.49807286262512207
hydroxyurea,19,-1.0987168895888675,CPFLOW/comparison_outputs/full44_imageft2_morphology_candidates/images/hydroxyurea/candidate_019_raw.png,CPFLOW/comparison_outputs/full44_imageft2_morphology_candidates/images/hydroxyurea/candidate_019_display.png,0.7804908752441406,0.06845556199550629,0.8888567686080933,0.2637768089771271,0.3065563142299652,0.31959155201911926,0.1757592260837555,0.187258780002594,0.20587429404258728,0.20619893074035645,0.5026537179946899,0.5860118865966797,0.0597119964659214,0.9177989959716797,0.18707413971424103,0.2307504191994667,0.18492889404296875,0.11915040388703346,0.20160120725631714,0.18765051662921906,0.17883142083883286,0.49807286262512207
hydroxyurea,20,-0.8063256923242966,CPFLOW/comparison_outputs/full44_imageft2_morphology_candidates/images/hydroxyurea/candidate_020_raw.png,CPFLOW/comparison_outputs/full44_imageft2_morphology_candidates/images/hydroxyurea/candidate_020_display.png,0.4323577880859375,0.04359075427055359,0.8548299074172974,0.1643507182598114,0.186028391122818,0.1596611738204956,0.13229794800281525,0.20510056614875793,0.18588878214359283,0.15596061944961548,0.4998337924480438,0.5860118865966797,0.0597119964659214,0.9177989959716797,0.18707413971424103,0.2307504191994667,0.18492889404296875,0.11915040388703346,0.20160120725631714,0.18765051662921906,0.17883142083883286,0.49807286262512207
hydroxyurea,21,-0.23561561377254597,CPFLOW/comparison_outputs/full44_imageft2_morphology_candidates/images/hydroxyurea/candidate_021_raw.png,CPFLOW/comparison_outputs/full44_imageft2_morphology_candidates/images/hydroxyurea/candidate_021_display.png,0.620758056640625,0.058884792029857635,0.8360694050788879,0.20501436293125153,0.23935724794864655,0.19060292840003967,0.124982550740242,0.19963815808296204,0.17244422435760498,0.16668330132961273,0.5035481452941895,0.5860118865966797,0.0597119964659214,0.9177989959716797,0.18707413971424103,0.2307504191994667,0.18492889404296875,0.11915040388703346,0.20160120725631714,0.18765051662921906,0.17883142083883286,0.49807286262512207
hydroxyurea,22,-0.3664052574354937,CPFLOW/comparison_outputs/full44_imageft2_morphology_candidates/images/hydroxyurea/candidate_022_raw.png,CPFLOW/comparison_outputs/full44_imageft2_morphology_candidates/images/hydroxyurea/candidate_022_display.png,0.6052742004394531,0.06221209093928337,0.8857553005218506,0.22158248722553253,0.28512895107269287,0.23944906890392303,0.16921669244766235,0.2320503294467926,0.21820245683193207,0.18085728585720062,0.49447134137153625,0.5860118865966797,0.0597119964659214,0.9177989959716797,0.18707413971424103,0.2307504191994667,0.18492889404296875,0.11915040388703346,0.20160120725631714,0.18765051662921906,0.17883142083883286,0.49807286262512207
hydroxyurea,23,-0.22666230135545168,CPFLOW/comparison_outputs/full44_imageft2_morphology_candidates/images/hydroxyurea/candidate_023_raw.png,CPFLOW/comparison_outputs/full44_imageft2_morphology_candidates/images/hydroxyurea/candidate_023_display.png,0.5821571350097656,0.061152271926403046,0.9367868900299072,0.2439173012971878,0.23956069350242615,0.23711654543876648,0.12509185075759888,0.22957640886306763,0.23046869039535522,0.19689132273197174,0.5225976705551147,0.5860118865966797,0.0597119964659214,0.9177989959716797,0.18707413971424103,0.2307504191994667,0.18492889404296875,0.11915040388703346,0.20160120725631714,0.18765051662921906,0.17883142083883286,0.49807286262512207
hydroxyurea,24,-0.994729092269147,CPFLOW/comparison_outputs/full44_imageft2_morphology_candidates/images/hydroxyurea/candidate_024_raw.png,CPFLOW/comparison_outputs/full44_imageft2_morphology_candidates/images/hydroxyurea/candidate_024_display.png,0.37659454345703125,0.042721472680568695,0.8918311595916748,0.1544608622789383,0.17929156124591827,0.15150272846221924,0.10746556520462036,0.21920177340507507,0.19163386523723602,0.14855201542377472,0.5021936297416687,0.5860118865966797,0.0597119964659214,0.9177989959716797,0.18707413971424103,0.2307504191994667,0.18492889404296875,0.11915040388703346,0.20160120725631714,0.18765051662921906,0.17883142083883286,0.49807286262512207
hydroxyurea,25,-0.7178796470185301,CPFLOW/comparison_outputs/full44_imageft2_morphology_candidates/images/hydroxyurea/candidate_025_raw.png,CPFLOW/comparison_outputs/full44_imageft2_morphology_candidates/images/hydroxyurea/candidate_025_display.png,0.7154045104980469,0.06605324149131775,0.8213870525360107,0.2294934093952179,0.2729370594024658,0.24052096903324127,0.15006808936595917,0.1894432008266449,0.18580402433872223,0.1731996089220047,0.5026283264160156,0.5860118865966797,0.0597119964659214,0.9177989959716797,0.18707413971424103,0.2307504191994667,0.18492889404296875,0.11915040388703346,0.20160120725631714,0.18765051662921906,0.17883142083883286,0.49807286262512207
hydroxyurea,26,-0.41174253539136685,CPFLOW/comparison_outputs/full44_imageft2_morphology_candidates/images/hydroxyurea/candidate_026_raw.png,CPFLOW/comparison_outputs/full44_imageft2_morphology_candidates/images/hydroxyurea/candidate_026_display.png,0.6306343078613281,0.06100502610206604,0.9105038642883301,0.2277887910604477,0.2668822705745697,0.2614467144012451,0.1652633398771286,0.21434073150157928,0.21817421913146973,0.19020967185497284,0.5007311105728149,0.5860118865966797,0.0597119964659214,0.9177989959716797,0.18707413971424103,0.2307504191994667,0.18492889404296875,0.11915040388703346,0.20160120725631714,0.18765051662921906,0.17883142083883286,0.49807286262512207
hydroxyurea,27,-0.44484776753095784,CPFLOW/comparison_outputs/full44_imageft2_morphology_candidates/images/hydroxyurea/candidate_027_raw.png,CPFLOW/comparison_outputs/full44_imageft2_morphology_candidates/images/hydroxyurea/candidate_027_display.png,0.6351509094238281,0.06042570620775223,0.8668975234031677,0.20532719790935516,0.2763325870037079,0.25171253085136414,0.17908497154712677,0.21298597753047943,0.2131672203540802,0.17371265590190887,0.49535489082336426,0.5860118865966797,0.0597119964659214,0.9177989959716797,0.18707413971424103,0.2307504191994667,0.18492889404296875,0.11915040388703346,0.20160120725631714,0.18765051662921906,0.17883142083883286,0.49807286262512207
hydroxyurea,28,-0.4415935008234104,CPFLOW/comparison_outputs/full44_imageft2_morphology_candidates/images/hydroxyurea/candidate_028_raw.png,CPFLOW/comparison_outputs/full44_imageft2_morphology_candidates/images/hydroxyurea/candidate_028_display.png,0.6706924438476562,0.05935792252421379,0.9042304754257202,0.23211584985256195,0.2732236683368683,0.233476921916008,0.12767396867275238,0.20879711210727692,0.19466933608055115,0.1670064479112625,0.5045748949050903,0.5860118865966797,0.0597119964659214,0.9177989959716797,0.18707413971424103,0.2307504191994667,0.18492889404296875,0.11915040388703346,0.20160120725631714,0.18765051662921906,0.17883142083883286,0.49807286262512207
hydroxyurea,29,-0.9171196003369844,CPFLOW/comparison_outputs/full44_imageft2_morphology_candidates/images/hydroxyurea/candidate_029_raw.png,CPFLOW/comparison_outputs/full44_imageft2_morphology_candidates/images/hydroxyurea/candidate_029_display.png,0.7386970520019531,0.06514360010623932,0.8838668465614319,0.2555117905139923,0.3168218731880188,0.2971395254135132,0.17599016427993774,0.20513223111629486,0.21513743698596954,0.18709899485111237,0.49458858370780945,0.5860118865966797,0.0597119964659214,0.9177989959716797,0.18707413971424103,0.2307504191994667,0.18492889404296875,0.11915040388703346,0.20160120725631714,0.18765051662921906,0.17883142083883286,0.49807286262512207
hydroxyurea,30,-0.921939260708033,CPFLOW/comparison_outputs/full44_imageft2_morphology_candidates/images/hydroxyurea/candidate_030_raw.png,CPFLOW/comparison_outputs/full44_imageft2_morphology_candidates/images/hydroxyurea/candidate_030_display.png,0.7694511413574219,0.05867952108383179,0.8831831812858582,0.2493923455476761,0.31848636269569397,0.28396475315093994,0.1636897325515747,0.2026996910572052,0.1936335414648056,0.18285201489925385,0.5185792446136475,0.5860118865966797,0.0597119964659214,0.9177989959716797,0.18707413971424103,0.2307504191994667,0.18492889404296875,0.11915040388703346,0.20160120725631714,0.18765051662921906,0.17883142083883286,0.49807286262512207
hydroxyurea,31,-0.31794225879980387,CPFLOW/comparison_outputs/full44_imageft2_morphology_candidates/images/hydroxyurea/candidate_031_raw.png,CPFLOW/comparison_outputs/full44_imageft2_morphology_candidates/images/hydroxyurea/candidate_031_display.png,0.547332763671875,0.05557101592421532,0.8961778879165649,0.2127099335193634,0.26304352283477783,0.20265792310237885,0.1483120173215866,0.23481345176696777,0.19863435626029968,0.17569191753864288,0.48179516196250916,0.5860118865966797,0.0597119964659214,0.9177989959716797,0.18707413971424103,0.2307504191994667,0.18492889404296875,0.11915040388703346,0.20160120725631714,0.18765051662921906,0.17883142083883286,0.49807286262512207
doxorubicin,0,-0.7885935040283495,CPFLOW/comparison_outputs/full44_imageft2_morphology_candidates/images/doxorubicin/candidate_000_raw.png,CPFLOW/comparison_outputs/full44_imageft2_morphology_candidates/images/doxorubicin/candidate_000_display.png,0.9123687744140625,0.07366001605987549,0.8398634195327759,0.24954135715961456,0.3367796242237091,0.2733079493045807,0.22666007280349731,0.18037812411785126,0.19268642365932465,0.1853160262107849,0.5026995539665222,0.7672672271728516,0.0877966545522213,0.9141295254230499,0.26526421308517456,0.29892684519290924,0.24751095473766327,0.14390431344509125,0.18701928853988647,0.19654477387666702,0.20027897506952286,0.5019550919532776
doxorubicin,1,-3.855034492316273,CPFLOW/comparison_outputs/full44_imageft2_morphology_candidates/images/doxorubicin/candidate_001_raw.png,CPFLOW/comparison_outputs/full44_imageft2_morphology_candidates/images/doxorubicin/candidate_001_display.png,0.9550933837890625,0.089145228266716,0.8091413378715515,0.26577940583229065,0.33701905608177185,0.25527945160865784,0.24473507702350616,0.17498478293418884,0.17676526308059692,0.1985107958316803,0.493216872215271,0.7672672271728516,0.0877966545522213,0.9141295254230499,0.26526421308517456,0.29892684519290924,0.24751095473766327,0.14390431344509125,0.18701928853988647,0.19654477387666702,0.20027897506952286,0.5019550919532776
doxorubicin,2,-0.650062304486651,CPFLOW/comparison_outputs/full44_imageft2_morphology_candidates/images/doxorubicin/candidate_002_raw.png,CPFLOW/comparison_outputs/full44_imageft2_morphology_candidates/images/doxorubicin/candidate_002_display.png,0.8739204406738281,0.07892866432666779,0.8610309362411499,0.2821812033653259,0.33991649746894836,0.2854536473751068,0.2194756269454956,0.20659910142421722,0.22093167901039124,0.19361619651317596,0.5062821507453918,0.7672672271728516,0.0877966545522213,0.9141295254230499,0.26526421308517456,0.29892684519290924,0.24751095473766327,0.14390431344509125,0.18701928853988647,0.19654477387666702,0.20027897506952286,0.5019550919532776
doxorubicin,3,-0.5230446679869678,CPFLOW/comparison_outputs/full44_imageft2_morphology_candidates/images/doxorubicin/candidate_003_raw.png,CPFLOW/comparison_outputs/full44_imageft2_morphology_candidates/images/doxorubicin/candidate_003_display.png,0.8337287902832031,0.0815657302737236,0.8555278778076172,0.25522226095199585,0.3481558859348297,0.28729620575904846,0.21791960299015045,0.19824105501174927,0.21743865311145782,0.18054203689098358,0.4982075095176697,0.7672672271728516,0.0877966545522213,0.9141295254230499,0.26526421308517456,0.29892684519290924,0.24751095473766327,0.14390431344509125,0.18701928853988647,0.19654477387666702,0.20027897506952286,0.5019550919532776
doxorubicin,4,-3.8337476555230245,CPFLOW/comparison_outputs/full44_imageft2_morphology_candidates/images/doxorubicin/candidate_004_raw.png,CPFLOW/comparison_outputs/full44_imageft2_morphology_candidates/images/doxorubicin/candidate_004_display.png,0.9242591857910156,0.09712746739387512,0.8488708734512329,0.2827540934085846,0.3456014394760132,0.30722418427467346,0.23390068113803864,0.17667675018310547,0.19977492094039917,0.19896993041038513,0.508083701133728,0.7672672271728516,0.0877966545522213,0.9141295254230499,0.26526421308517456,0.29892684519290924,0.24751095473766327,0.14390431344509125,0.18701928853988647,0.19654477387666702,0.20027897506952286,0.5019550919532776
doxorubicin,5,-3.8830345160462016,CPFLOW/comparison_outputs/full44_imageft2_morphology_candidates/images/doxorubicin/candidate_005_raw.png,CPFLOW/comparison_outputs/full44_imageft2_morphology_candidates/images/doxorubicin/candidate_005_display.png,0.9417533874511719,0.07362393289804459,0.8228355050086975,0.24900898337364197,0.30843111872673035,0.23159979283809662,0.22975040972232819,0.2050773650407791,0.2171153873205185,0.1646355539560318,0.4838288724422455,0.7672672271728516,0.0877966545522213,0.9141295254230499,0.26526421308517456,0.29892684519290924,0.24751095473766327,0.14390431344509125,0.18701928853988647,0.19654477387666702,0.20027897506952286,0.5019550919532776
doxorubicin,6,-0.4179741186322336,CPFLOW/comparison_outputs/full44_imageft2_morphology_candidates/images/doxorubicin/candidate_006_raw.png,CPFLOW/comparison_outputs/full44_imageft2_morphology_candidates/images/doxorubicin/candidate_006_display.png,0.7351799011230469,0.06814797222614288,0.8595477938652039,0.24676479399204254,0.31284788250923157,0.26625707745552063,0.1953790783882141,0.20942647755146027,0.2096351981163025,0.18491913378238678,0.49900537729263306,0.7672672271728516,0.0877966545522213,0.9141295254230499,0.26526421308517456,0.29892684519290924,0.24751095473766327,0.14390431344509125,0.18701928853988647,0.19654477387666702,0.20027897506952286,0.5019550919532776
doxorubicin,7,-0.6562761797333394,CPFLOW/comparison_outputs/full44_imageft2_morphology_candidates/images/doxorubicin/candidate_007_raw.png,CPFLOW/comparison_outputs/full44_imageft2_morphology_candidates/images/doxorubicin/candidate_007_display.png,0.8652992248535156,0.08187450468540192,0.8511245250701904,0.28347039222717285,0.372185081243515,0.2874583601951599,0.2241334468126297,0.2012161761522293,0.21402592957019806,0.18886281549930573,0.5009965300559998,0.7672672271728516,0.0877966545522213,0.9141295254230499,0.26526421308517456,0.29892684519290924,0.24751095473766327,0.14390431344509125,0.18701928853988647,0.19654477387666702,0.20027897506952286,0.5019550919532776
doxorubicin,8,-0.8027288993837693,CPFLOW/comparison_outputs/full44_imageft2_morphology_candidates/images/doxorubicin/candidate_008_raw.png,CPFLOW/comparison_outputs/full44_imageft2_morphology_candidates/images/doxorubicin/candidate_008_display.png,0.8906974792480469,0.07354818284511566,0.8587499856948853,0.27022501826286316,0.3489326238632202,0.33116307854652405,0.23238657414913177,0.1954900324344635,0.22453273832798004,0.19523675739765167,0.5089805126190186,0.7672672271728516,0.0877966545522213,0.9141295254230499,0.26526421308517456,0.29892684519290924,0.24751095473766327,0.14390431344509125,0.18701928853988647,0.19654477387666702,0.20027897506952286,0.5019550919532776
doxorubicin,9,-3.966481818616147,CPFLOW/comparison_outputs/full44_imageft2_morphology_candidates/images/doxorubicin/candidate_009_raw.png,CPFLOW/comparison_outputs/full44_imageft2_morphology_candidates/images/doxorubicin/candidate_009_display.png,0.9498291015625,0.07571189850568771,0.7781323790550232,0.2729383111000061,0.3387776017189026,0.30007404088974,0.20943111181259155,0.15409992635250092,0.18799221515655518,0.1842070370912552,0.49746423959732056,0.7672672271728516,0.0877966545522213,0.9141295254230499,0.26526421308517456,0.29892684519290924,0.24751095473766327,0.14390431344509125,0.18701928853988647,0.19654477387666702,0.20027897506952286,0.5019550919532776
doxorubicin,10,-0.7289160698505106,CPFLOW/comparison_outputs/full44_imageft2_morphology_candidates/images/doxorubicin/candidate_010_raw.png,CPFLOW/comparison_outputs/full44_imageft2_morphology_candidates/images/doxorubicin/candidate_010_display.png,0.8998527526855469,0.07468345761299133,0.8430914282798767,0.2580510377883911,0.3278585970401764,0.2847910523414612,0.2236955314874649,0.18933112919330597,0.20447340607643127,0.19270986318588257,0.4941534101963043,0.7672672271728516,0.0877966545522213,0.9141295254230499,0.26526421308517456,0.29892684519290924,0.24751095473766327,0.14390431344509125,0.18701928853988647,0.19654477387666702,0.20027897506952286,0.5019550919532776
doxorubicin,11,-0.5283183148765794,CPFLOW/comparison_outputs/full44_imageft2_morphology_candidates/images/doxorubicin/candidate_011_raw.png,CPFLOW/comparison_outputs/full44_imageft2_morphology_candidates/images/doxorubicin/candidate_011_display.png,0.8569602966308594,0.07870478183031082,0.8603078722953796,0.23997411131858826,0.2930082082748413,0.25497302412986755,0.2153763324022293,0.1995406299829483,0.22204092144966125,0.18192361295223236,0.48686546087265015,0.7672672271728516,0.0877966545522213,0.9141295254230499,0.26526421308517456,0.29892684519290924,0.24751095473766327,0.14390431344509125,0.18701928853988647,0.19654477387666702,0.20027897506952286,0.5019550919532776
doxorubicin,12,-0.6786223453647486,CPFLOW/comparison_outputs/full44_imageft2_morphology_candidates/images/doxorubicin/candidate_012_raw.png,CPFLOW/comparison_outputs/full44_imageft2_morphology_candidates/images/doxorubicin/candidate_012_display.png,0.8967819213867188,0.08202282339334488,0.8548927903175354,0.24641373753547668,0.3267202377319336,0.27513813972473145,0.2277597337961197,0.17543119192123413,0.18569821119308472,0.18491552770137787,0.5065163373947144,0.7672672271728516,0.0877966545522213,0.9141295254230499,0.26526421308517456,0.29892684519290924,0.24751095473766327,0.14390431344509125,0.18701928853988647,0.19654477387666702,0.20027897506952286,0.5019550919532776
doxorubicin,13,-0.6774968466363496,CPFLOW/comparison_outputs/full44_imageft2_morphology_candidates/images/doxorubicin/candidate_013_raw.png,CPFLOW/comparison_outputs/full44_imageft2_morphology_candidates/images/doxorubicin/candidate_013_display.png,0.9032936096191406,0.08469802886247635,0.8313835859298706,0.2874634861946106,0.33864155411720276,0.2714739739894867,0.19600211083889008,0.17435215413570404,0.20738781988620758,0.18298962712287903,0.48797130584716797,0.7672672271728516,0.0877966545522213,0.9141295254230499,0.26526421308517456,0.29892684519290924,0.24751095473766327,0.14390431344509125,0.18701928853988647,0.19654477387666702,0.20027897506952286,0.5019550919532776
doxorubicin,14,-0.5243452457854934,CPFLOW/comparison_outputs/full44_imageft2_morphology_candidates/images/doxorubicin/candidate_014_raw.png,CPFLOW/comparison_outputs/full44_imageft2_morphology_candidates/images/doxorubicin/candidate_014_display.png,0.8178329467773438,0.06760144978761673,0.8653437495231628,0.22856879234313965,0.3079654574394226,0.28746598958969116,0.23295174539089203,0.18332216143608093,0.20253174006938934,0.201896533370018,0.5134004354476929,0.7672672271728516,0.0877966545522213,0.9141295254230499,0.26526421308517456,0.29892684519290924,0.24751095473766327,0.14390431344509125,0.18701928853988647,0.19654477387666702,0.20027897506952286,0.5019550919532776
doxorubicin,15,-0.7481909269885672,CPFLOW/comparison_outputs/full44_imageft2_morphology_candidates/images/doxorubicin/candidate_015_raw.png,CPFLOW/comparison_outputs/full44_imageft2_morphology_candidates/images/doxorubicin/candidate_015_display.png,0.9027862548828125,0.081379234790802,0.8612972497940063,0.28485381603240967,0.36381664872169495,0.30062136054039,0.22347846627235413,0.18412692844867706,0.19206777215003967,0.20526644587516785,0.5084306001663208,0.7672672271728516,0.0877966545522213,0.9141295254230499,0.26526421308517456,0.29892684519290924,0.24751095473766327,0.14390431344509125,0.18701928853988647,0.19654477387666702,0.20027897506952286,0.5019550919532776
doxorubicin,16,-0.7299979966453847,CPFLOW/comparison_outputs/full44_imageft2_morphology_candidates/images/doxorubicin/candidate_016_raw.png,CPFLOW/comparison_outputs/full44_imageft2_morphology_candidates/images/doxorubicin/candidate_016_display.png,0.9089736938476562,0.0814184844493866,0.8478150367736816,0.2471969872713089,0.33485087752342224,0.2718685567378998,0.21908892691135406,0.16509225964546204,0.173400416970253,0.19235393404960632,0.4993613660335541,0.7672672271728516,0.0877966545522213,0.9141295254230499,0.26526421308517456,0.29892684519290924,0.24751095473766327,0.14390431344509125,0.18701928853988647,0.19654477387666702,0.20027897506952286,0.5019550919532776
doxorubicin,17,-3.8886336918251865,CPFLOW/comparison_outputs/full44_imageft2_morphology_candidates/images/doxorubicin/candidate_017_raw.png,CPFLOW/comparison_outputs/full44_imageft2_morphology_candidates/images/doxorubicin/candidate_017_display.png,0.9385986328125,0.0770127922296524,0.8225738406181335,0.24607163667678833,0.3380991816520691,0.2818145751953125,0.22245608270168304,0.16859693825244904,0.18217940628528595,0.1786724478006363,0.4979478418827057,0.7672672271728516,0.0877966545522213,0.9141295254230499,0.26526421308517456,0.29892684519290924,0.24751095473766327,0.14390431344509125,0.18701928853988647,0.19654477387666702,0.20027897506952286,0.5019550919532776
doxorubicin,18,-0.579294530537579,CPFLOW/comparison_outputs/full44_imageft2_morphology_candidates/images/doxorubicin/candidate_018_raw.png,CPFLOW/comparison_outputs/full44_imageft2_morphology_candidates/images/doxorubicin/candidate_018_display.png,0.8527793884277344,0.07556772232055664,0.8526084423065186,0.23351137340068817,0.2952157258987427,0.23942485451698303,0.23052720725536346,0.21560069918632507,0.22922153770923615,0.18292000889778137,0.49457892775535583,0.7672672271728516,0.0877966545522213,0.9141295254230499,0.26526421308517456,0.29892684519290924,0.24751095473766327,0.14390431344509125,0.18701928853988647,0.19654477387666702,0.20027897506952286,0.5019550919532776
doxorubicin,19,-0.4472269216673048,CPFLOW/comparison_outputs/full44_imageft2_morphology_candidates/images/doxorubicin/candidate_019_raw.png,CPFLOW/comparison_outputs/full44_imageft2_morphology_candidates/images/doxorubicin/candidate_019_display.png,0.8195152282714844,0.07003816962242126,0.8532180786132812,0.2374906688928604,0.3019848167896271,0.2397185117006302,0.19480955600738525,0.17560136318206787,0.17645178735256195,0.18545998632907867,0.5051040649414062,0.7672672271728516,0.0877966545522213,0.9141295254230499,0.26526421308517456,0.29892684519290924,0.24751095473766327,0.14390431344509125,0.18701928853988647,0.19654477387666702,0.20027897506952286,0.5019550919532776
doxorubicin,20,-0.6125160554710654,CPFLOW/comparison_outputs/full44_imageft2_morphology_candidates/images/doxorubicin/candidate_020_raw.png,CPFLOW/comparison_outputs/full44_imageft2_morphology_candidates/images/doxorubicin/candidate_020_display.png,0.835418701171875,0.061993472278118134,0.833810031414032,0.2406805455684662,0.316528856754303,0.2618860900402069,0.22162798047065735,0.1995360106229782,0.19613714516162872,0.18678149580955505,0.5099514126777649,0.7672672271728516,0.0877966545522213,0.9141295254230499,0.26526421308517456,0.29892684519290924,0.24751095473766327,0.14390431344509125,0.18701928853988647,0.19654477387666702,0.20027897506952286,0.5019550919532776
doxorubicin,21,-3.8150527800348457,CPFLOW/comparison_outputs/full44_imageft2_morphology_candidates/images/doxorubicin/candidate_021_raw.png,CPFLOW/comparison_outputs/full44_imageft2_morphology_candidates/images/doxorubicin/candidate_021_display.png,0.9398078918457031,0.08652326464653015,0.841845691204071,0.2775745391845703,0.348342627286911,0.26828235387802124,0.2356865257024765,0.19761136174201965,0.21528667211532593,0.18949657678604126,0.5013874173164368,0.7672672271728516,0.0877966545522213,0.9141295254230499,0.26526421308517456,0.29892684519290924,0.24751095473766327,0.14390431344509125,0.18701928853988647,0.19654477387666702,0.20027897506952286,0.5019550919532776
doxorubicin,22,-0.6088376858504059,CPFLOW/comparison_outputs/full44_imageft2_morphology_candidates/images/doxorubicin/candidate_022_raw.png,CPFLOW/comparison_outputs/full44_imageft2_morphology_candidates/images/doxorubicin/candidate_022_display.png,0.8596305847167969,0.08404212445020676,0.8505321145057678,0.2690613865852356,0.35505399107933044,0.27894991636276245,0.22676292061805725,0.22117359936237335,0.2200274020433426,0.1843959540128708,0.5016658902168274,0.7672672271728516,0.0877966545522213,0.9141295254230499,0.26526421308517456,0.29892684519290924,0.24751095473766327,0.14390431344509125,0.18701928853988647,0.19654477387666702,0.20027897506952286,0.5019550919532776
doxorubicin,23,-3.9805003378531385,CPFLOW/comparison_outputs/full44_imageft2_morphology_candidates/images/doxorubicin/candidate_023_raw.png,CPFLOW/comparison_outputs/full44_imageft2_morphology_candidates/images/doxorubicin/candidate_023_display.png,0.9503097534179688,0.07908398658037186,0.842799723148346,0.25680261850357056,0.35113611817359924,0.32219022512435913,0.25509265065193176,0.19496464729309082,0.21857823431491852,0.18799322843551636,0.4943932592868805,0.7672672271728516,0.0877966545522213,0.9141295254230499,0.26526421308517456,0.29892684519290924,0.24751095473766327,0.14390431344509125,0.18701928853988647,0.19654477387666702,0.20027897506952286,0.5019550919532776
doxorubicin,24,-4.163930839914982,CPFLOW/comparison_outputs/full44_imageft2_morphology_candidates/images/doxorubicin/candidate_024_raw.png,CPFLOW/comparison_outputs/full44_imageft2_morphology_candidates/images/doxorubicin/candidate_024_display.png,0.9749755859375,0.07969596982002258,0.8083324432373047,0.32569819688796997,0.36389583349227905,0.3706926703453064,0.2316415160894394,0.1696252077817917,0.20638778805732727,0.18701958656311035,0.4936782717704773,0.7672672271728516,0.0877966545522213,0.9141295254230499,0.26526421308517456,0.29892684519290924,0.24751095473766327,0.14390431344509125,0.18701928853988647,0.19654477387666702,0.20027897506952286,0.5019550919532776
doxorubicin,25,-3.960997702492491,CPFLOW/comparison_outputs/full44_imageft2_morphology_candidates/images/doxorubicin/candidate_025_raw.png,CPFLOW/comparison_outputs/full44_imageft2_morphology_candidates/images/doxorubicin/candidate_025_display.png,0.9302444458007812,0.07475991547107697,0.8361402153968811,0.2812849283218384,0.39842209219932556,0.3181855082511902,0.2300058901309967,0.17961440980434418,0.1945289671421051,0.19690550863742828,0.5029689073562622,0.7672672271728516,0.0877966545522213,0.9141295254230499,0.26526421308517456,0.29892684519290924,0.24751095473766327,0.14390431344509125,0.18701928853988647,0.19654477387666702,0.20027897506952286,0.5019550919532776
doxorubicin,26,-0.44198785580979305,CPFLOW/comparison_outputs/full44_imageft2_morphology_candidates/images/doxorubicin/candidate_026_raw.png,CPFLOW/comparison_outputs/full44_imageft2_morphology_candidates/images/doxorubicin/candidate_026_display.png,0.8021774291992188,0.07737647742033005,0.8446065783500671,0.21634253859519958,0.28067076206207275,0.20603033900260925,0.20749519765377045,0.1990356296300888,0.18996059894561768,0.17411881685256958,0.487702339887619,0.7672672271728516,0.0877966545522213,0.9141295254230499,0.26526421308517456,0.29892684519290924,0.24751095473766327,0.14390431344509125,0.18701928853988647,0.19654477387666702,0.20027897506952286,0.5019550919532776
doxorubicin,27,-0.8835335475956684,CPFLOW/comparison_outputs/full44_imageft2_morphology_candidates/images/doxorubicin/candidate_027_raw.png,CPFLOW/comparison_outputs/full44_imageft2_morphology_candidates/images/doxorubicin/candidate_027_display.png,0.9063644409179688,0.0700794979929924,0.812078058719635,0.2107812613248825,0.3147337734699249,0.28179654479026794,0.2482273280620575,0.16327418386936188,0.1781758964061737,0.18094512820243835,0.5077064037322998,0.7672672271728516,0.0877966545522213,0.9141295254230499,0.26526421308517456,0.29892684519290924,0.24751095473766327,0.14390431344509125,0.18701928853988647,0.19654477387666702,0.20027897506952286,0.5019550919532776
doxorubicin,28,-0.39000443503042254,CPFLOW/comparison_outputs/full44_imageft2_morphology_candidates/images/doxorubicin/candidate_028_raw.png,CPFLOW/comparison_outputs/full44_imageft2_morphology_candidates/images/doxorubicin/candidate_028_display.png,0.8287086486816406,0.08284473419189453,0.8689859509468079,0.2871379852294922,0.33477160334587097,0.2212260663509369,0.17391368746757507,0.19141091406345367,0.19240279495716095,0.19100376963615417,0.5020231604576111,0.7672672271728516,0.0877966545522213,0.9141295254230499,0.26526421308517456,0.29892684519290924,0.24751095473766327,0.14390431344509125,0.18701928853988647,0.19654477387666702,0.20027897506952286,0.5019550919532776
doxorubicin,29,-3.865876077573403,CPFLOW/comparison_outputs/full44_imageft2_morphology_candidates/images/doxorubicin/candidate_029_raw.png,CPFLOW/comparison_outputs/full44_imageft2_morphology_candidates/images/doxorubicin/candidate_029_display.png,0.9497871398925781,0.08756214380264282,0.8313262462615967,0.2761603891849518,0.3565032184123993,0.28447702527046204,0.2397027611732483,0.1852516382932663,0.20212696492671967,0.18819354474544525,0.5067664384841919,0.7672672271728516,0.0877966545522213,0.9141295254230499,0.26526421308517456,0.29892684519290924,0.24751095473766327,0.14390431344509125,0.18701928853988647,0.19654477387666702,0.20027897506952286,0.5019550919532776
doxorubicin,30,-0.7367285609406649,CPFLOW/comparison_outputs/full44_imageft2_morphology_candidates/images/doxorubicin/candidate_030_raw.png,CPFLOW/comparison_outputs/full44_imageft2_morphology_candidates/images/doxorubicin/candidate_030_display.png,0.8910903930664062,0.07043343037366867,0.8451739549636841,0.2394992858171463,0.29071420431137085,0.2679516673088074,0.21605579555034637,0.2087939828634262,0.2308829128742218,0.17305827140808105,0.49121764302253723,0.7672672271728516,0.0877966545522213,0.9141295254230499,0.26526421308517456,0.29892684519290924,0.24751095473766327,0.14390431344509125,0.18701928853988647,0.19654477387666702,0.20027897506952286,0.5019550919532776
doxorubicin,31,-0.7219996548435962,CPFLOW/comparison_outputs/full44_imageft2_morphology_candidates/images/doxorubicin/candidate_031_raw.png,CPFLOW/comparison_outputs/full44_imageft2_morphology_candidates/images/doxorubicin/candidate_031_display.png,0.8878898620605469,0.0727585181593895,0.8606219291687012,0.2642502188682556,0.3245857059955597,0.28720682859420776,0.24131296575069427,0.1959705948829651,0.22125454246997833,0.19500574469566345,0.49247056245803833,0.7672672271728516,0.0877966545522213,0.9141295254230499,0.26526421308517456,0.29892684519290924,0.24751095473766327,0.14390431344509125,0.18701928853988647,0.19654477387666702,0.20027897506952286,0.5019550919532776
camptothecin,0,-1.7005205246873627,CPFLOW/comparison_outputs/full44_imageft2_morphology_candidates/images/camptothecin/candidate_000_raw.png,CPFLOW/comparison_outputs/full44_imageft2_morphology_candidates/images/camptothecin/candidate_000_display.png,0.053325653076171875,0.028197146952152252,0.8591680526733398,0.09513776004314423,0.024855567142367363,0.05785922333598137,0.09520037472248077,0.10203289240598679,0.11543402075767517,0.08486475050449371,0.47910428047180176,0.30538368225097656,0.0630328319966793,0.9377719759941101,0.14750810712575912,0.14483648538589478,0.15184078365564346,0.09846819937229156,0.2022000253200531,0.19845984131097794,0.15405073761940002,0.4998009204864502
camptothecin,1,-1.8507142245774115,CPFLOW/comparison_outputs/full44_imageft2_morphology_candidates/images/camptothecin/candidate_001_raw.png,CPFLOW/comparison_outputs/full44_imageft2_morphology_candidates/images/camptothecin/candidate_001_display.png,0.046497344970703125,0.030039647594094276,0.7024980783462524,0.07801951467990875,0.027912188321352005,0.09449290484189987,0.07707534730434418,0.08383338898420334,0.07720877230167389,0.07242496311664581,0.5054970979690552,0.30538368225097656,0.0630328319966793,0.9377719759941101,0.14750810712575912,0.14483648538589478,0.15184078365564346,0.09846819937229156,0.2022000253200531,0.19845984131097794,0.15405073761940002,0.4998009204864502
camptothecin,2,-1.706065280438221,CPFLOW/comparison_outputs/full44_imageft2_morphology_candidates/images/camptothecin/candidate_002_raw.png,CPFLOW/comparison_outputs/full44_imageft2_morphology_candidates/images/camptothecin/candidate_002_display.png,0.07422637939453125,0.025200065225362778,0.844943642616272,0.08739220350980759,0.030031077563762665,0.04358530044555664,0.08137046545743942,0.12332107871770859,0.13139019906520844,0.09480629116296768,0.48154276609420776,0.30538368225097656,0.0630328319966793,0.9377719759941101,0.14750810712575912,0.14483648538589478,0.15184078365564346,0.09846819937229156,0.2022000253200531,0.19845984131097794,0.15405073761940002,0.4998009204864502
camptothecin,3,-5.322192842460609,CPFLOW/comparison_outputs/full44_imageft2_morphology_candidates/images/camptothecin/candidate_003_raw.png,CPFLOW/comparison_outputs/full44_imageft2_morphology_candidates/images/camptothecin/candidate_003_display.png,0.02103424072265625,0.022308919578790665,0.5694467425346375,0.06263049691915512,0.010977017693221569,0.01983369141817093,0.06209345906972885,0.08370240032672882,0.08149313926696777,0.06872910261154175,0.4670182466506958,0.30538368225097656,0.0630328319966793,0.9377719759941101,0.14750810712575912,0.14483648538589478,0.15184078365564346,0.09846819937229156,0.2022000253200531,0.19845984131097794,0.15405073761940002,0.4998009204864502
camptothecin,4,-2.037704491240769,CPFLOW/comparison_outputs/full44_imageft2_morphology_candidates/images/camptothecin/candidate_004_raw.png,CPFLOW/comparison_outputs/full44_imageft2_morphology_candidates/images/camptothecin/candidate_004_display.png,0.031764984130859375,0.02163419872522354,0.8264314532279968,0.041917964816093445,0.03112701140344143,0.04524638503789902,0.051011472940444946,0.10585593432188034,0.103217713534832,0.07807550579309464,0.47473007440567017,0.30538368225097656,0.0630328319966793,0.9377719759941101,0.14750810712575912,0.14483648538589478,0.15184078365564346,0.09846819937229156,0.2022000253200531,0.19845984131097794,0.15405073761940002,0.4998009204864502
camptothecin,5,-1.9234486897557335,CPFLOW/comparison_outputs/full44_imageft2_morphology_candidates/images/camptothecin/candidate_005_raw.png,CPFLOW/comparison_outputs/full44_imageft2_morphology_candidates/images/camptothecin/candidate_005_display.png,0.041362762451171875,0.02399774268269539,0.8266103863716125,0.05291689559817314,0.03672494739294052,0.051172856241464615,0.06420009583234787,0.1027822345495224,0.10155978798866272,0.07569616287946701,0.4899500906467438,0.30538368225097656,0.0630328319966793,0.9377719759941101,0.14750810712575912,0.14483648538589478,0.15184078365564346,0.09846819937229156,0.2022000253200531,0.19845984131097794,0.15405073761940002,0.4998009204864502
camptothecin,6,-1.0711508211926488,CPFLOW/comparison_outputs/full44_imageft2_morphology_candidates/images/camptothecin/candidate_006_raw.png,CPFLOW/comparison_outputs/full44_imageft2_morphology_candidates/images/camptothecin/candidate_006_display.png,0.14254379272460938,0.03810534626245499,0.8804516792297363,0.09613816440105438,0.07682256400585175,0.09561546891927719,0.09964185953140259,0.15677890181541443,0.1597318798303604,0.1045927032828331,0.507903516292572,0.30538368225097656,0.0630328319966793,0.9377719759941101,0.14750810712575912,0.14483648538589478,0.15184078365564346,0.09846819937229156,0.2022000253200531,0.19845984131097794,0.15405073761940002,0.4998009204864502
camptothecin,7,-0.47672948394376935,CPFLOW/comparison_outputs/full44_imageft2_morphology_candidates/images/camptothecin/candidate_007_raw.png,CPFLOW/comparison_outputs/full44_imageft2_morphology_candidates/images/camptothecin/candidate_007_display.png,0.2505950927734375,0.048119500279426575,0.8649666905403137,0.1399526596069336,0.12470024079084396,0.14068002998828888,0.13668788969516754,0.1942145675420761,0.20908091962337494,0.1302814781665802,0.5209830403327942,0.30538368225097656,0.0630328319966793,0.9377719759941101,0.14750810712575912,0.14483648538589478,0.15184078365564346,0.09846819937229156,0.2022000253200531,0.19845984131097794,0.15405073761940002,0.4998009204864502
camptothecin,8,-2.480197414114179,CPFLOW/comparison_outputs/full44_imageft2_morphology_candidates/images/camptothecin/candidate_008_raw.png,CPFLOW/comparison_outputs/full44_imageft2_morphology_candidates/images/camptothecin/candidate_008_display.png,0.7177391052246094,0.11950378119945526,0.3520057797431946,0.17345553636550903,0.025620972737669945,0.1913846880197525,0.08300663530826569,0.06623565405607224,0.10117045044898987,0.06608041375875473,0.48689791560173035,0.30538368225097656,0.0630328319966793,0.9377719759941101,0.14750810712575912,0.14483648538589478,0.15184078365564346,0.09846819937229156,0.2022000253200531,0.19845984131097794,0.15405073761940002,0.4998009204864502
camptothecin,9,-1.4656389670719934,CPFLOW/comparison_outputs/full44_imageft2_morphology_candidates/images/camptothecin/candidate_009_raw.png,CPFLOW/comparison_outputs/full44_imageft2_morphology_candidates/images/camptothecin/candidate_009_display.png,0.09011459350585938,0.028339220210909843,0.889164924621582,0.08867470920085907,0.04769773781299591,0.07829312235116959,0.08876670897006989,0.13555097579956055,0.15048988163471222,0.10052485764026642,0.4918791651725769,0.30538368225097656,0.0630328319966793,0.9377719759941101,0.14750810712575912,0.14483648538589478,0.15184078365564346,0.09846819937229156,0.2022000253200531,0.19845984131097794,0.15405073761940002,0.4998009204864502
camptothecin,10,-5.599086224404493,CPFLOW/comparison_outputs/full44_imageft2_morphology_candidates/images/camptothecin/candidate_010_raw.png,CPFLOW/comparison_outputs/full44_imageft2_morphology_candidates/images/camptothecin/candidate_010_display.png,0.024646759033203125,0.019055306911468506,0.36166703701019287,0.04919542372226715,0.009615437127649784,0.01329338364303112,0.05277502164244652,0.07172632962465286,0.07052533328533173,0.07556690275669098,0.48248621821403503,0.30538368225097656,0.0630328319966793,0.9377719759941101,0.14750810712575912,0.14483648538589478,0.15184078365564346,0.09846819937229156,0.2022000253200531,0.19845984131097794,0.15405073761940002,0.4998009204864502
camptothecin,11,-1.2271913350523895,CPFLOW/comparison_outputs/full44_imageft2_morphology_candidates/images/camptothecin/candidate_011_raw.png,CPFLOW/comparison_outputs/full44_imageft2_morphology_candidates/images/camptothecin/candidate_011_display.png,0.13262939453125,0.03309158235788345,0.8693960905075073,0.09955926239490509,0.055590320378541946,0.09823760390281677,0.09167926758527756,0.13786622881889343,0.15889935195446014,0.094935841858387,0.48286354541778564,0.30538368225097656,0.0630328319966793,0.9377719759941101,0.14750810712575912,0.14483648538589478,0.15184078365564346,0.09846819937229156,0.2022000253200531,0.19845984131097794,0.15405073761940002,0.4998009204864502
camptothecin,12,-2.0827577235169863,CPFLOW/comparison_outputs/full44_imageft2_morphology_candidates/images/camptothecin/candidate_012_raw.png,CPFLOW/comparison_outputs/full44_imageft2_morphology_candidates/images/camptothecin/candidate_012_display.png,0.039203643798828125,0.016204219311475754,0.8889737725257874,0.04639801010489464,0.024971459060907364,0.05227312445640564,0.05163377523422241,0.11211699992418289,0.11223428696393967,0.09383007884025574,0.49654436111450195,0.30538368225097656,0.0630328319966793,0.9377719759941101,0.14750810712575912,0.14483648538589478,0.15184078365564346,0.09846819937229156,0.2022000253200531,0.19845984131097794,0.15405073761940002,0.4998009204864502
camptothecin,13,-1.5033123383415994,CPFLOW/comparison_outputs/full44_imageft2_morphology_candidates/images/camptothecin/candidate_013_raw.png,CPFLOW/comparison_outputs/full44_imageft2_morphology_candidates/images/camptothecin/candidate_013_display.png,0.07596588134765625,0.02972319908440113,0.9139127731323242,0.08094988763332367,0.052420131862163544,0.0686350166797638,0.09065531939268112,0.1308748424053192,0.12618166208267212,0.08803820610046387,0.4789803624153137,0.30538368225097656,0.0630328319966793,0.9377719759941101,0.14750810712575912,0.14483648538589478,0.15184078365564346,0.09846819937229156,0.2022000253200531,0.19845984131097794,0.15405073761940002,0.4998009204864502
camptothecin,14,-1.4202164989053865,CPFLOW/comparison_outputs/full44_imageft2_morphology_candidates/images/camptothecin/candidate_014_raw.png,CPFLOW/comparison_outputs/full44_imageft2_morphology_candidates/images/camptothecin/candidate_014_display.png,0.09021377563476562,0.030215276405215263,0.8801179528236389,0.11447301506996155,0.0482516773045063,0.06456557661294937,0.10081449151039124,0.15569166839122772,0.14571329951286316,0.09466858208179474,0.48533377051353455,0.30538368225097656,0.0630328319966793,0.9377719759941101,0.14750810712575912,0.14483648538589478,0.15184078365564346,0.09846819937229156,0.2022000253200531,0.19845984131097794,0.15405073761940002,0.4998009204864502
camptothecin,15,-1.6631707907897963,CPFLOW/comparison_outputs/full44_imageft2_morphology_candidates/images/camptothecin/candidate_015_raw.png,CPFLOW/comparison_outputs/full44_imageft2_morphology_candidates/images/camptothecin/candidate_015_display.png,0.0708465576171875,0.026190634816884995,0.8612765669822693,0.09011918306350708,0.03912690654397011,0.05715305358171463,0.08510279655456543,0.13481095433235168,0.11024398356676102,0.08565302938222885,0.4879293739795685,0.30538368225097656,0.0630328319966793,0.9377719759941101,0.14750810712575912,0.14483648538589478,0.15184078365564346,0.09846819937229156,0.2022000253200531,0.19845984131097794,0.15405073761940002,0.4998009204864502
camptothecin,16,-5.039864508613605,CPFLOW/comparison_outputs/full44_imageft2_morphology_candidates/images/camptothecin/candidate_016_raw.png,CPFLOW/comparison_outputs/full44_imageft2_morphology_candidates/images/camptothecin/candidate_016_display.png,0.029010772705078125,0.022543039172887802,0.7544654011726379,0.07455998659133911,0.023942142724990845,0.05235322564840317,0.08367999643087387,0.09376495331525803,0.08743128180503845,0.07434970140457153,0.47413522005081177,0.30538368225097656,0.0630328319966793,0.9377719759941101,0.14750810712575912,0.14483648538589478,0.15184078365564346,0.09846819937229156,0.2022000253200531,0.19845984131097794,0.15405073761940002,0.4998009204864502
camptothecin,17,-1.9334968907175132,CPFLOW/comparison_outputs/full44_imageft2_morphology_candidates/images/camptothecin/candidate_017_raw.png,CPFLOW/comparison_outputs/full44_imageft2_morphology_candidates/images/camptothecin/candidate_017_display.png,0.0440673828125,0.024385415017604828,0.7802979350090027,0.062378574162721634,0.028002478182315826,0.05678705498576164,0.06592445820569992,0.09917648881673813,0.11000070720911026,0.07795602828264236,0.4841623902320862,0.30538368225097656,0.0630328319966793,0.9377719759941101,0.14750810712575912,0.14483648538589478,0.15184078365564346,0.09846819937229156,0.2022000253200531,0.19845984131097794,0.15405073761940002,0.4998009204864502
camptothecin,18,-1.5115129458723733,CPFLOW/comparison_outputs/full44_imageft2_morphology_candidates/images/camptothecin/candidate_018_raw.png,CPFLOW/comparison_outputs/full44_imageft2_morphology_candidates/images/camptothecin/candidate_018_display.png,0.2673072814941406,0.03666949272155762,0.17675143480300903,0.1045728549361229,0.019347501918673515,0.0879240557551384,0.11339950561523438,0.0687279924750328,0.08044008910655975,0.06546900421380997,0.4943135976791382,0.30538368225097656,0.0630328319966793,0.9377719759941101,0.14750810712575912,0.14483648538589478,0.15184078365564346,0.09846819937229156,0.2022000253200531,0.19845984131097794,0.15405073761940002,0.4998009204864502
camptothecin,19,-0.5762635111048666,CPFLOW/comparison_outputs/full44_imageft2_morphology_candidates/images/camptothecin/candidate_019_raw.png,CPFLOW/comparison_outputs/full44_imageft2_morphology_candidates/images/camptothecin/candidate_019_display.png,0.2207183837890625,0.04743378609418869,0.9452384114265442,0.10938722640275955,0.10611897706985474,0.12575756013393402,0.07408954203128815,0.18877080082893372,0.18514575064182281,0.128488227725029,0.4986940920352936,0.30538368225097656,0.0630328319966793,0.9377719759941101,0.14750810712575912,0.14483648538589478,0.15184078365564346,0.09846819937229156,0.2022000253200531,0.19845984131097794,0.15405073761940002,0.4998009204864502
camptothecin,20,-2.0369540240967425,CPFLOW/comparison_outputs/full44_imageft2_morphology_candidates/images/camptothecin/candidate_020_raw.png,CPFLOW/comparison_outputs/full44_imageft2_morphology_candidates/images/camptothecin/candidate_020_display.png,0.04238128662109375,0.019402822479605675,0.8493772149085999,0.051193155348300934,0.02870328538119793,0.03970431908965111,0.05461876466870308,0.10830028355121613,0.1014568954706192,0.08136825263500214,0.4731495976448059,0.30538368225097656,0.0630328319966793,0.9377719759941101,0.14750810712575912,0.14483648538589478,0.15184078365564346,0.09846819937229156,0.2022000253200531,0.19845984131097794,0.15405073761940002,0.4998009204864502
camptothecin,21,-1.5465180700361634,CPFLOW/comparison_outputs/full44_imageft2_morphology_candidates/images/camptothecin/candidate_021_raw.png,CPFLOW/comparison_outputs/full44_imageft2_morphology_candidates/images/camptothecin/candidate_021_display.png,0.05724334716796875,0.03890202194452286,0.8384996652603149,0.08993926644325256,0.03203472122550011,0.054077450186014175,0.09709818661212921,0.10767220705747604,0.10792221128940582,0.08056000620126724,0.48268574476242065,0.30538368225097656,0.0630328319966793,0.9377719759941101,0.14750810712575912,0.14483648538589478,0.15184078365564346,0.09846819937229156,0.2022000253200531,0.19845984131097794,0.15405073761940002,0.4998009204864502
camptothecin,22,-1.6321599030551934,CPFLOW/comparison_outputs/full44_imageft2_morphology_candidates/images/camptothecin/candidate_022_raw.png,CPFLOW/comparison_outputs/full44_imageft2_morphology_candidates/images/camptothecin/candidate_022_display.png,0.060161590576171875,0.029259903356432915,0.8716570734977722,0.07396114617586136,0.046668410301208496,0.06196462735533714,0.08715198934078217,0.11413820832967758,0.12069826573133469,0.08872433751821518,0.47946563363075256,0.30538368225097656,0.0630328319966793,0.9377719759941101,0.14750810712575912,0.14483648538589478,0.15184078365564346,0.09846819937229156,0.2022000253200531,0.19845984131097794,0.15405073761940002,0.4998009204864502
camptothecin,23,-1.8650131621845039,CPFLOW/comparison_outputs/full44_imageft2_morphology_candidates/images/camptothecin/candidate_023_raw.png,CPFLOW/comparison_outputs/full44_imageft2_morphology_candidates/images/camptothecin/candidate_023_display.png,0.06165313720703125,0.020683541893959045,0.8580519556999207,0.07193664461374283,0.0317845419049263,0.043113838881254196,0.06497440487146378,0.13063235580921173,0.12484512478113174,0.09052672982215881,0.49156004190444946,0.30538368225097656,0.0630328319966793,0.9377719759941101,0.14750810712575912,0.14483648538589478,0.15184078365564346,0.09846819937229156,0.2022000253200531,0.19845984131097794,0.15405073761940002,0.4998009204864502
camptothecin,24,-1.4394336325982569,CPFLOW/comparison_outputs/full44_imageft2_morphology_candidates/images/camptothecin/candidate_024_raw.png,CPFLOW/comparison_outputs/full44_imageft2_morphology_candidates/images/camptothecin/candidate_024_display.png,0.08885955810546875,0.03207704797387123,0.8685840368270874,0.10483698546886444,0.0443938784301281,0.08054491877555847,0.10854916274547577,0.12169338762760162,0.1383512020111084,0.08834420144557953,0.49479588866233826,0.30538368225097656,0.0630328319966793,0.9377719759941101,0.14750810712575912,0.14483648538589478,0.15184078365564346,0.09846819937229156,0.2022000253200531,0.19845984131097794,0.15405073761940002,0.4998009204864502
camptothecin,25,-1.6708220566812513,CPFLOW/comparison_outputs/full44_imageft2_morphology_candidates/images/camptothecin/candidate_025_raw.png,CPFLOW/comparison_outputs/full44_imageft2_morphology_candidates/images/camptothecin/candidate_025_display.png,0.490234375,0.04028253257274628,0.4995260238647461,0.135105162858963,0.011061783879995346,0.07137564569711685,0.13807795941829681,0.07655325531959534,0.08143232017755508,0.0720757246017456,0.49646830558776855,0.30538368225097656,0.0630328319966793,0.9377719759941101,0.14750810712575912,0.14483648538589478,0.15184078365564346,0.09846819937229156,0.2022000253200531,0.19845984131097794,0.15405073761940002,0.4998009204864502
camptothecin,26,-1.0014590715504887,CPFLOW/comparison_outputs/full44_imageft2_morphology_candidates/images/camptothecin/candidate_026_raw.png,CPFLOW/comparison_outputs/full44_imageft2_morphology_candidates/images/camptothecin/candidate_026_display.png,0.21488189697265625,0.03872724995017052,0.8415129780769348,0.13233771920204163,0.03459766507148743,0.07868083566427231,0.1262882649898529,0.12607456743717194,0.13939596712589264,0.08383499830961227,0.4998217225074768,0.30538368225097656,0.0630328319966793,0.9377719759941101,0.14750810712575912,0.14483648538589478,0.15184078365564346,0.09846819937229156,0.2022000253200531,0.19845984131097794,0.15405073761940002,0.4998009204864502
camptothecin,27,-1.5946426596935488,CPFLOW/comparison_outputs/full44_imageft2_morphology_candidates/images/camptothecin/candidate_027_raw.png,CPFLOW/comparison_outputs/full44_imageft2_morphology_candidates/images/camptothecin/candidate_027_display.png,0.07666778564453125,0.026171796023845673,0.8723970055580139,0.09328428655862808,0.04308478534221649,0.06117946282029152,0.09727150946855545,0.1289358288049698,0.13053815066814423,0.09382282942533493,0.5016810297966003,0.30538368225097656,0.0630328319966793,0.9377719759941101,0.14750810712575912,0.14483648538589478,0.15184078365564346,0.09846819937229156,0.2022000253200531,0.19845984131097794,0.15405073761940002,0.4998009204864502
camptothecin,28,-1.8916957095649778,CPFLOW/comparison_outputs/full44_imageft2_morphology_candidates/images/camptothecin/candidate_028_raw.png,CPFLOW/comparison_outputs/full44_imageft2_morphology_candidates/images/camptothecin/candidate_028_display.png,0.033782958984375,0.029436448588967323,0.7648528218269348,0.08586148917675018,0.016878152266144753,0.03498278930783272,0.08467994630336761,0.10301080346107483,0.09603098779916763,0.07253102213144302,0.4671769142150879,0.30538368225097656,0.0630328319966793,0.9377719759941101,0.14750810712575912,0.14483648538589478,0.15184078365564346,0.09846819937229156,0.2022000253200531,0.19845984131097794,0.15405073761940002,0.4998009204864502
camptothecin,29,-1.6996150870080764,CPFLOW/comparison_outputs/full44_imageft2_morphology_candidates/images/camptothecin/candidate_029_raw.png,CPFLOW/comparison_outputs/full44_imageft2_morphology_candidates/images/camptothecin/candidate_029_display.png,0.07698822021484375,0.02397020161151886,0.8764312863349915,0.07500629872083664,0.03731689602136612,0.06031061336398125,0.0723867118358612,0.12680427730083466,0.11514328420162201,0.09309570491313934,0.48947998881340027,0.30538368225097656,0.0630328319966793,0.9377719759941101,0.14750810712575912,0.14483648538589478,0.15184078365564346,0.09846819937229156,0.2022000253200531,0.19845984131097794,0.15405073761940002,0.4998009204864502
camptothecin,30,-0.8326459422033021,CPFLOW/comparison_outputs/full44_imageft2_morphology_candidates/images/camptothecin/candidate_030_raw.png,CPFLOW/comparison_outputs/full44_imageft2_morphology_candidates/images/camptothecin/candidate_030_display.png,0.19072723388671875,0.046117234975099564,0.8741117715835571,0.12999171018600464,0.05887775868177414,0.08713991194963455,0.09788738191127777,0.1525045484304428,0.16387182474136353,0.11547081917524338,0.5039539933204651,0.30538368225097656,0.0630328319966793,0.9377719759941101,0.14750810712575912,0.14483648538589478,0.15184078365564346,0.09846819937229156,0.2022000253200531,0.19845984131097794,0.15405073761940002,0.4998009204864502
camptothecin,31,-1.8546981795404234,CPFLOW/comparison_outputs/full44_imageft2_morphology_candidates/images/camptothecin/candidate_031_raw.png,CPFLOW/comparison_outputs/full44_imageft2_morphology_candidates/images/camptothecin/candidate_031_display.png,0.40264892578125,0.025599583983421326,0.21523216366767883,0.09393779933452606,0.04036211594939232,0.07985366135835648,0.1305486261844635,0.06944799423217773,0.06957555562257767,0.07109233736991882,0.5425781607627869,0.30538368225097656,0.0630328319966793,0.9377719759941101,0.14750810712575912,0.14483648538589478,0.15184078365564346,0.09846819937229156,0.2022000253200531,0.19845984131097794,0.15405073761940002,0.4998009204864502
acyclovir,0,-2.4626949400070024,CPFLOW/comparison_outputs/full44_imageft2_morphology_candidates/images/acyclovir/candidate_000_raw.png,CPFLOW/comparison_outputs/full44_imageft2_morphology_candidates/images/acyclovir/candidate_000_display.png,0.0702362060546875,0.033725325018167496,0.9025620818138123,0.05655526742339134,0.0717616006731987,0.07085569947957993,0.07442019134759903,0.14343994855880737,0.1277749091386795,0.09494112432003021,0.5116135478019714,0.5697135925292969,0.059018975123763084,0.9317297637462616,0.20426032692193985,0.2319973036646843,0.1979547068476677,0.11410053074359894,0.2040533795952797,0.19481030851602554,0.18233954161405563,0.49849022924900055
acyclovir,1,-1.1649863913266332,CPFLOW/comparison_outputs/full44_imageft2_morphology_candidates/images/acyclovir/candidate_001_raw.png,CPFLOW/comparison_outputs/full44_imageft2_morphology_candidates/images/acyclovir/candidate_001_display.png,0.30956268310546875,0.049662940204143524,0.9463406801223755,0.1503039449453354,0.15838900208473206,0.1361650824546814,0.09196136146783829,0.2259647399187088,0.22527045011520386,0.15710128843784332,0.4845256805419922,0.5697135925292969,0.059018975123763084,0.9317297637462616,0.20426032692193985,0.2319973036646843,0.1979547068476677,0.11410053074359894,0.2040533795952797,0.19481030851602554,0.18233954161405563,0.49849022924900055
acyclovir,2,-0.881864053445558,CPFLOW/comparison_outputs/full44_imageft2_morphology_candidates/images/acyclovir/candidate_002_raw.png,CPFLOW/comparison_outputs/full44_imageft2_morphology_candidates/images/acyclovir/candidate_002_display.png,0.381195068359375,0.04675627499818802,0.8851811289787292,0.16995473206043243,0.20086278021335602,0.18428830802440643,0.14960801601409912,0.22577491402626038,0.21789099276065826,0.17172566056251526,0.5178091526031494,0.5697135925292969,0.059018975123763084,0.9317297637462616,0.20426032692193985,0.2319973036646843,0.1979547068476677,0.11410053074359894,0.2040533795952797,0.19481030851602554,0.18233954161405563,0.49849022924900055
acyclovir,3,-1.9716113409170388,CPFLOW/comparison_outputs/full44_imageft2_morphology_candidates/images/acyclovir/candidate_003_raw.png,CPFLOW/comparison_outputs/full44_imageft2_morphology_candidates/images/acyclovir/candidate_003_display.png,0.16539764404296875,0.03594797104597092,0.9176439046859741,0.09480136632919312,0.10250820219516754,0.09183818846940994,0.08268789947032928,0.1812814474105835,0.1550906002521515,0.11411105841398239,0.4915831387042999,0.5697135925292969,0.059018975123763084,0.9317297637462616,0.20426032692193985,0.2319973036646843,0.1979547068476677,0.11410053074359894,0.2040533795952797,0.19481030851602554,0.18233954161405563,0.49849022924900055
acyclovir,4,-0.7143371609514839,CPFLOW/comparison_outputs/full44_imageft2_morphology_candidates/images/acyclovir/candidate_004_raw.png,CPFLOW/comparison_outputs/full44_imageft2_morphology_candidates/images/acyclovir/candidate_004_display.png,0.42081451416015625,0.049228787422180176,0.8855941295623779,0.18321923911571503,0.2099197804927826,0.19148586690425873,0.13765817880630493,0.2319755256175995,0.22229991853237152,0.1510726660490036,0.5120092034339905,0.5697135925292969,0.059018975123763084,0.9317297637462616,0.20426032692193985,0.2319973036646843,0.1979547068476677,0.11410053074359894,0.2040533795952797,0.19481030851602554,0.18233954161405563,0.49849022924900055
acyclovir,5,-0.4359846786130433,CPFLOW/comparison_outputs/full44_imageft2_morphology_candidates/images/acyclovir/candidate_005_raw.png,CPFLOW/comparison_outputs/full44_imageft2_morphology_candidates/images/acyclovir/candidate_005_display.png,0.5020484924316406,0.05240411311388016,0.8687182664871216,0.1851995885372162,0.23465581238269806,0.20588810741901398,0.165494903922081,0.22283707559108734,0.21057376265525818,0.16902580857276917,0.5169700980186462,0.5697135925292969,0.059018975123763084,0.9317297637462616,0.20426032692193985,0.2319973036646843,0.1979547068476677,0.11410053074359894,0.2040533795952797,0.19481030851602554,0.18233954161405563,0.49849022924900055
acyclovir,6,-0.5069535381763113,CPFLOW/comparison_outputs/full44_imageft2_morphology_candidates/images/acyclovir/candidate_006_raw.png,CPFLOW/comparison_outputs/full44_imageft2_morphology_candidates/images/acyclovir/candidate_006_display.png,0.5114288330078125,0.05155688151717186,0.8865170478820801,0.1961432248353958,0.26491546630859375,0.24334651231765747,0.16702651977539062,0.24787241220474243,0.23679488897323608,0.18847468495368958,0.4906567335128784,0.5697135925292969,0.059018975123763084,0.9317297637462616,0.20426032692193985,0.2319973036646843,0.1979547068476677,0.11410053074359894,0.2040533795952797,0.19481030851602554,0.18233954161405563,0.49849022924900055
acyclovir,7,-0.4168219135400233,CPFLOW/comparison_outputs/full44_imageft2_morphology_candidates/images/acyclovir/candidate_007_raw.png,CPFLOW/comparison_outputs/full44_imageft2_morphology_candidates/images/acyclovir/candidate_007_display.png,0.6578178405761719,0.05953078716993332,0.908572256565094,0.21807754039764404,0.25654834508895874,0.231714129447937,0.14499157667160034,0.20179708302021027,0.19835446774959564,0.19308015704154968,0.5056402683258057,0.5697135925292969,0.059018975123763084,0.9317297637462616,0.20426032692193985,0.2319973036646843,0.1979547068476677,0.11410053074359894,0.2040533795952797,0.19481030851602554,0.18233954161405563,0.49849022924900055
acyclovir,8,-1.1513897618260507,CPFLOW/comparison_outputs/full44_imageft2_morphology_candidates/images/acyclovir/candidate_008_raw.png,CPFLOW/comparison_outputs/full44_imageft2_morphology_candidates/images/acyclovir/candidate_008_display.png,0.3486137390136719,0.04735303670167923,0.8589523434638977,0.1327652782201767,0.15555636584758759,0.1288638412952423,0.08332911133766174,0.19648106396198273,0.17806535959243774,0.13381986320018768,0.49580705165863037,0.5697135925292969,0.059018975123763084,0.9317297637462616,0.20426032692193985,0.2319973036646843,0.1979547068476677,0.11410053074359894,0.2040533795952797,0.19481030851602554,0.18233954161405563,0.49849022924900055
acyclovir,9,-0.9076950284346089,CPFLOW/comparison_outputs/full44_imageft2_morphology_candidates/images/acyclovir/candidate_009_raw.png,CPFLOW/comparison_outputs/full44_imageft2_morphology_candidates/images/acyclovir/candidate_009_display.png,0.7105827331542969,0.07232001423835754,0.8631881475448608,0.22044241428375244,0.29281365871429443,0.2794020473957062,0.21774350106716156,0.20018209517002106,0.2084488868713379,0.19426991045475006,0.4886740744113922,0.5697135925292969,0.059018975123763084,0.9317297637462616,0.20426032692193985,0.2319973036646843,0.1979547068476677,0.11410053074359894,0.2040533795952797,0.19481030851602554,0.18233954161405563,0.49849022924900055
acyclovir,10,-1.2286413436092698,CPFLOW/comparison_outputs/full44_imageft2_morphology_candidates/images/acyclovir/candidate_010_raw.png,CPFLOW/comparison_outputs/full44_imageft2_morphology_candidates/images/acyclovir/candidate_010_display.png,0.2965049743652344,0.04890129715204239,0.8808072805404663,0.13280639052391052,0.1449868083000183,0.13454566895961761,0.11301161348819733,0.19781886041164398,0.1952667087316513,0.13864731788635254,0.5174282193183899,0.5697135925292969,0.059018975123763084,0.9317297637462616,0.20426032692193985,0.2319973036646843,0.1979547068476677,0.11410053074359894,0.2040533795952797,0.19481030851602554,0.18233954161405563,0.49849022924900055
acyclovir,11,-0.12600248566670333,CPFLOW/comparison_outputs/full44_imageft2_morphology_candidates/images/acyclovir/candidate_011_raw.png,CPFLOW/comparison_outputs/full44_imageft2_morphology_candidates/images/acyclovir/candidate_011_display.png,0.5641250610351562,0.05459921807050705,0.896291196346283,0.20256204903125763,0.23002377152442932,0.20422521233558655,0.1354282647371292,0.20737281441688538,0.19299492239952087,0.180169939994812,0.4848337471485138,0.5697135925292969,0.059018975123763084,0.9317297637462616,0.20426032692193985,0.2319973036646843,0.1979547068476677,0.11410053074359894,0.2040533795952797,0.19481030851602554,0.18233954161405563,0.49849022924900055
acyclovir,12,-1.1782528332935644,CPFLOW/comparison_outputs/full44_imageft2_morphology_candidates/images/acyclovir/candidate_012_raw.png,CPFLOW/comparison_outputs/full44_imageft2_morphology_candidates/images/acyclovir/candidate_012_display.png,0.29883575439453125,0.04696372151374817,0.9087146520614624,0.17198620736598969,0.16910229623317719,0.160910502076149,0.1328311264514923,0.2259310632944107,0.22682759165763855,0.14375750720500946,0.5107162594795227,0.5697135925292969,0.059018975123763084,0.9317297637462616,0.20426032692193985,0.2319973036646843,0.1979547068476677,0.11410053074359894,0.2040533795952797,0.19481030851602554,0.18233954161405563,0.49849022924900055
acyclovir,13,-0.31982399996626437,CPFLOW/comparison_outputs/full44_imageft2_morphology_candidates/images/acyclovir/candidate_013_raw.png,CPFLOW/comparison_outputs/full44_imageft2_morphology_candidates/images/acyclovir/candidate_013_display.png,0.6171340942382812,0.05836925283074379,0.9024642109870911,0.2236786037683487,0.2789938747882843,0.2165101021528244,0.14224247634410858,0.2274474799633026,0.19549347460269928,0.1769319623708725,0.5069268345832825,0.5697135925292969,0.059018975123763084,0.9317297637462616,0.20426032692193985,0.2319973036646843,0.1979547068476677,0.11410053074359894,0.2040533795952797,0.19481030851602554,0.18233954161405563,0.49849022924900055
acyclovir,14,-0.19034272637631042,CPFLOW/comparison_outputs/full44_imageft2_morphology_candidates/images/acyclovir/candidate_014_raw.png,CPFLOW/comparison_outputs/full44_imageft2_morphology_candidates/images/acyclovir/candidate_014_display.png,0.5504493713378906,0.06589111685752869,0.9264379143714905,0.21934567391872406,0.24195775389671326,0.18646034598350525,0.11554985493421555,0.2325822412967682,0.1985120177268982,0.16642796993255615,0.4979458153247833,0.5697135925292969,0.059018975123763084,0.9317297637462616,0.20426032692193985,0.2319973036646843,0.1979547068476677,0.11410053074359894,0.2040533795952797,0.19481030851602554,0.18233954161405563,0.49849022924900055
acyclovir,15,-0.8288802363154942,CPFLOW/comparison_outputs/full44_imageft2_morphology_candidates/images/acyclovir/candidate_015_raw.png,CPFLOW/comparison_outputs/full44_imageft2_morphology_candidates/images/acyclovir/candidate_015_display.png,0.43125152587890625,0.0490250363945961,0.9045427441596985,0.14754071831703186,0.15616273880004883,0.12802892923355103,0.0849819928407669,0.1923491656780243,0.17706060409545898,0.14930537343025208,0.4998108744621277,0.5697135925292969,0.059018975123763084,0.9317297637462616,0.20426032692193985,0.2319973036646843,0.1979547068476677,0.11410053074359894,0.2040533795952797,0.19481030851602554,0.18233954161405563,0.49849022924900055
acyclovir,16,-0.19262404899841082,CPFLOW/comparison_outputs/full44_imageft2_morphology_candidates/images/acyclovir/candidate_016_raw.png,CPFLOW/comparison_outputs/full44_imageft2_morphology_candidates/images/acyclovir/candidate_016_display.png,0.5494308471679688,0.06526271253824234,0.9139153957366943,0.20834532380104065,0.24194316565990448,0.1866409033536911,0.1274765133857727,0.22389040887355804,0.19021379947662354,0.1747429519891739,0.4956601560115814,0.5697135925292969,0.059018975123763084,0.9317297637462616,0.20426032692193985,0.2319973036646843,0.1979547068476677,0.11410053074359894,0.2040533795952797,0.19481030851602554,0.18233954161405563,0.49849022924900055
acyclovir,17,-2.1714344476827336,CPFLOW/comparison_outputs/full44_imageft2_morphology_candidates/images/acyclovir/candidate_017_raw.png,CPFLOW/comparison_outputs/full44_imageft2_morphology_candidates/images/acyclovir/candidate_017_display.png,0.109100341796875,0.03767992928624153,0.8793088793754578,0.099941685795784,0.08759009838104248,0.07705052196979523,0.11368075758218765,0.16374468803405762,0.15043987333774567,0.09423082321882248,0.5013337731361389,0.5697135925292969,0.059018975123763084,0.9317297637462616,0.20426032692193985,0.2319973036646843,0.1979547068476677,0.11410053074359894,0.2040533795952797,0.19481030851602554,0.18233954161405563,0.49849022924900055
acyclovir,18,-1.0537633611963777,CPFLOW/comparison_outputs/full44_imageft2_morphology_candidates/images/acyclovir/candidate_018_raw.png,CPFLOW/comparison_outputs/full44_imageft2_morphology_candidates/images/acyclovir/candidate_018_display.png,0.3556404113769531,0.04407959058880806,0.8811641931533813,0.15228906273841858,0.1716461181640625,0.14543865621089935,0.1321178674697876,0.21488237380981445,0.19136637449264526,0.15873628854751587,0.5020650029182434,0.5697135925292969,0.059018975123763084,0.9317297637462616,0.20426032692193985,0.2319973036646843,0.1979547068476677,0.11410053074359894,0.2040533795952797,0.19481030851602554,0.18233954161405563,0.49849022924900055
acyclovir,19,-0.5928535162275003,CPFLOW/comparison_outputs/full44_imageft2_morphology_candidates/images/acyclovir/candidate_019_raw.png,CPFLOW/comparison_outputs/full44_imageft2_morphology_candidates/images/acyclovir/candidate_019_display.png,0.4669647216796875,0.051344141364097595,0.8557204604148865,0.17033426463603973,0.21530595421791077,0.16465385258197784,0.1454348862171173,0.21985237300395966,0.1829346865415573,0.16800817847251892,0.4975663125514984,0.5697135925292969,0.059018975123763084,0.9317297637462616,0.20426032692193985,0.2319973036646843,0.1979547068476677,0.11410053074359894,0.2040533795952797,0.19481030851602554,0.18233954161405563,0.49849022924900055
acyclovir,20,-1.0754538119546049,CPFLOW/comparison_outputs/full44_imageft2_morphology_candidates/images/acyclovir/candidate_020_raw.png,CPFLOW/comparison_outputs/full44_imageft2_morphology_candidates/images/acyclovir/candidate_020_display.png,0.3512725830078125,0.04482288658618927,0.8594728112220764,0.16524051129817963,0.19629192352294922,0.15031883120536804,0.14341379702091217,0.2422560155391693,0.18898646533489227,0.14301544427871704,0.514587938785553,0.5697135925292969,0.059018975123763084,0.9317297637462616,0.20426032692193985,0.2319973036646843,0.1979547068476677,0.11410053074359894,0.2040533795952797,0.19481030851602554,0.18233954161405563,0.49849022924900055
acyclovir,21,-1.1517839676200716,CPFLOW/comparison_outputs/full44_imageft2_morphology_candidates/images/acyclovir/candidate_021_raw.png,CPFLOW/comparison_outputs/full44_imageft2_morphology_candidates/images/acyclovir/candidate_021_display.png,0.308013916015625,0.053901541978120804,0.906686007976532,0.1359538435935974,0.15272046625614166,0.12411510944366455,0.10434789955615997,0.21384498476982117,0.17331750690937042,0.14047618210315704,0.5082280039787292,0.5697135925292969,0.059018975123763084,0.9317297637462616,0.20426032692193985,0.2319973036646843,0.1979547068476677,0.11410053074359894,0.2040533795952797,0.19481030851602554,0.18233954161405563,0.49849022924900055
acyclovir,22,-1.0543704011903614,CPFLOW/comparison_outputs/full44_imageft2_morphology_candidates/images/acyclovir/candidate_022_raw.png,CPFLOW/comparison_outputs/full44_imageft2_morphology_candidates/images/acyclovir/candidate_022_display.png,0.3396263122558594,0.05061725527048111,0.9099485278129578,0.13329169154167175,0.16099879145622253,0.13182957470417023,0.10231903195381165,0.20783527195453644,0.18018630146980286,0.15155860781669617,0.4986553192138672,0.5697135925292969,0.059018975123763084,0.9317297637462616,0.20426032692193985,0.2319973036646843,0.1979547068476677,0.11410053074359894,0.2040533795952797,0.19481030851602554,0.18233954161405563,0.49849022924900055
acyclovir,23,-0.8955687323229189,CPFLOW/comparison_outputs/full44_imageft2_morphology_candidates/images/acyclovir/candidate_023_raw.png,CPFLOW/comparison_outputs/full44_imageft2_morphology_candidates/images/acyclovir/candidate_023_display.png,0.3982505798339844,0.04767647385597229,0.8356872200965881,0.16905240714550018,0.19495132565498352,0.1536504626274109,0.14827263355255127,0.21901659667491913,0.18849174678325653,0.15957333147525787,0.50230473279953,0.5697135925292969,0.059018975123763084,0.9317297637462616,0.20426032692193985,0.2319973036646843,0.1979547068476677,0.11410053074359894,0.2040533795952797,0.19481030851602554,0.18233954161405563,0.49849022924900055
acyclovir,24,-1.8526499616128864,CPFLOW/comparison_outputs/full44_imageft2_morphology_candidates/images/acyclovir/candidate_024_raw.png,CPFLOW/comparison_outputs/full44_imageft2_morphology_candidates/images/acyclovir/candidate_024_display.png,0.20650482177734375,0.03368765115737915,0.8860943913459778,0.10250623524188995,0.1187806949019432,0.09060318022966385,0.09119615703821182,0.19309298694133759,0.16126123070716858,0.12317363917827606,0.4965452551841736,0.5697135925292969,0.059018975123763084,0.9317297637462616,0.20426032692193985,0.2319973036646843,0.1979547068476677,0.11410053074359894,0.2040533795952797,0.19481030851602554,0.18233954161405563,0.49849022924900055
acyclovir,25,-1.7856124556585569,CPFLOW/comparison_outputs/full44_imageft2_morphology_candidates/images/acyclovir/candidate_025_raw.png,CPFLOW/comparison_outputs/full44_imageft2_morphology_candidates/images/acyclovir/candidate_025_display.png,0.18584823608398438,0.03583903610706329,0.9262925386428833,0.12123149633407593,0.10701607167720795,0.1161561980843544,0.09514137357473373,0.21286047995090485,0.20387306809425354,0.1388697773218155,0.4896611273288727,0.5697135925292969,0.059018975123763084,0.9317297637462616,0.20426032692193985,0.2319973036646843,0.1979547068476677,0.11410053074359894,0.2040533795952797,0.19481030851602554,0.18233954161405563,0.49849022924900055
acyclovir,26,-0.6775450827703505,CPFLOW/comparison_outputs/full44_imageft2_morphology_candidates/images/acyclovir/candidate_026_raw.png,CPFLOW/comparison_outputs/full44_imageft2_morphology_candidates/images/acyclovir/candidate_026_display.png,0.6793785095214844,0.07423855364322662,0.9401704668998718,0.265010803937912,0.2603752315044403,0.2600277364253998,0.14360682666301727,0.20680248737335205,0.21430185437202454,0.2094486802816391,0.5090141296386719,0.5697135925292969,0.059018975123763084,0.9317297637462616,0.20426032692193985,0.2319973036646843,0.1979547068476677,0.11410053074359894,0.2040533795952797,0.19481030851602554,0.18233954161405563,0.49849022924900055
acyclovir,27,-0.4453570809582814,CPFLOW/comparison_outputs/full44_imageft2_morphology_candidates/images/acyclovir/candidate_027_raw.png,CPFLOW/comparison_outputs/full44_imageft2_morphology_candidates/images/acyclovir/candidate_027_display.png,0.49713134765625,0.05114912986755371,0.8735924959182739,0.19515472650527954,0.23191526532173157,0.2128981649875641,0.1532227098941803,0.22540968656539917,0.2160319983959198,0.17166952788829803,0.49598419666290283,0.5697135925292969,0.059018975123763084,0.9317297637462616,0.20426032692193985,0.2319973036646843,0.1979547068476677,0.11410053074359894,0.2040533795952797,0.19481030851602554,0.18233954161405563,0.49849022924900055
acyclovir,28,-0.42234178677345374,CPFLOW/comparison_outputs/full44_imageft2_morphology_candidates/images/acyclovir/candidate_028_raw.png,CPFLOW/comparison_outputs/full44_imageft2_morphology_candidates/images/acyclovir/candidate_028_display.png,0.6182365417480469,0.05530387908220291,0.8813965320587158,0.1938174068927765,0.26517489552497864,0.24052557349205017,0.1886630803346634,0.2109317183494568,0.2095670849084854,0.1821712851524353,0.4821229577064514,0.5697135925292969,0.059018975123763084,0.9317297637462616,0.20426032692193985,0.2319973036646843,0.1979547068476677,0.11410053074359894,0.2040533795952797,0.19481030851602554,0.18233954161405563,0.49849022924900055
acyclovir,29,-1.3224300456312605,CPFLOW/comparison_outputs/full44_imageft2_morphology_candidates/images/acyclovir/candidate_029_raw.png,CPFLOW/comparison_outputs/full44_imageft2_morphology_candidates/images/acyclovir/candidate_029_display.png,0.2915916442871094,0.04666353762149811,0.917525589466095,0.11802762001752853,0.13693596422672272,0.1168382540345192,0.09130252152681351,0.19654998183250427,0.17769642174243927,0.13340353965759277,0.4944703280925751,0.5697135925292969,0.059018975123763084,0.9317297637462616,0.20426032692193985,0.2319973036646843,0.1979547068476677,0.11410053074359894,0.2040533795952797,0.19481030851602554,0.18233954161405563,0.49849022924900055
acyclovir,30,-0.34388029821181904,CPFLOW/comparison_outputs/full44_imageft2_morphology_candidates/images/acyclovir/candidate_030_raw.png,CPFLOW/comparison_outputs/full44_imageft2_morphology_candidates/images/acyclovir/candidate_030_display.png,0.5426826477050781,0.05892398580908775,0.8917895555496216,0.2097015678882599,0.25648733973503113,0.25119686126708984,0.17944222688674927,0.23470205068588257,0.24123287200927734,0.18229679763317108,0.5003198385238647,0.5697135925292969,0.059018975123763084,0.9317297637462616,0.20426032692193985,0.2319973036646843,0.1979547068476677,0.11410053074359894,0.2040533795952797,0.19481030851602554,0.18233954161405563,0.49849022924900055
acyclovir,31,-0.5617200635949515,CPFLOW/comparison_outputs/full44_imageft2_morphology_candidates/images/acyclovir/candidate_031_raw.png,CPFLOW/comparison_outputs/full44_imageft2_morphology_candidates/images/acyclovir/candidate_031_display.png,0.4465179443359375,0.07041893154382706,0.9144389033317566,0.181362584233284,0.20428965985774994,0.19622842967510223,0.11865794658660889,0.2120288461446762,0.21709603071212769,0.16845853626728058,0.4907170832157135,0.5697135925292969,0.059018975123763084,0.9317297637462616,0.20426032692193985,0.2319973036646843,0.1979547068476677,0.11410053074359894,0.2040533795952797,0.19481030851602554,0.18233954161405563,0.49849022924900055
mitoxantrone,0,-0.5187951473407296,CPFLOW/comparison_outputs/full44_imageft2_morphology_candidates/images/mitoxantrone/candidate_000_raw.png,CPFLOW/comparison_outputs/full44_imageft2_morphology_candidates/images/mitoxantrone/candidate_000_display.png,0.3903961181640625,0.05524393916130066,0.9064534902572632,0.16709475219249725,0.18889163434505463,0.15371468663215637,0.1460733860731125,0.23307809233665466,0.19172310829162598,0.1469651609659195,0.49403780698776245,0.30405235290527344,0.06600981950759888,0.9429679811000824,0.16430290788412094,0.1507444530725479,0.15171179175376892,0.09094330295920372,0.20157387107610703,0.18825466930866241,0.14763904362916946,0.5006569027900696
mitoxantrone,1,-0.984229936076972,CPFLOW/comparison_outputs/full44_imageft2_morphology_candidates/images/mitoxantrone/candidate_001_raw.png,CPFLOW/comparison_outputs/full44_imageft2_morphology_candidates/images/mitoxantrone/candidate_001_display.png,0.22190093994140625,0.0348021425306797,0.862267017364502,0.1463422179222107,0.06103161349892616,0.07865562289953232,0.13358400762081146,0.15807892382144928,0.15042081475257874,0.09713232517242432,0.49814945459365845,0.30405235290527344,0.06600981950759888,0.9429679811000824,0.16430290788412094,0.1507444530725479,0.15171179175376892,0.09094330295920372,0.20157387107610703,0.18825466930866241,0.14763904362916946,0.5006569027900696
mitoxantrone,2,-0.821547204413954,CPFLOW/comparison_outputs/full44_imageft2_morphology_candidates/images/mitoxantrone/candidate_002_raw.png,CPFLOW/comparison_outputs/full44_imageft2_morphology_candidates/images/mitoxantrone/candidate_002_display.png,0.19425582885742188,0.03861398249864578,0.8957638740539551,0.1089266985654831,0.11698506027460098,0.1152576431632042,0.10567726194858551,0.184433251619339,0.1833803355693817,0.11243360489606857,0.5043891072273254,0.30405235290527344,0.06600981950759888,0.9429679811000824,0.16430290788412094,0.1507444530725479,0.15171179175376892,0.09094330295920372,0.20157387107610703,0.18825466930866241,0.14763904362916946,0.5006569027900696
mitoxantrone,3,-1.17422988753421,CPFLOW/comparison_outputs/full44_imageft2_morphology_candidates/images/mitoxantrone/candidate_003_raw.png,CPFLOW/comparison_outputs/full44_imageft2_morphology_candidates/images/mitoxantrone/candidate_003_display.png,0.5584869384765625,0.06334030628204346,0.8888183832168579,0.2305888831615448,0.2493671178817749,0.1793750524520874,0.16425126791000366,0.25110530853271484,0.20147570967674255,0.16262458264827728,0.4829845428466797,0.30405235290527344,0.06600981950759888,0.9429679811000824,0.16430290788412094,0.1507444530725479,0.15171179175376892,0.09094330295920372,0.20157387107610703,0.18825466930866241,0.14763904362916946,0.5006569027900696
mitoxantrone,4,-1.7526306758325156,CPFLOW/comparison_outputs/full44_imageft2_morphology_candidates/images/mitoxantrone/candidate_004_raw.png,CPFLOW/comparison_outputs/full44_imageft2_morphology_candidates/images/mitoxantrone/candidate_004_display.png,0.0761871337890625,0.02589201182126999,0.8056194186210632,0.09212467819452286,0.03252269700169563,0.034486591815948486,0.08084101229906082,0.1240491271018982,0.12488432973623276,0.09023068845272064,0.48600834608078003,0.30405235290527344,0.06600981950759888,0.9429679811000824,0.16430290788412094,0.1507444530725479,0.15171179175376892,0.09094330295920372,0.20157387107610703,0.18825466930866241,0.14763904362916946,0.5006569027900696
mitoxantrone,5,-1.1366806533488674,CPFLOW/comparison_outputs/full44_imageft2_morphology_candidates/images/mitoxantrone/candidate_005_raw.png,CPFLOW/comparison_outputs/full44_imageft2_morphology_candidates/images/mitoxantrone/candidate_005_display.png,0.15756607055664062,0.03641628101468086,0.8603659272193909,0.11871888488531113,0.06924230605363846,0.08296947926282883,0.11510658264160156,0.1518511027097702,0.15130650997161865,0.10862096399068832,0.47468066215515137,0.30405235290527344,0.06600981950759888,0.9429679811000824,0.16430290788412094,0.1507444530725479,0.15171179175376892,0.09094330295920372,0.20157387107610703,0.18825466930866241,0.14763904362916946,0.5006569027900696
mitoxantrone,6,-1.5760704859356618,CPFLOW/comparison_outputs/full44_imageft2_morphology_candidates/images/mitoxantrone/candidate_006_raw.png,CPFLOW/comparison_outputs/full44_imageft2_morphology_candidates/images/mitoxantrone/candidate_006_display.png,0.6159858703613281,0.03805350512266159,0.8613504767417908,0.1507955640554428,0.10095327347517014,0.0864260196685791,0.1534401923418045,0.18532434105873108,0.13927392661571503,0.10477115213871002,0.4877094030380249,0.30405235290527344,0.06600981950759888,0.9429679811000824,0.16430290788412094,0.1507444530725479,0.15171179175376892,0.09094330295920372,0.20157387107610703,0.18825466930866241,0.14763904362916946,0.5006569027900696
mitoxantrone,7,-1.473068641817481,CPFLOW/comparison_outputs/full44_imageft2_morphology_candidates/images/mitoxantrone/candidate_007_raw.png,CPFLOW/comparison_outputs/full44_imageft2_morphology_candidates/images/mitoxantrone/candidate_007_display.png,0.615142822265625,0.04384338855743408,0.9122939705848694,0.2268431931734085,0.10626939684152603,0.09365665912628174,0.1892637461423874,0.20954680442810059,0.20749297738075256,0.14843876659870148,0.48176267743110657,0.30405235290527344,0.06600981950759888,0.9429679811000824,0.16430290788412094,0.1507444530725479,0.15171179175376892,0.09094330295920372,0.20157387107610703,0.18825466930866241,0.14763904362916946,0.5006569027900696
mitoxantrone,8,-7.274981815133067,CPFLOW/comparison_outputs/full44_imageft2_morphology_candidates/images/mitoxantrone/candidate_008_raw.png,CPFLOW/comparison_outputs/full44_imageft2_morphology_candidates/images/mitoxantrone/candidate_008_display.png,0.997100830078125,0.241644486784935,0.6444676518440247,0.5079759359359741,0.5104197859764099,0.11982329189777374,0.5154931545257568,0.183999165892601,0.1985267549753189,0.19684484601020813,0.5088464021682739,0.30405235290527344,0.06600981950759888,0.9429679811000824,0.16430290788412094,0.1507444530725479,0.15171179175376892,0.09094330295920372,0.20157387107610703,0.18825466930866241,0.14763904362916946,0.5006569027900696
mitoxantrone,9,-1.2875355790339262,CPFLOW/comparison_outputs/full44_imageft2_morphology_candidates/images/mitoxantrone/candidate_009_raw.png,CPFLOW/comparison_outputs/full44_imageft2_morphology_candidates/images/mitoxantrone/candidate_009_display.png,0.5488929748535156,0.05192890390753746,0.8724453449249268,0.16346094012260437,0.1001320630311966,0.0405610091984272,0.14550715684890747,0.13667365908622742,0.14719192683696747,0.08737622201442719,0.48283979296684265,0.30405235290527344,0.06600981950759888,0.9429679811000824,0.16430290788412094,0.1507444530725479,0.15171179175376892,0.09094330295920372,0.20157387107610703,0.18825466930866241,0.14763904362916946,0.5006569027900696
mitoxantrone,10,-7.471222573865131,CPFLOW/comparison_outputs/full44_imageft2_morphology_candidates/images/mitoxantrone/candidate_010_raw.png,CPFLOW/comparison_outputs/full44_imageft2_morphology_candidates/images/mitoxantrone/candidate_010_display.png,0.9984550476074219,0.26125621795654297,0.6510502099990845,0.5769181847572327,0.508012592792511,0.02118736319243908,0.4762139916419983,0.18693850934505463,0.10957446694374084,0.18128158152103424,0.507249116897583,0.30405235290527344,0.06600981950759888,0.9429679811000824,0.16430290788412094,0.1507444530725479,0.15171179175376892,0.09094330295920372,0.20157387107610703,0.18825466930866241,0.14763904362916946,0.5006569027900696
mitoxantrone,11,-0.8534704661161825,CPFLOW/comparison_outputs/full44_imageft2_morphology_candidates/images/mitoxantrone/candidate_011_raw.png,CPFLOW/comparison_outputs/full44_imageft2_morphology_candidates/images/mitoxantrone/candidate_011_display.png,0.20752716064453125,0.036763403564691544,0.8582123517990112,0.11773285269737244,0.08856082707643509,0.11947708576917648,0.0978444516658783,0.17038775980472565,0.18604369461536407,0.11733173578977585,0.5143593549728394,0.30405235290527344,0.06600981950759888,0.9429679811000824,0.16430290788412094,0.1507444530725479,0.15171179175376892,0.09094330295920372,0.20157387107610703,0.18825466930866241,0.14763904362916946,0.5006569027900696
mitoxantrone,12,-0.6537888624228336,CPFLOW/comparison_outputs/full44_imageft2_morphology_candidates/images/mitoxantrone/candidate_012_raw.png,CPFLOW/comparison_outputs/full44_imageft2_morphology_candidates/images/mitoxantrone/candidate_012_display.png,0.3852386474609375,0.04635947197675705,0.8490957617759705,0.17744337022304535,0.14760494232177734,0.11919236183166504,0.1577567607164383,0.21528808772563934,0.19441024959087372,0.1318567842245102,0.4904031455516815,0.30405235290527344,0.06600981950759888,0.9429679811000824,0.16430290788412094,0.1507444530725479,0.15171179175376892,0.09094330295920372,0.20157387107610703,0.18825466930866241,0.14763904362916946,0.5006569027900696
mitoxantrone,13,-2.152417939329312,CPFLOW/comparison_outputs/full44_imageft2_morphology_candidates/images/mitoxantrone/candidate_013_raw.png,CPFLOW/comparison_outputs/full44_imageft2_morphology_candidates/images/mitoxantrone/candidate_013_display.png,0.7408828735351562,0.06209661066532135,0.6273316740989685,0.15510804951190948,0.03802391141653061,0.053401049226522446,0.17510192096233368,0.08825035393238068,0.09014081209897995,0.07726222276687622,0.485330194234848,0.30405235290527344,0.06600981950759888,0.9429679811000824,0.16430290788412094,0.1507444530725479,0.15171179175376892,0.09094330295920372,0.20157387107610703,0.18825466930866241,0.14763904362916946,0.5006569027900696
mitoxantrone,14,-0.43293594870425106,CPFLOW/comparison_outputs/full44_imageft2_morphology_candidates/images/mitoxantrone/candidate_014_raw.png,CPFLOW/comparison_outputs/full44_imageft2_morphology_candidates/images/mitoxantrone/candidate_014_display.png,0.2544593811035156,0.04971768707036972,0.9099740982055664,0.15421916544437408,0.14076372981071472,0.13552336394786835,0.12220648676156998,0.21360012888908386,0.21382009983062744,0.1294490545988083,0.4978064298629761,0.30405235290527344,0.06600981950759888,0.9429679811000824,0.16430290788412094,0.1507444530725479,0.15171179175376892,0.09094330295920372,0.20157387107610703,0.18825466930866241,0.14763904362916946,0.5006569027900696
mitoxantrone,15,-1.0535297504236798,CPFLOW/comparison_outputs/full44_imageft2_morphology_candidates/images/mitoxantrone/candidate_015_raw.png,CPFLOW/comparison_outputs/full44_imageft2_morphology_candidates/images/mitoxantrone/candidate_015_display.png,0.18603897094726562,0.035657014697790146,0.8524593710899353,0.13016805052757263,0.06150268390774727,0.09744390100240707,0.12276576459407806,0.14760714769363403,0.16400732100009918,0.1095103994011879,0.4964611828327179,0.30405235290527344,0.06600981950759888,0.9429679811000824,0.16430290788412094,0.1507444530725479,0.15171179175376892,0.09094330295920372,0.20157387107610703,0.18825466930866241,0.14763904362916946,0.5006569027900696
mitoxantrone,16,-0.9620334432740563,CPFLOW/comparison_outputs/full44_imageft2_morphology_candidates/images/mitoxantrone/candidate_016_raw.png,CPFLOW/comparison_outputs/full44_imageft2_morphology_candidates/images/mitoxantrone/candidate_016_display.png,0.1784820556640625,0.03667817264795303,0.8788822293281555,0.1424013376235962,0.08576124161481857,0.09356940537691116,0.11759935319423676,0.18535304069519043,0.1764976680278778,0.11422216147184372,0.48227959871292114,0.30405235290527344,0.06600981950759888,0.9429679811000824,0.16430290788412094,0.1507444530725479,0.15171179175376892,0.09094330295920372,0.20157387107610703,0.18825466930866241,0.14763904362916946,0.5006569027900696
mitoxantrone,17,-6.493645834354453,CPFLOW/comparison_outputs/full44_imageft2_morphology_candidates/images/mitoxantrone/candidate_017_raw.png,CPFLOW/comparison_outputs/full44_imageft2_morphology_candidates/images/mitoxantrone/candidate_017_display.png,0.96270751953125,0.16296398639678955,0.7736130952835083,0.4270833134651184,0.13493458926677704,0.013673010282218456,0.42384061217308044,0.12011641263961792,0.09020870923995972,0.16245229542255402,0.47806721925735474,0.30405235290527344,0.06600981950759888,0.9429679811000824,0.16430290788412094,0.1507444530725479,0.15171179175376892,0.09094330295920372,0.20157387107610703,0.18825466930866241,0.14763904362916946,0.5006569027900696
mitoxantrone,18,-0.7818934292559963,CPFLOW/comparison_outputs/full44_imageft2_morphology_candidates/images/mitoxantrone/candidate_018_raw.png,CPFLOW/comparison_outputs/full44_imageft2_morphology_candidates/images/mitoxantrone/candidate_018_display.png,0.20991897583007812,0.03666669875383377,0.8932612538337708,0.13239194452762604,0.10106215626001358,0.11465995013713837,0.11431129276752472,0.20114745199680328,0.1893356591463089,0.1375725418329239,0.4733431339263916,0.30405235290527344,0.06600981950759888,0.9429679811000824,0.16430290788412094,0.1507444530725479,0.15171179175376892,0.09094330295920372,0.20157387107610703,0.18825466930866241,0.14763904362916946,0.5006569027900696
mitoxantrone,19,-1.309837533229964,CPFLOW/comparison_outputs/full44_imageft2_morphology_candidates/images/mitoxantrone/candidate_019_raw.png,CPFLOW/comparison_outputs/full44_imageft2_morphology_candidates/images/mitoxantrone/candidate_019_display.png,0.12112045288085938,0.03228270262479782,0.8634762167930603,0.09879875183105469,0.06603910773992538,0.07720867544412613,0.09876576066017151,0.15476782619953156,0.1552026867866516,0.10326214879751205,0.48160767555236816,0.30405235290527344,0.06600981950759888,0.9429679811000824,0.16430290788412094,0.1507444530725479,0.15171179175376892,0.09094330295920372,0.20157387107610703,0.18825466930866241,0.14763904362916946,0.5006569027900696
mitoxantrone,20,-1.2257852926739272,CPFLOW/comparison_outputs/full44_imageft2_morphology_candidates/images/mitoxantrone/candidate_020_raw.png,CPFLOW/comparison_outputs/full44_imageft2_morphology_candidates/images/mitoxantrone/candidate_020_display.png,0.10673141479492188,0.039761658757925034,0.8908557891845703,0.09571267664432526,0.07186461985111237,0.0800090879201889,0.10466860234737396,0.15508130192756653,0.15136390924453735,0.10726043581962585,0.49289557337760925,0.30405235290527344,0.06600981950759888,0.9429679811000824,0.16430290788412094,0.1507444530725479,0.15171179175376892,0.09094330295920372,0.20157387107610703,0.18825466930866241,0.14763904362916946,0.5006569027900696
mitoxantrone,21,-0.4029225459086239,CPFLOW/comparison_outputs/full44_imageft2_morphology_candidates/images/mitoxantrone/candidate_021_raw.png,CPFLOW/comparison_outputs/full44_imageft2_morphology_candidates/images/mitoxantrone/candidate_021_display.png,0.3691444396972656,0.05733248591423035,0.9266289472579956,0.18988940119743347,0.18057751655578613,0.14884145557880402,0.10737945139408112,0.25055328011512756,0.19917914271354675,0.1515391319990158,0.50132817029953,0.30405235290527344,0.06600981950759888,0.9429679811000824,0.16430290788412094,0.1507444530725479,0.15171179175376892,0.09094330295920372,0.20157387107610703,0.18825466930866241,0.14763904362916946,0.5006569027900696
mitoxantrone,22,-0.5452764418836206,CPFLOW/comparison_outputs/full44_imageft2_morphology_candidates/images/mitoxantrone/candidate_022_raw.png,CPFLOW/comparison_outputs/full44_imageft2_morphology_candidates/images/mitoxantrone/candidate_022_display.png,0.33748626708984375,0.0379217192530632,0.8724085688591003,0.13541997969150543,0.13594338297843933,0.1573432832956314,0.1165279820561409,0.17504459619522095,0.1997634917497635,0.13845883309841156,0.48756036162376404,0.30405235290527344,0.06600981950759888,0.9429679811000824,0.16430290788412094,0.1507444530725479,0.15171179175376892,0.09094330295920372,0.20157387107610703,0.18825466930866241,0.14763904362916946,0.5006569027900696
mitoxantrone,23,-0.8952588184270358,CPFLOW/comparison_outputs/full44_imageft2_morphology_candidates/images/mitoxantrone/candidate_023_raw.png,CPFLOW/comparison_outputs/full44_imageft2_morphology_candidates/images/mitoxantrone/candidate_023_display.png,0.4925804138183594,0.05442987382411957,0.8324251174926758,0.16940075159072876,0.13852374255657196,0.13949410617351532,0.1602243334054947,0.19603268802165985,0.20251387357711792,0.12708799540996552,0.4917301535606384,0.30405235290527344,0.06600981950759888,0.9429679811000824,0.16430290788412094,0.1507444530725479,0.15171179175376892,0.09094330295920372,0.20157387107610703,0.18825466930866241,0.14763904362916946,0.5006569027900696
mitoxantrone,24,-7.198279349118007,CPFLOW/comparison_outputs/full44_imageft2_morphology_candidates/images/mitoxantrone/candidate_024_raw.png,CPFLOW/comparison_outputs/full44_imageft2_morphology_candidates/images/mitoxantrone/candidate_024_display.png,0.9956130981445312,0.24652139842510223,0.6627423167228699,0.27794337272644043,0.458179771900177,0.36145925521850586,0.48193806409835815,0.17776194214820862,0.20451293885707855,0.19310611486434937,0.5049675107002258,0.30405235290527344,0.06600981950759888,0.9429679811000824,0.16430290788412094,0.1507444530725479,0.15171179175376892,0.09094330295920372,0.20157387107610703,0.18825466930866241,0.14763904362916946,0.5006569027900696
mitoxantrone,25,-1.4183262807409953,CPFLOW/comparison_outputs/full44_imageft2_morphology_candidates/images/mitoxantrone/candidate_025_raw.png,CPFLOW/comparison_outputs/full44_imageft2_morphology_candidates/images/mitoxantrone/candidate_025_display.png,0.13312530517578125,0.02927001565694809,0.8564791679382324,0.08701781928539276,0.05173690617084503,0.05099058896303177,0.06377846002578735,0.14599746465682983,0.151449054479599,0.1034122183918953,0.4929523766040802,0.30405235290527344,0.06600981950759888,0.9429679811000824,0.16430290788412094,0.1507444530725479,0.15171179175376892,0.09094330295920372,0.20157387107610703,0.18825466930866241,0.14763904362916946,0.5006569027900696
mitoxantrone,26,-1.2582656234846399,CPFLOW/comparison_outputs/full44_imageft2_morphology_candidates/images/mitoxantrone/candidate_026_raw.png,CPFLOW/comparison_outputs/full44_imageft2_morphology_candidates/images/mitoxantrone/candidate_026_display.png,0.5491409301757812,0.06951789557933807,0.9041692018508911,0.18785902857780457,0.2708492875099182,0.2650524973869324,0.17040711641311646,0.2351127713918686,0.23108161985874176,0.17376172542572021,0.4881620407104492,0.30405235290527344,0.06600981950759888,0.9429679811000824,0.16430290788412094,0.1507444530725479,0.15171179175376892,0.09094330295920372,0.20157387107610703,0.18825466930866241,0.14763904362916946,0.5006569027900696
mitoxantrone,27,-6.7086703100262115,CPFLOW/comparison_outputs/full44_imageft2_morphology_candidates/images/mitoxantrone/candidate_027_raw.png,CPFLOW/comparison_outputs/full44_imageft2_morphology_candidates/images/mitoxantrone/candidate_027_display.png,0.9722747802734375,0.16259506344795227,0.702599048614502,0.4372638761997223,0.08162930607795715,0.09265740215778351,0.5034084320068359,0.07406353950500488,0.06784021109342575,0.17665056884288788,0.4828256368637085,0.30405235290527344,0.06600981950759888,0.9429679811000824,0.16430290788412094,0.1507444530725479,0.15171179175376892,0.09094330295920372,0.20157387107610703,0.18825466930866241,0.14763904362916946,0.5006569027900696
mitoxantrone,28,-0.8782614990188319,CPFLOW/comparison_outputs/full44_imageft2_morphology_candidates/images/mitoxantrone/candidate_028_raw.png,CPFLOW/comparison_outputs/full44_imageft2_morphology_candidates/images/mitoxantrone/candidate_028_display.png,0.4897193908691406,0.05970750004053116,0.9194217324256897,0.20328785479068756,0.24165970087051392,0.16544044017791748,0.13698148727416992,0.24377524852752686,0.18704409897327423,0.16170769929885864,0.502716600894928,0.30405235290527344,0.06600981950759888,0.9429679811000824,0.16430290788412094,0.1507444530725479,0.15171179175376892,0.09094330295920372,0.20157387107610703,0.18825466930866241,0.14763904362916946,0.5006569027900696
mitoxantrone,29,-0.3838169862925949,CPFLOW/comparison_outputs/full44_imageft2_morphology_candidates/images/mitoxantrone/candidate_029_raw.png,CPFLOW/comparison_outputs/full44_imageft2_morphology_candidates/images/mitoxantrone/candidate_029_display.png,0.3614540100097656,0.0547194629907608,0.9262921810150146,0.17008884251117706,0.16684876382350922,0.1626470685005188,0.11479658633470535,0.2237127423286438,0.21605631709098816,0.1421915888786316,0.4931163787841797,0.30405235290527344,0.06600981950759888,0.9429679811000824,0.16430290788412094,0.1507444530725479,0.15171179175376892,0.09094330295920372,0.20157387107610703,0.18825466930866241,0.14763904362916946,0.5006569027900696
mitoxantrone,30,-1.3021387020478519,CPFLOW/comparison_outputs/full44_imageft2_morphology_candidates/images/mitoxantrone/candidate_030_raw.png,CPFLOW/comparison_outputs/full44_imageft2_morphology_candidates/images/mitoxantrone/candidate_030_display.png,0.11468124389648438,0.034733712673187256,0.8725310564041138,0.1051994040608406,0.07369107753038406,0.06465984880924225,0.11143506318330765,0.15956850349903107,0.1450216919183731,0.1074165478348732,0.4944242537021637,0.30405235290527344,0.06600981950759888,0.9429679811000824,0.16430290788412094,0.1507444530725479,0.15171179175376892,0.09094330295920372,0.20157387107610703,0.18825466930866241,0.14763904362916946,0.5006569027900696
mitoxantrone,31,-1.0989057749216797,CPFLOW/comparison_outputs/full44_imageft2_morphology_candidates/images/mitoxantrone/candidate_031_raw.png,CPFLOW/comparison_outputs/full44_imageft2_morphology_candidates/images/mitoxantrone/candidate_031_display.png,0.17547607421875,0.03915803134441376,0.8634546995162964,0.14345663785934448,0.048952795565128326,0.054429326206445694,0.12621600925922394,0.1460515558719635,0.15671536326408386,0.10531988739967346,0.4860079288482666,0.30405235290527344,0.06600981950759888,0.9429679811000824,0.16430290788412094,0.1507444530725479,0.15171179175376892,0.09094330295920372,0.20157387107610703,0.18825466930866241,0.14763904362916946,0.5006569027900696
vinblastine,0,-0.2522776305220523,CPFLOW/comparison_outputs/full44_imageft2_morphology_candidates/images/vinblastine/candidate_000_raw.png,CPFLOW/comparison_outputs/full44_imageft2_morphology_candidates/images/vinblastine/candidate_000_display.png,0.14820098876953125,0.03151961416006088,0.8790300488471985,0.0877983570098877,0.05524631217122078,0.06798634678125381,0.06127191334962845,0.15159758925437927,0.13218264281749725,0.09235548228025436,0.4856932461261749,0.11986541748046875,0.03728804923593998,0.9130522012710571,0.07102828100323677,0.06279491260647774,0.07232875004410744,0.05128779448568821,0.1443871110677719,0.14049981534481049,0.10017376020550728,0.5003638565540314
vinblastine,1,-0.3197321883321802,CPFLOW/comparison_outputs/full44_imageft2_morphology_candidates/images/vinblastine/candidate_001_raw.png,CPFLOW/comparison_outputs/full44_imageft2_morphology_candidates/images/vinblastine/candidate_001_display.png,0.15301895141601562,0.03924500197172165,0.8541990518569946,0.13039161264896393,0.056325092911720276,0.07420765608549118,0.11725656688213348,0.15156647562980652,0.13719995319843292,0.10534482449293137,0.47887924313545227,0.11986541748046875,0.03728804923593998,0.9130522012710571,0.07102828100323677,0.06279491260647774,0.07232875004410744,0.05128779448568821,0.1443871110677719,0.14049981534481049,0.10017376020550728,0.5003638565540314
vinblastine,2,-0.29409474865817753,CPFLOW/comparison_outputs/full44_imageft2_morphology_candidates/images/vinblastine/candidate_002_raw.png,CPFLOW/comparison_outputs/full44_imageft2_morphology_candidates/images/vinblastine/candidate_002_display.png,0.14136505126953125,0.03608674556016922,0.7829592227935791,0.10433138906955719,0.05410313606262207,0.06602232903242111,0.09636838734149933,0.1453237384557724,0.12879234552383423,0.102383092045784,0.4900330603122711,0.11986541748046875,0.03728804923593998,0.9130522012710571,0.07102828100323677,0.06279491260647774,0.07232875004410744,0.05128779448568821,0.1443871110677719,0.14049981534481049,0.10017376020550728,0.5003638565540314
vinblastine,3,-0.3022808356789487,CPFLOW/comparison_outputs/full44_imageft2_morphology_candidates/images/vinblastine/candidate_003_raw.png,CPFLOW/comparison_outputs/full44_imageft2_morphology_candidates/images/vinblastine/candidate_003_display.png,0.10196685791015625,0.039845988154411316,0.8112396001815796,0.0947471559047699,0.03954721614718437,0.057203780859708786,0.08532626926898956,0.13261492550373077,0.12186965346336365,0.09042526036500931,0.47796884179115295,0.11986541748046875,0.03728804923593998,0.9130522012710571,0.07102828100323677,0.06279491260647774,0.07232875004410744,0.05128779448568821,0.1443871110677719,0.14049981534481049,0.10017376020550728,0.5003638565540314
vinblastine,4,-0.35341578650528355,CPFLOW/comparison_outputs/full44_imageft2_morphology_candidates/images/vinblastine/candidate_004_raw.png,CPFLOW/comparison_outputs/full44_imageft2_morphology_candidates/images/vinblastine/candidate_004_display.png,0.10607147216796875,0.027402237057685852,0.8564411401748657,0.08429376035928726,0.04769182577729225,0.056074779480695724,0.08717504888772964,0.13607299327850342,0.12015493959188461,0.10208908468484879,0.4786750376224518,0.11986541748046875,0.03728804923593998,0.9130522012710571,0.07102828100323677,0.06279491260647774,0.07232875004410744,0.05128779448568821,0.1443871110677719,0.14049981534481049,0.10017376020550728,0.5003638565540314
vinblastine,5,-0.4495768392383603,CPFLOW/comparison_outputs/full44_imageft2_morphology_candidates/images/vinblastine/candidate_005_raw.png,CPFLOW/comparison_outputs/full44_imageft2_morphology_candidates/images/vinblastine/candidate_005_display.png,0.09103012084960938,0.026599127799272537,0.8203837871551514,0.09067073464393616,0.05501928925514221,0.0660543292760849,0.09635202586650848,0.134178027510643,0.11496938765048981,0.08823543041944504,0.4852786362171173,0.11986541748046875,0.03728804923593998,0.9130522012710571,0.07102828100323677,0.06279491260647774,0.07232875004410744,0.05128779448568821,0.1443871110677719,0.14049981534481049,0.10017376020550728,0.5003638565540314
vinblastine,6,-0.34975021216776425,CPFLOW/comparison_outputs/full44_imageft2_morphology_candidates/images/vinblastine/candidate_006_raw.png,CPFLOW/comparison_outputs/full44_imageft2_morphology_candidates/images/vinblastine/candidate_006_display.png,0.14477920532226562,0.029843905940651894,0.8898580074310303,0.0987328365445137,0.07142844051122665,0.03920388221740723,0.0802486389875412,0.17456240952014923,0.11804170161485672,0.10192212462425232,0.4859449863433838,0.11986541748046875,0.03728804923593998,0.9130522012710571,0.07102828100323677,0.06279491260647774,0.07232875004410744,0.05128779448568821,0.1443871110677719,0.14049981534481049,0.10017376020550728,0.5003638565540314
vinblastine,7,-0.2537134356830384,CPFLOW/comparison_outputs/full44_imageft2_morphology_candidates/images/vinblastine/candidate_007_raw.png,CPFLOW/comparison_outputs/full44_imageft2_morphology_candidates/images/vinblastine/candidate_007_display.png,0.16056442260742188,0.03512255847454071,0.8935158252716064,0.08863359689712524,0.07102315127849579,0.06627371162176132,0.06667064875364304,0.17636355757713318,0.1288592666387558,0.10852200537919998,0.48423901200294495,0.11986541748046875,0.03728804923593998,0.9130522012710571,0.07102828100323677,0.06279491260647774,0.07232875004410744,0.05128779448568821,0.1443871110677719,0.14049981534481049,0.10017376020550728,0.5003638565540314
vinblastine,8,-0.3719568755369943,CPFLOW/comparison_outputs/full44_imageft2_morphology_candidates/images/vinblastine/candidate_008_raw.png,CPFLOW/comparison_outputs/full44_imageft2_morphology_candidates/images/vinblastine/candidate_008_display.png,0.1373291015625,0.03069242835044861,0.7664799690246582,0.0958324447274208,0.05550926551222801,0.07177411019802094,0.08377723395824432,0.13821466267108917,0.11123524606227875,0.08314337581396103,0.48061078786849976,0.11986541748046875,0.03728804923593998,0.9130522012710571,0.07102828100323677,0.06279491260647774,0.07232875004410744,0.05128779448568821,0.1443871110677719,0.14049981534481049,0.10017376020550728,0.5003638565540314
vinblastine,9,-0.5315394807082061,CPFLOW/comparison_outputs/full44_imageft2_morphology_candidates/images/vinblastine/candidate_009_raw.png,CPFLOW/comparison_outputs/full44_imageft2_morphology_candidates/images/vinblastine/candidate_009_display.png,0.090545654296875,0.02272680029273033,0.8517416715621948,0.07739966362714767,0.04239312931895256,0.025892959907650948,0.06439153105020523,0.13441872596740723,0.09976276755332947,0.08526823669672012,0.4815019369125366,0.11986541748046875,0.03728804923593998,0.9130522012710571,0.07102828100323677,0.06279491260647774,0.07232875004410744,0.05128779448568821,0.1443871110677719,0.14049981534481049,0.10017376020550728,0.5003638565540314
vinblastine,10,-0.45483980896351556,CPFLOW/comparison_outputs/full44_imageft2_morphology_candidates/images/vinblastine/candidate_010_raw.png,CPFLOW/comparison_outputs/full44_imageft2_morphology_candidates/images/vinblastine/candidate_010_display.png,0.10112380981445312,0.021850401535630226,0.8430874943733215,0.06999018788337708,0.0488307811319828,0.06025395914912224,0.06737746298313141,0.13488399982452393,0.12065525352954865,0.09520966559648514,0.4934241771697998,0.11986541748046875,0.03728804923593998,0.9130522012710571,0.07102828100323677,0.06279491260647774,0.07232875004410744,0.05128779448568821,0.1443871110677719,0.14049981534481049,0.10017376020550728,0.5003638565540314
vinblastine,11,-0.40008198151585506,CPFLOW/comparison_outputs/full44_imageft2_morphology_candidates/images/vinblastine/candidate_011_raw.png,CPFLOW/comparison_outputs/full44_imageft2_morphology_candidates/images/vinblastine/candidate_011_display.png,0.086578369140625,0.027253156527876854,0.8783059120178223,0.09003260731697083,0.0424707755446434,0.05617521330714226,0.08516471832990646,0.14235730469226837,0.12087611109018326,0.09892776608467102,0.4779791831970215,0.11986541748046875,0.03728804923593998,0.9130522012710571,0.07102828100323677,0.06279491260647774,0.07232875004410744,0.05128779448568821,0.1443871110677719,0.14049981534481049,0.10017376020550728,0.5003638565540314
vinblastine,12,-0.33852357771509,CPFLOW/comparison_outputs/full44_imageft2_morphology_candidates/images/vinblastine/candidate_012_raw.png,CPFLOW/comparison_outputs/full44_imageft2_morphology_candidates/images/vinblastine/candidate_012_display.png,0.1128997802734375,0.024569453671574593,0.8748669624328613,0.07726224511861801,0.06004856526851654,0.051599856466054916,0.07453683763742447,0.14759531617164612,0.12084648758172989,0.10220406949520111,0.48916521668434143,0.11986541748046875,0.03728804923593998,0.9130522012710571,0.07102828100323677,0.06279491260647774,0.07232875004410744,0.05128779448568821,0.1443871110677719,0.14049981534481049,0.10017376020550728,0.5003638565540314
vinblastine,13,-0.48276984079165713,CPFLOW/comparison_outputs/full44_imageft2_morphology_candidates/images/vinblastine/candidate_013_raw.png,CPFLOW/comparison_outputs/full44_imageft2_morphology_candidates/images/vinblastine/candidate_013_display.png,0.1123809814453125,0.025763647630810738,0.764396607875824,0.08574582636356354,0.052770912647247314,0.03095264360308647,0.0789961963891983,0.1301169991493225,0.10096393525600433,0.08280802518129349,0.5108159184455872,0.11986541748046875,0.03728804923593998,0.9130522012710571,0.07102828100323677,0.06279491260647774,0.07232875004410744,0.05128779448568821,0.1443871110677719,0.14049981534481049,0.10017376020550728,0.5003638565540314
vinblastine,14,-0.22249604444763543,CPFLOW/comparison_outputs/full44_imageft2_morphology_candidates/images/vinblastine/candidate_014_raw.png,CPFLOW/comparison_outputs/full44_imageft2_morphology_candidates/images/vinblastine/candidate_014_display.png,0.10694122314453125,0.031939469277858734,0.8823925256729126,0.06594601273536682,0.04588555172085762,0.0417189784348011,0.04642651602625847,0.14919038116931915,0.13030804693698883,0.09396190196275711,0.479869544506073,0.11986541748046875,0.03728804923593998,0.9130522012710571,0.07102828100323677,0.06279491260647774,0.07232875004410744,0.05128779448568821,0.1443871110677719,0.14049981534481049,0.10017376020550728,0.5003638565540314
vinblastine,15,-0.4014495935958824,CPFLOW/comparison_outputs/full44_imageft2_morphology_candidates/images/vinblastine/candidate_015_raw.png,CPFLOW/comparison_outputs/full44_imageft2_morphology_candidates/images/vinblastine/candidate_015_display.png,0.09169769287109375,0.029511641710996628,0.8158777356147766,0.09064877778291702,0.0573190301656723,0.060739725828170776,0.09844996780157089,0.1379936784505844,0.11758469045162201,0.08736729621887207,0.5027685761451721,0.11986541748046875,0.03728804923593998,0.9130522012710571,0.07102828100323677,0.06279491260647774,0.07232875004410744,0.05128779448568821,0.1443871110677719,0.14049981534481049,0.10017376020550728,0.5003638565540314
vinblastine,16,-0.4139336543101982,CPFLOW/comparison_outputs/full44_imageft2_morphology_candidates/images/vinblastine/candidate_016_raw.png,CPFLOW/comparison_outputs/full44_imageft2_morphology_candidates/images/vinblastine/candidate_016_display.png,0.08467864990234375,0.02936771884560585,0.8790907859802246,0.10983975231647491,0.044469088315963745,0.06104160472750664,0.09955684095621109,0.14992694556713104,0.10424057394266129,0.08869453519582748,0.4871227741241455,0.11986541748046875,0.03728804923593998,0.9130522012710571,0.07102828100323677,0.06279491260647774,0.07232875004410744,0.05128779448568821,0.1443871110677719,0.14049981534481049,0.10017376020550728,0.5003638565540314
vinblastine,17,-0.3468886566434797,CPFLOW/comparison_outputs/full44_imageft2_morphology_candidates/images/vinblastine/candidate_017_raw.png,CPFLOW/comparison_outputs/full44_imageft2_morphology_candidates/images/vinblastine/candidate_017_display.png,0.18219757080078125,0.04354168847203255,0.8848240971565247,0.08828435093164444,0.06901264935731888,0.06633973121643066,0.06020680442452431,0.1644737720489502,0.13992813229560852,0.10900737345218658,0.4877360761165619,0.11986541748046875,0.03728804923593998,0.9130522012710571,0.07102828100323677,0.06279491260647774,0.07232875004410744,0.05128779448568821,0.1443871110677719,0.14049981534481049,0.10017376020550728,0.5003638565540314
vinblastine,18,-0.607321238923792,CPFLOW/comparison_outputs/full44_imageft2_morphology_candidates/images/vinblastine/candidate_018_raw.png,CPFLOW/comparison_outputs/full44_imageft2_morphology_candidates/images/vinblastine/candidate_018_display.png,0.07764434814453125,0.022369714453816414,0.8250369429588318,0.07406958192586899,0.04021424427628517,0.028009142726659775,0.0672571212053299,0.13197734951972961,0.09515489637851715,0.08239498734474182,0.4829055666923523,0.11986541748046875,0.03728804923593998,0.9130522012710571,0.07102828100323677,0.06279491260647774,0.07232875004410744,0.05128779448568821,0.1443871110677719,0.14049981534481049,0.10017376020550728,0.5003638565540314
vinblastine,19,-0.47359009169096195,CPFLOW/comparison_outputs/full44_imageft2_morphology_candidates/images/vinblastine/candidate_019_raw.png,CPFLOW/comparison_outputs/full44_imageft2_morphology_candidates/images/vinblastine/candidate_019_display.png,0.06785964965820312,0.028827263042330742,0.8347167372703552,0.06400281935930252,0.047999754548072815,0.052636049687862396,0.0766497328877449,0.12445012480020523,0.09558907151222229,0.09534259140491486,0.47391337156295776,0.11986541748046875,0.03728804923593998,0.9130522012710571,0.07102828100323677,0.06279491260647774,0.07232875004410744,0.05128779448568821,0.1443871110677719,0.14049981534481049,0.10017376020550728,0.5003638565540314
vinblastine,20,-0.32263539335133956,CPFLOW/comparison_outputs/full44_imageft2_morphology_candidates/images/vinblastine/candidate_020_raw.png,CPFLOW/comparison_outputs/full44_imageft2_morphology_candidates/images/vinblastine/candidate_020_display.png,0.12701416015625,0.02990492433309555,0.8081090450286865,0.09485437721014023,0.05001072213053703,0.06978467106819153,0.09162434935569763,0.1250215321779251,0.1331004649400711,0.0968848243355751,0.47398117184638977,0.11986541748046875,0.03728804923593998,0.9130522012710571,0.07102828100323677,0.06279491260647774,0.07232875004410744,0.05128779448568821,0.1443871110677719,0.14049981534481049,0.10017376020550728,0.5003638565540314
vinblastine,21,-0.45161762125442295,CPFLOW/comparison_outputs/full44_imageft2_morphology_candidates/images/vinblastine/candidate_021_raw.png,CPFLOW/comparison_outputs/full44_imageft2_morphology_candidates/images/vinblastine/candidate_021_display.png,0.09354400634765625,0.026876091957092285,0.8428715467453003,0.09854518622159958,0.043325863778591156,0.0551152229309082,0.09201613813638687,0.13697585463523865,0.1092415452003479,0.08474193513393402,0.48853984475135803,0.11986541748046875,0.03728804923593998,0.9130522012710571,0.07102828100323677,0.06279491260647774,0.07232875004410744,0.05128779448568821,0.1443871110677719,0.14049981534481049,0.10017376020550728,0.5003638565540314
vinblastine,22,-0.30463733146211003,CPFLOW/comparison_outputs/full44_imageft2_morphology_candidates/images/vinblastine/candidate_022_raw.png,CPFLOW/comparison_outputs/full44_imageft2_morphology_candidates/images/vinblastine/candidate_022_display.png,0.17593002319335938,0.03242328763008118,0.9188074469566345,0.06936510652303696,0.06144721433520317,0.04632306843996048,0.042312368750572205,0.15463101863861084,0.13579696416854858,0.10951674729585648,0.4845746159553528,0.11986541748046875,0.03728804923593998,0.9130522012710571,0.07102828100323677,0.06279491260647774,0.07232875004410744,0.05128779448568821,0.1443871110677719,0.14049981534481049,0.10017376020550728,0.5003638565540314
vinblastine,23,-0.6122379117841623,CPFLOW/comparison_outputs/full44_imageft2_morphology_candidates/images/vinblastine/candidate_023_raw.png,CPFLOW/comparison_outputs/full44_imageft2_morphology_candidates/images/vinblastine/candidate_023_display.png,0.061618804931640625,0.02420627884566784,0.8500311970710754,0.08254191279411316,0.029438389465212822,0.039802927523851395,0.07519306987524033,0.12302509695291519,0.09942281991243362,0.08535362780094147,0.4769587814807892,0.11986541748046875,0.03728804923593998,0.9130522012710571,0.07102828100323677,0.06279491260647774,0.07232875004410744,0.05128779448568821,0.1443871110677719,0.14049981534481049,0.10017376020550728,0.5003638565540314
vinblastine,24,-0.22519174556813665,CPFLOW/comparison_outputs/full44_imageft2_morphology_candidates/images/vinblastine/candidate_024_raw.png,CPFLOW/comparison_outputs/full44_imageft2_morphology_candidates/images/vinblastine/candidate_024_display.png,0.11562728881835938,0.03135177865624428,0.8584367632865906,0.0883699506521225,0.051823344081640244,0.06421905755996704,0.08006102591753006,0.14844848215579987,0.13317930698394775,0.09616716206073761,0.47349056601524353,0.11986541748046875,0.03728804923593998,0.9130522012710571,0.07102828100323677,0.06279491260647774,0.07232875004410744,0.05128779448568821,0.1443871110677719,0.14049981534481049,0.10017376020550728,0.5003638565540314
vinblastine,25,-0.1527015046408436,CPFLOW/comparison_outputs/full44_imageft2_morphology_candidates/images/vinblastine/candidate_025_raw.png,CPFLOW/comparison_outputs/full44_imageft2_morphology_candidates/images/vinblastine/candidate_025_display.png,0.1094818115234375,0.0336291640996933,0.902007520198822,0.07679565995931625,0.05238387733697891,0.06154661253094673,0.06542354077100754,0.1538432240486145,0.1308092176914215,0.10110322386026382,0.4799253046512604,0.11986541748046875,0.03728804923593998,0.9130522012710571,0.07102828100323677,0.06279491260647774,0.07232875004410744,0.05128779448568821,0.1443871110677719,0.14049981534481049,0.10017376020550728,0.5003638565540314
vinblastine,26,-0.5132661226638107,CPFLOW/comparison_outputs/full44_imageft2_morphology_candidates/images/vinblastine/candidate_026_raw.png,CPFLOW/comparison_outputs/full44_imageft2_morphology_candidates/images/vinblastine/candidate_026_display.png,0.07550048828125,0.025448137894272804,0.8212939500808716,0.06146280840039253,0.044653501361608505,0.056412432342767715,0.07711824774742126,0.12022964656352997,0.11421779543161392,0.10147424042224884,0.49811625480651855,0.11986541748046875,0.03728804923593998,0.9130522012710571,0.07102828100323677,0.06279491260647774,0.07232875004410744,0.05128779448568821,0.1443871110677719,0.14049981534481049,0.10017376020550728,0.5003638565540314
vinblastine,27,-0.3105923726491706,CPFLOW/comparison_outputs/full44_imageft2_morphology_candidates/images/vinblastine/candidate_027_raw.png,CPFLOW/comparison_outputs/full44_imageft2_morphology_candidates/images/vinblastine/candidate_027_display.png,0.12336349487304688,0.027603616937994957,0.8553566932678223,0.08757533878087997,0.054313063621520996,0.05135478079319,0.07998009026050568,0.14637427031993866,0.11712506413459778,0.09617865830659866,0.5078727006912231,0.11986541748046875,0.03728804923593998,0.9130522012710571,0.07102828100323677,0.06279491260647774,0.07232875004410744,0.05128779448568821,0.1443871110677719,0.14049981534481049,0.10017376020550728,0.5003638565540314
vinblastine,28,-0.14020066477517742,CPFLOW/comparison_outputs/full44_imageft2_morphology_candidates/images/vinblastine/candidate_028_raw.png,CPFLOW/comparison_outputs/full44_imageft2_morphology_candidates/images/vinblastine/candidate_028_display.png,0.13427734375,0.03776858001947403,0.8622242212295532,0.08306209743022919,0.04688107967376709,0.0764102190732956,0.05918284133076668,0.13979290425777435,0.13999442756175995,0.09553319960832596,0.47999879717826843,0.11986541748046875,0.03728804923593998,0.9130522012710571,0.07102828100323677,0.06279491260647774,0.07232875004410744,0.05128779448568821,0.1443871110677719,0.14049981534481049,0.10017376020550728,0.5003638565540314
vinblastine,29,-0.6551616322616682,CPFLOW/comparison_outputs/full44_imageft2_morphology_candidates/images/vinblastine/candidate_029_raw.png,CPFLOW/comparison_outputs/full44_imageft2_morphology_candidates/images/vinblastine/candidate_029_display.png,0.06667327880859375,0.019524000585079193,0.8465814590454102,0.06504610180854797,0.035353854298591614,0.05730272829532623,0.060944437980651855,0.12545934319496155,0.09863580018281937,0.08732723444700241,0.5122202634811401,0.11986541748046875,0.03728804923593998,0.9130522012710571,0.07102828100323677,0.06279491260647774,0.07232875004410744,0.05128779448568821,0.1443871110677719,0.14049981534481049,0.10017376020550728,0.5003638565540314
vinblastine,30,-0.18943394526759305,CPFLOW/comparison_outputs/full44_imageft2_morphology_candidates/images/vinblastine/candidate_030_raw.png,CPFLOW/comparison_outputs/full44_imageft2_morphology_candidates/images/vinblastine/candidate_030_display.png,0.14422988891601562,0.036022037267684937,0.845483124256134,0.07831896841526031,0.051045455038547516,0.07983341068029404,0.059537503868341446,0.14093638956546783,0.1414497047662735,0.10457847267389297,0.47173991799354553,0.11986541748046875,0.03728804923593998,0.9130522012710571,0.07102828100323677,0.06279491260647774,0.07232875004410744,0.05128779448568821,0.1443871110677719,0.14049981534481049,0.10017376020550728,0.5003638565540314
vinblastine,31,-0.431319114876735,CPFLOW/comparison_outputs/full44_imageft2_morphology_candidates/images/vinblastine/candidate_031_raw.png,CPFLOW/comparison_outputs/full44_imageft2_morphology_candidates/images/vinblastine/candidate_031_display.png,0.10221481323242188,0.025794316083192825,0.868196964263916,0.0949365496635437,0.046585582196712494,0.02598450891673565,0.07813500612974167,0.15127472579479218,0.10938390344381332,0.09274473041296005,0.4763641059398651,0.11986541748046875,0.03728804923593998,0.9130522012710571,0.07102828100323677,0.06279491260647774,0.07232875004410744,0.05128779448568821,0.1443871110677719,0.14049981534481049,0.10017376020550728,0.5003638565540314
y-27632,0,-0.48742012271807866,CPFLOW/comparison_outputs/full44_imageft2_morphology_candidates/images/y-27632/candidate_000_raw.png,CPFLOW/comparison_outputs/full44_imageft2_morphology_candidates/images/y-27632/candidate_000_display.png,0.8856430053710938,0.07306437194347382,0.8982118964195251,0.28731730580329895,0.3648911118507385,0.3253941535949707,0.18056067824363708,0.17315569519996643,0.17831458151340485,0.21090100705623627,0.5101346373558044,0.8090591430664062,0.07909936457872391,0.9065394103527069,0.28479984402656555,0.29201076924800873,0.2803754210472107,0.13598430901765823,0.17909689992666245,0.18770771473646164,0.20575861632823944,0.49577417969703674
y-27632,1,-3.808052139936896,CPFLOW/comparison_outputs/full44_imageft2_morphology_candidates/images/y-27632/candidate_001_raw.png,CPFLOW/comparison_outputs/full44_imageft2_morphology_candidates/images/y-27632/candidate_001_display.png,0.9730567932128906,0.0708080530166626,0.7583813667297363,0.2719944715499878,0.28573349118232727,0.3101058602333069,0.15453478693962097,0.14646746218204498,0.144381582736969,0.18679097294807434,0.5084521770477295,0.8090591430664062,0.07909936457872391,0.9065394103527069,0.28479984402656555,0.29201076924800873,0.2803754210472107,0.13598430901765823,0.17909689992666245,0.18770771473646164,0.20575861632823944,0.49577417969703674
y-27632,2,-3.7198930376778896,CPFLOW/comparison_outputs/full44_imageft2_morphology_candidates/images/y-27632/candidate_002_raw.png,CPFLOW/comparison_outputs/full44_imageft2_morphology_candidates/images/y-27632/candidate_002_display.png,0.9324989318847656,0.07516974210739136,0.8470941185951233,0.29641565680503845,0.3552967309951782,0.37038061022758484,0.17875030636787415,0.15372774004936218,0.17216308414936066,0.20099832117557526,0.5063255429267883,0.8090591430664062,0.07909936457872391,0.9065394103527069,0.28479984402656555,0.29201076924800873,0.2803754210472107,0.13598430901765823,0.17909689992666245,0.18770771473646164,0.20575861632823944,0.49577417969703674
y-27632,3,-4.220868430944959,CPFLOW/comparison_outputs/full44_imageft2_morphology_candidates/images/y-27632/candidate_003_raw.png,CPFLOW/comparison_outputs/full44_imageft2_morphology_candidates/images/y-27632/candidate_003_display.png,0.9740219116210938,0.07376261055469513,0.7102063894271851,0.3676808476448059,0.4092257618904114,0.4517904222011566,0.2021046131849289,0.14879292249679565,0.17554080486297607,0.22325314581394196,0.5007500052452087,0.8090591430664062,0.07909936457872391,0.9065394103527069,0.28479984402656555,0.29201076924800873,0.2803754210472107,0.13598430901765823,0.17909689992666245,0.18770771473646164,0.20575861632823944,0.49577417969703674
y-27632,4,-3.6973272835426862,CPFLOW/comparison_outputs/full44_imageft2_morphology_candidates/images/y-27632/candidate_004_raw.png,CPFLOW/comparison_outputs/full44_imageft2_morphology_candidates/images/y-27632/candidate_004_display.png,0.9293594360351562,0.07173099368810654,0.8623059391975403,0.3201020658016205,0.3658185303211212,0.3512164354324341,0.1529049575328827,0.1580769568681717,0.17610310018062592,0.19550137221813202,0.5095850825309753,0.8090591430664062,0.07909936457872391,0.9065394103527069,0.28479984402656555,0.29201076924800873,0.2803754210472107,0.13598430901765823,0.17909689992666245,0.18770771473646164,0.20575861632823944,0.49577417969703674
y-27632,5,-3.712507113967943,CPFLOW/comparison_outputs/full44_imageft2_morphology_candidates/images/y-27632/candidate_005_raw.png,CPFLOW/comparison_outputs/full44_imageft2_morphology_candidates/images/y-27632/candidate_005_display.png,0.9201278686523438,0.07107622921466827,0.885513424873352,0.3437851071357727,0.4131286144256592,0.3460683822631836,0.13191553950309753,0.17178486287593842,0.17583853006362915,0.17814815044403076,0.4973772168159485,0.8090591430664062,0.07909936457872391,0.9065394103527069,0.28479984402656555,0.29201076924800873,0.2803754210472107,0.13598430901765823,0.17909689992666245,0.18770771473646164,0.20575861632823944,0.49577417969703674
y-27632,6,-0.4226584940049222,CPFLOW/comparison_outputs/full44_imageft2_morphology_candidates/images/y-27632/candidate_006_raw.png,CPFLOW/comparison_outputs/full44_imageft2_morphology_candidates/images/y-27632/candidate_006_display.png,0.8854751586914062,0.06673544645309448,0.9045672416687012,0.3093462586402893,0.29482072591781616,0.31807929277420044,0.1242443323135376,0.15670429170131683,0.1894310712814331,0.19487401843070984,0.5031495094299316,0.8090591430664062,0.07909936457872391,0.9065394103527069,0.28479984402656555,0.29201076924800873,0.2803754210472107,0.13598430901765823,0.17909689992666245,0.18770771473646164,0.20575861632823944,0.49577417969703674
y-27632,7,-3.8828326756599028,CPFLOW/comparison_outputs/full44_imageft2_morphology_candidates/images/y-27632/candidate_007_raw.png,CPFLOW/comparison_outputs/full44_imageft2_morphology_candidates/images/y-27632/candidate_007_display.png,0.9808845520019531,0.07640444487333298,0.7427352666854858,0.3389779329299927,0.2943730652332306,0.3681008815765381,0.12366312742233276,0.14968466758728027,0.16870056092739105,0.17883281409740448,0.4956955909729004,0.8090591430664062,0.07909936457872391,0.9065394103527069,0.28479984402656555,0.29201076924800873,0.2803754210472107,0.13598430901765823,0.17909689992666245,0.18770771473646164,0.20575861632823944,0.49577417969703674
y-27632,8,-0.6240918909776343,CPFLOW/comparison_outputs/full44_imageft2_morphology_candidates/images/y-27632/candidate_008_raw.png,CPFLOW/comparison_outputs/full44_imageft2_morphology_candidates/images/y-27632/candidate_008_display.png,0.9101409912109375,0.06036727875471115,0.8448926210403442,0.27157261967658997,0.3136442303657532,0.3100917637348175,0.1402408480644226,0.14551004767417908,0.15959759056568146,0.18304932117462158,0.5109923481941223,0.8090591430664062,0.07909936457872391,0.9065394103527069,0.28479984402656555,0.29201076924800873,0.2803754210472107,0.13598430901765823,0.17909689992666245,0.18770771473646164,0.20575861632823944,0.49577417969703674
y-27632,9,-3.924814311454535,CPFLOW/comparison_outputs/full44_imageft2_morphology_candidates/images/y-27632/candidate_009_raw.png,CPFLOW/comparison_outputs/full44_imageft2_morphology_candidates/images/y-27632/candidate_009_display.png,0.9422607421875,0.06496194005012512,0.8334651589393616,0.30959558486938477,0.3802957534790039,0.40089505910873413,0.18721261620521545,0.15040817856788635,0.17319828271865845,0.19693385064601898,0.5038066506385803,0.8090591430664062,0.07909936457872391,0.9065394103527069,0.28479984402656555,0.29201076924800873,0.2803754210472107,0.13598430901765823,0.17909689992666245,0.18770771473646164,0.20575861632823944,0.49577417969703674
y-27632,10,-0.7034363869683614,CPFLOW/comparison_outputs/full44_imageft2_morphology_candidates/images/y-27632/candidate_010_raw.png,CPFLOW/comparison_outputs/full44_imageft2_morphology_candidates/images/y-27632/candidate_010_display.png,0.9143486022949219,0.0655319094657898,0.8816617727279663,0.30368295311927795,0.3629981577396393,0.3660106658935547,0.1777171790599823,0.15893253684043884,0.1812378168106079,0.20832815766334534,0.49820297956466675,0.8090591430664062,0.07909936457872391,0.9065394103527069,0.28479984402656555,0.29201076924800873,0.2803754210472107,0.13598430901765823,0.17909689992666245,0.18770771473646164,0.20575861632823944,0.49577417969703674
y-27632,11,-0.6679367639446131,CPFLOW/comparison_outputs/full44_imageft2_morphology_candidates/images/y-27632/candidate_011_raw.png,CPFLOW/comparison_outputs/full44_imageft2_morphology_candidates/images/y-27632/candidate_011_display.png,0.915435791015625,0.06877009570598602,0.8780772089958191,0.304590106010437,0.37321794033050537,0.35251176357269287,0.1596551090478897,0.16364429891109467,0.17617471516132355,0.19301074743270874,0.5089936256408691,0.8090591430664062,0.07909936457872391,0.9065394103527069,0.28479984402656555,0.29201076924800873,0.2803754210472107,0.13598430901765823,0.17909689992666245,0.18770771473646164,0.20575861632823944,0.49577417969703674
y-27632,12,-3.5980212440081383,CPFLOW/comparison_outputs/full44_imageft2_morphology_candidates/images/y-27632/candidate_012_raw.png,CPFLOW/comparison_outputs/full44_imageft2_morphology_candidates/images/y-27632/candidate_012_display.png,0.9294815063476562,0.07569076120853424,0.8399680852890015,0.32702112197875977,0.2979213297367096,0.34008899331092834,0.12250342220067978,0.1461496204137802,0.1836230754852295,0.19598573446273804,0.5097358822822571,0.8090591430664062,0.07909936457872391,0.9065394103527069,0.28479984402656555,0.29201076924800873,0.2803754210472107,0.13598430901765823,0.17909689992666245,0.18770771473646164,0.20575861632823944,0.49577417969703674
y-27632,13,-3.8136464975081554,CPFLOW/comparison_outputs/full44_imageft2_morphology_candidates/images/y-27632/candidate_013_raw.png,CPFLOW/comparison_outputs/full44_imageft2_morphology_candidates/images/y-27632/candidate_013_display.png,0.9408645629882812,0.06591127812862396,0.8498677611351013,0.33689042925834656,0.37812966108322144,0.3632179796695709,0.14149247109889984,0.15390175580978394,0.17629770934581757,0.19857382774353027,0.5083215236663818,0.8090591430664062,0.07909936457872391,0.9065394103527069,0.28479984402656555,0.29201076924800873,0.2803754210472107,0.13598430901765823,0.17909689992666245,0.18770771473646164,0.20575861632823944,0.49577417969703674
y-27632,14,-0.5037262960660557,CPFLOW/comparison_outputs/full44_imageft2_morphology_candidates/images/y-27632/candidate_014_raw.png,CPFLOW/comparison_outputs/full44_imageft2_morphology_candidates/images/y-27632/candidate_014_display.png,0.8870391845703125,0.07724469900131226,0.9077504277229309,0.31783193349838257,0.3793293535709381,0.3505929708480835,0.16693635284900665,0.18127165734767914,0.18749631941318512,0.2095671445131302,0.49284693598747253,0.8090591430664062,0.07909936457872391,0.9065394103527069,0.28479984402656555,0.29201076924800873,0.2803754210472107,0.13598430901765823,0.17909689992666245,0.18770771473646164,0.20575861632823944,0.49577417969703674
y-27632,15,-3.866978580726505,CPFLOW/comparison_outputs/full44_imageft2_morphology_candidates/images/y-27632/candidate_015_raw.png,CPFLOW/comparison_outputs/full44_imageft2_morphology_candidates/images/y-27632/candidate_015_display.png,0.9589347839355469,0.07648864388465881,0.7789773344993591,0.32463937997817993,0.35867342352867126,0.3748968839645386,0.16726921498775482,0.14752760529518127,0.170627161860466,0.20808011293411255,0.507477879524231,0.8090591430664062,0.07909936457872391,0.9065394103527069,0.28479984402656555,0.29201076924800873,0.2803754210472107,0.13598430901765823,0.17909689992666245,0.18770771473646164,0.20575861632823944,0.49577417969703674
y-27632,16,-0.3490563852333977,CPFLOW/comparison_outputs/full44_imageft2_morphology_candidates/images/y-27632/candidate_016_raw.png,CPFLOW/comparison_outputs/full44_imageft2_morphology_candidates/images/y-27632/candidate_016_display.png,0.8343620300292969,0.08793405443429947,0.9171223640441895,0.31185927987098694,0.3620225191116333,0.33371326327323914,0.14665594696998596,0.19390228390693665,0.2048007845878601,0.19583778083324432,0.49979016184806824,0.8090591430664062,0.07909936457872391,0.9065394103527069,0.28479984402656555,0.29201076924800873,0.2803754210472107,0.13598430901765823,0.17909689992666245,0.18770771473646164,0.20575861632823944,0.49577417969703674
y-27632,17,-3.9848397336256,CPFLOW/comparison_outputs/full44_imageft2_morphology_candidates/images/y-27632/candidate_017_raw.png,CPFLOW/comparison_outputs/full44_imageft2_morphology_candidates/images/y-27632/candidate_017_display.png,0.9649314880371094,0.07059098780155182,0.7389248013496399,0.3152828812599182,0.3578226864337921,0.3867199718952179,0.16840609908103943,0.13892880082130432,0.16284485161304474,0.19029933214187622,0.5091277360916138,0.8090591430664062,0.07909936457872391,0.9065394103527069,0.28479984402656555,0.29201076924800873,0.2803754210472107,0.13598430901765823,0.17909689992666245,0.18770771473646164,0.20575861632823944,0.49577417969703674
y-27632,18,-4.007290073562037,CPFLOW/comparison_outputs/full44_imageft2_morphology_candidates/images/y-27632/candidate_018_raw.png,CPFLOW/comparison_outputs/full44_imageft2_morphology_candidates/images/y-27632/candidate_018_display.png,0.9697914123535156,0.07227633893489838,0.7054467797279358,0.2831847667694092,0.3474888503551483,0.3828482925891876,0.18838809430599213,0.1356096863746643,0.15636630356311798,0.18717141449451447,0.498989999294281,0.8090591430664062,0.07909936457872391,0.9065394103527069,0.28479984402656555,0.29201076924800873,0.2803754210472107,0.13598430901765823,0.17909689992666245,0.18770771473646164,0.20575861632823944,0.49577417969703674
y-27632,19,-3.877845589883636,CPFLOW/comparison_outputs/full44_imageft2_morphology_candidates/images/y-27632/candidate_019_raw.png,CPFLOW/comparison_outputs/full44_imageft2_morphology_candidates/images/y-27632/candidate_019_display.png,0.9578170776367188,0.07297224551439285,0.7283095121383667,0.32757824659347534,0.36372262239456177,0.3461708426475525,0.13974960148334503,0.15193459391593933,0.1623631715774536,0.19409559667110443,0.4967401921749115,0.8090591430664062,0.07909936457872391,0.9065394103527069,0.28479984402656555,0.29201076924800873,0.2803754210472107,0.13598430901765823,0.17909689992666245,0.18770771473646164,0.20575861632823944,0.49577417969703674
y-27632,20,-3.82819550228876,CPFLOW/comparison_outputs/full44_imageft2_morphology_candidates/images/y-27632/candidate_020_raw.png,CPFLOW/comparison_outputs/full44_imageft2_morphology_candidates/images/y-27632/candidate_020_display.png,0.9561691284179688,0.06289979070425034,0.7471957206726074,0.2944093942642212,0.30052533745765686,0.32558563351631165,0.14130555093288422,0.13525445759296417,0.1518992930650711,0.19075176119804382,0.489896297454834,0.8090591430664062,0.07909936457872391,0.9065394103527069,0.28479984402656555,0.29201076924800873,0.2803754210472107,0.13598430901765823,0.17909689992666245,0.18770771473646164,0.20575861632823944,0.49577417969703674
y-27632,21,-3.8091291269132657,CPFLOW/comparison_outputs/full44_imageft2_morphology_candidates/images/y-27632/candidate_021_raw.png,CPFLOW/comparison_outputs/full44_imageft2_morphology_candidates/images/y-27632/candidate_021_display.png,0.9438743591308594,0.07069572806358337,0.8483368158340454,0.33894336223602295,0.36899420619010925,0.3772130012512207,0.1578008085489273,0.15638549625873566,0.17941449582576752,0.20265552401542664,0.4995664358139038,0.8090591430664062,0.07909936457872391,0.9065394103527069,0.28479984402656555,0.29201076924800873,0.2803754210472107,0.13598430901765823,0.17909689992666245,0.18770771473646164,0.20575861632823944,0.49577417969703674
y-27632,22,-0.5835642670568119,CPFLOW/comparison_outputs/full44_imageft2_morphology_candidates/images/y-27632/candidate_022_raw.png,CPFLOW/comparison_outputs/full44_imageft2_morphology_candidates/images/y-27632/candidate_022_display.png,0.9019699096679688,0.07142810523509979,0.8984839916229248,0.2988119423389435,0.3633856773376465,0.3458132743835449,0.17548100650310516,0.16608262062072754,0.17123404145240784,0.21140433847904205,0.5104513764381409,0.8090591430664062,0.07909936457872391,0.9065394103527069,0.28479984402656555,0.29201076924800873,0.2803754210472107,0.13598430901765823,0.17909689992666245,0.18770771473646164,0.20575861632823944,0.49577417969703674
y-27632,23,-3.7782783280321066,CPFLOW/comparison_outputs/full44_imageft2_morphology_candidates/images/y-27632/candidate_023_raw.png,CPFLOW/comparison_outputs/full44_imageft2_morphology_candidates/images/y-27632/candidate_023_display.png,0.950958251953125,0.06730841100215912,0.7812376618385315,0.31345126032829285,0.2912141680717468,0.3445223569869995,0.12696564197540283,0.12867291271686554,0.166264146566391,0.19198662042617798,0.5038989782333374,0.8090591430664062,0.07909936457872391,0.9065394103527069,0.28479984402656555,0.29201076924800873,0.2803754210472107,0.13598430901765823,0.17909689992666245,0.18770771473646164,0.20575861632823944,0.49577417969703674
y-27632,24,-3.7189635577463735,CPFLOW/comparison_outputs/full44_imageft2_morphology_candidates/images/y-27632/candidate_024_raw.png,CPFLOW/comparison_outputs/full44_imageft2_morphology_candidates/images/y-27632/candidate_024_display.png,0.9318428039550781,0.06877452880144119,0.8494998812675476,0.3203689754009247,0.3549378216266632,0.3420339822769165,0.12693633139133453,0.1603350043296814,0.1647382229566574,0.18145668506622314,0.5033978819847107,0.8090591430664062,0.07909936457872391,0.9065394103527069,0.28479984402656555,0.29201076924800873,0.2803754210472107,0.13598430901765823,0.17909689992666245,0.18770771473646164,0.20575861632823944,0.49577417969703674
y-27632,25,-0.5524439484450515,CPFLOW/comparison_outputs/full44_imageft2_morphology_candidates/images/y-27632/candidate_025_raw.png,CPFLOW/comparison_outputs/full44_imageft2_morphology_candidates/images/y-27632/candidate_025_display.png,0.916046142578125,0.07211850583553314,0.8951237797737122,0.32780927419662476,0.3225923180580139,0.3489788770675659,0.14006125926971436,0.15824532508850098,0.18704506754875183,0.20180833339691162,0.5080942511558533,0.8090591430664062,0.07909936457872391,0.9065394103527069,0.28479984402656555,0.29201076924800873,0.2803754210472107,0.13598430901765823,0.17909689992666245,0.18770771473646164,0.20575861632823944,0.49577417969703674
y-27632,26,-0.2135313018231438,CPFLOW/comparison_outputs/full44_imageft2_morphology_candidates/images/y-27632/candidate_026_raw.png,CPFLOW/comparison_outputs/full44_imageft2_morphology_candidates/images/y-27632/candidate_026_display.png,0.8375244140625,0.07299119979143143,0.9184743165969849,0.29970046877861023,0.30195415019989014,0.30845484137535095,0.12836037576198578,0.17544937133789062,0.1972600370645523,0.20224177837371826,0.5067270398139954,0.8090591430664062,0.07909936457872391,0.9065394103527069,0.28479984402656555,0.29201076924800873,0.2803754210472107,0.13598430901765823,0.17909689992666245,0.18770771473646164,0.20575861632823944,0.49577417969703674
y-27632,27,-0.4110751332145265,CPFLOW/comparison_outputs/full44_imageft2_morphology_candidates/images/y-27632/candidate_027_raw.png,CPFLOW/comparison_outputs/full44_imageft2_morphology_candidates/images/y-27632/candidate_027_display.png,0.8708724975585938,0.0704984962940216,0.8861266374588013,0.2884346842765808,0.33667775988578796,0.3265652060508728,0.15066614747047424,0.16691462695598602,0.18653203547000885,0.18742001056671143,0.489343523979187,0.8090591430664062,0.07909936457872391,0.9065394103527069,0.28479984402656555,0.29201076924800873,0.2803754210472107,0.13598430901765823,0.17909689992666245,0.18770771473646164,0.20575861632823944,0.49577417969703674
y-27632,28,-3.856924963294853,CPFLOW/comparison_outputs/full44_imageft2_morphology_candidates/images/y-27632/candidate_028_raw.png,CPFLOW/comparison_outputs/full44_imageft2_morphology_candidates/images/y-27632/candidate_028_display.png,0.9829597473144531,0.07501532137393951,0.7429313659667969,0.32447701692581177,0.30977001786231995,0.3376210331916809,0.14218324422836304,0.1471242904663086,0.15456105768680573,0.2013952136039734,0.5058859586715698,0.8090591430664062,0.07909936457872391,0.9065394103527069,0.28479984402656555,0.29201076924800873,0.2803754210472107,0.13598430901765823,0.17909689992666245,0.18770771473646164,0.20575861632823944,0.49577417969703674
y-27632,29,-3.9008001650938042,CPFLOW/comparison_outputs/full44_imageft2_morphology_candidates/images/y-27632/candidate_029_raw.png,CPFLOW/comparison_outputs/full44_imageft2_morphology_candidates/images/y-27632/candidate_029_display.png,0.94842529296875,0.07223429530858994,0.8442630171775818,0.3554931581020355,0.4098784923553467,0.40227654576301575,0.15038253366947174,0.15431350469589233,0.18073320388793945,0.20048196613788605,0.506808340549469,0.8090591430664062,0.07909936457872391,0.9065394103527069,0.28479984402656555,0.29201076924800873,0.2803754210472107,0.13598430901765823,0.17909689992666245,0.18770771473646164,0.20575861632823944,0.49577417969703674
y-27632,30,-3.992984045233281,CPFLOW/comparison_outputs/full44_imageft2_morphology_candidates/images/y-27632/candidate_030_raw.png,CPFLOW/comparison_outputs/full44_imageft2_morphology_candidates/images/y-27632/candidate_030_display.png,0.9611854553222656,0.07071541994810104,0.7458066940307617,0.31900542974472046,0.3644184470176697,0.4021596312522888,0.1736900806427002,0.14268915355205536,0.17103594541549683,0.1926233321428299,0.516544759273529,0.8090591430664062,0.07909936457872391,0.9065394103527069,0.28479984402656555,0.29201076924800873,0.2803754210472107,0.13598430901765823,0.17909689992666245,0.18770771473646164,0.20575861632823944,0.49577417969703674
y-27632,31,-3.7282860440725605,CPFLOW/comparison_outputs/full44_imageft2_morphology_candidates/images/y-27632/candidate_031_raw.png,CPFLOW/comparison_outputs/full44_imageft2_morphology_candidates/images/y-27632/candidate_031_display.png,0.9290313720703125,0.06685876846313477,0.8912332057952881,0.3527497351169586,0.36208096146583557,0.3730472922325134,0.1424737274646759,0.1625516712665558,0.18599833548069,0.2031286656856537,0.48943376541137695,0.8090591430664062,0.07909936457872391,0.9065394103527069,0.28479984402656555,0.29201076924800873,0.2803754210472107,0.13598430901765823,0.17909689992666245,0.18770771473646164,0.20575861632823944,0.49577417969703674
raloxifene,0,-0.9309542227962051,CPFLOW/comparison_outputs/full44_imageft2_morphology_candidates/images/raloxifene/candidate_000_raw.png,CPFLOW/comparison_outputs/full44_imageft2_morphology_candidates/images/raloxifene/candidate_000_display.png,0.8096389770507812,0.060983892530202866,0.8870710730552673,0.26081383228302,0.29255211353302,0.2632195055484772,0.15559378266334534,0.17747409641742706,0.16902901232242584,0.2037326693534851,0.4983283579349518,0.6156730651855469,0.070564404129982,0.9174937903881073,0.22091787308454514,0.2392762452363968,0.21402671188116074,0.11077674105763435,0.19350692629814148,0.19441236555576324,0.18358658254146576,0.4974057376384735
raloxifene,1,-0.8861779828920423,CPFLOW/comparison_outputs/full44_imageft2_morphology_candidates/images/raloxifene/candidate_001_raw.png,CPFLOW/comparison_outputs/full44_imageft2_morphology_candidates/images/raloxifene/candidate_001_display.png,0.8118629455566406,0.06570587307214737,0.900424063205719,0.26364898681640625,0.28790557384490967,0.2981996238231659,0.1407354772090912,0.170561745762825,0.19177700579166412,0.18483269214630127,0.5047023296356201,0.6156730651855469,0.070564404129982,0.9174937903881073,0.22091787308454514,0.2392762452363968,0.21402671188116074,0.11077674105763435,0.19350692629814148,0.19441236555576324,0.18358658254146576,0.4974057376384735
raloxifene,2,-1.1275224432668118,CPFLOW/comparison_outputs/full44_imageft2_morphology_candidates/images/raloxifene/candidate_002_raw.png,CPFLOW/comparison_outputs/full44_imageft2_morphology_candidates/images/raloxifene/candidate_002_display.png,0.8343353271484375,0.07260944694280624,0.9151476621627808,0.3132917284965515,0.34751763939857483,0.34502074122428894,0.16438230872154236,0.1904740035533905,0.21072781085968018,0.2071995884180069,0.5103527307510376,0.6156730651855469,0.070564404129982,0.9174937903881073,0.22091787308454514,0.2392762452363968,0.21402671188116074,0.11077674105763435,0.19350692629814148,0.19441236555576324,0.18358658254146576,0.4974057376384735
raloxifene,3,-0.5251403451118176,CPFLOW/comparison_outputs/full44_imageft2_morphology_candidates/images/raloxifene/candidate_003_raw.png,CPFLOW/comparison_outputs/full44_imageft2_morphology_candidates/images/raloxifene/candidate_003_display.png,0.7211837768554688,0.06841494143009186,0.9389428496360779,0.2688828110694885,0.2822299897670746,0.26743391156196594,0.11545415967702866,0.19987700879573822,0.208313450217247,0.18668198585510254,0.5121169686317444,0.6156730651855469,0.070564404129982,0.9174937903881073,0.22091787308454514,0.2392762452363968,0.21402671188116074,0.11077674105763435,0.19350692629814148,0.19441236555576324,0.18358658254146576,0.4974057376384735
raloxifene,4,-0.3341209150213654,CPFLOW/comparison_outputs/full44_imageft2_morphology_candidates/images/raloxifene/candidate_004_raw.png,CPFLOW/comparison_outputs/full44_imageft2_morphology_candidates/images/raloxifene/candidate_004_display.png,0.653076171875,0.06723511219024658,0.8889508247375488,0.25244075059890747,0.28880947828292847,0.23840247094631195,0.1391933411359787,0.21856127679347992,0.2005929946899414,0.17639867961406708,0.48395222425460815,0.6156730651855469,0.070564404129982,0.9174937903881073,0.22091787308454514,0.2392762452363968,0.21402671188116074,0.11077674105763435,0.19350692629814148,0.19441236555576324,0.18358658254146576,0.4974057376384735
raloxifene,5,-0.41757092415362834,CPFLOW/comparison_outputs/full44_imageft2_morphology_candidates/images/raloxifene/candidate_005_raw.png,CPFLOW/comparison_outputs/full44_imageft2_morphology_candidates/images/raloxifene/candidate_005_display.png,0.71539306640625,0.06963412463665009,0.9037295579910278,0.24955075979232788,0.2262931615114212,0.2377886027097702,0.10089495033025742,0.1798454225063324,0.1974942833185196,0.16904646158218384,0.5070556402206421,0.6156730651855469,0.070564404129982,0.9174937903881073,0.22091787308454514,0.2392762452363968,0.21402671188116074,0.11077674105763435,0.19350692629814148,0.19441236555576324,0.18358658254146576,0.4974057376384735
raloxifene,6,-1.2149080068354527,CPFLOW/comparison_outputs/full44_imageft2_morphology_candidates/images/raloxifene/candidate_006_raw.png,CPFLOW/comparison_outputs/full44_imageft2_morphology_candidates/images/raloxifene/candidate_006_display.png,0.8711395263671875,0.08274925500154495,0.9253036975860596,0.3370617926120758,0.3354648947715759,0.30698683857917786,0.12722881138324738,0.18730489909648895,0.18476678431034088,0.20057760179042816,0.5057954788208008,0.6156730651855469,0.070564404129982,0.9174937903881073,0.22091787308454514,0.2392762452363968,0.21402671188116074,0.11077674105763435,0.19350692629814148,0.19441236555576324,0.18358658254146576,0.4974057376384735
raloxifene,7,-0.9879556244698222,CPFLOW/comparison_outputs/full44_imageft2_morphology_candidates/images/raloxifene/candidate_007_raw.png,CPFLOW/comparison_outputs/full44_imageft2_morphology_candidates/images/raloxifene/candidate_007_display.png,0.8238067626953125,0.06520631909370422,0.8935490846633911,0.28116804361343384,0.3333418071269989,0.29085880517959595,0.14432840049266815,0.18664346635341644,0.18625672161579132,0.1848069727420807,0.49963152408599854,0.6156730651855469,0.070564404129982,0.9174937903881073,0.22091787308454514,0.2392762452363968,0.21402671188116074,0.11077674105763435,0.19350692629814148,0.19441236555576324,0.18358658254146576,0.4974057376384735
raloxifene,8,-0.6859639135130079,CPFLOW/comparison_outputs/full44_imageft2_morphology_candidates/images/raloxifene/candidate_008_raw.png,CPFLOW/comparison_outputs/full44_imageft2_morphology_candidates/images/raloxifene/candidate_008_display.png,0.7684669494628906,0.06481093168258667,0.8897959589958191,0.272729754447937,0.2726937532424927,0.2660149931907654,0.11621605604887009,0.18226660788059235,0.19372868537902832,0.17775699496269226,0.4974944591522217,0.6156730651855469,0.070564404129982,0.9174937903881073,0.22091787308454514,0.2392762452363968,0.21402671188116074,0.11077674105763435,0.19350692629814148,0.19441236555576324,0.18358658254146576,0.4974057376384735
raloxifene,9,-0.8129629965342781,CPFLOW/comparison_outputs/full44_imageft2_morphology_candidates/images/raloxifene/candidate_009_raw.png,CPFLOW/comparison_outputs/full44_imageft2_morphology_candidates/images/raloxifene/candidate_009_display.png,0.8218307495117188,0.07248004525899887,0.8776842355728149,0.26905208826065063,0.25769516825675964,0.2498002052307129,0.11878588050603867,0.1673804521560669,0.17272016406059265,0.18734993040561676,0.4952693283557892,0.6156730651855469,0.070564404129982,0.9174937903881073,0.22091787308454514,0.2392762452363968,0.21402671188116074,0.11077674105763435,0.19350692629814148,0.19441236555576324,0.18358658254146576,0.4974057376384735
raloxifene,10,-0.5586408702634669,CPFLOW/comparison_outputs/full44_imageft2_morphology_candidates/images/raloxifene/candidate_010_raw.png,CPFLOW/comparison_outputs/full44_imageft2_morphology_candidates/images/raloxifene/candidate_010_display.png,0.69940185546875,0.05917470529675484,0.847269594669342,0.19793672859668732,0.26420333981513977,0.23041220009326935,0.16637736558914185,0.18399114906787872,0.17874617874622345,0.16795216500759125,0.48190003633499146,0.6156730651855469,0.070564404129982,0.9174937903881073,0.22091787308454514,0.2392762452363968,0.21402671188116074,0.11077674105763435,0.19350692629814148,0.19441236555576324,0.18358658254146576,0.4974057376384735
raloxifene,11,-0.5767678002091264,CPFLOW/comparison_outputs/full44_imageft2_morphology_candidates/images/raloxifene/candidate_011_raw.png,CPFLOW/comparison_outputs/full44_imageft2_morphology_candidates/images/raloxifene/candidate_011_display.png,0.7399406433105469,0.06867407262325287,0.8772730231285095,0.23258210718631744,0.2570769190788269,0.25858500599861145,0.15799568593502045,0.17692930996418,0.18905407190322876,0.18647843599319458,0.511378824710846,0.6156730651855469,0.070564404129982,0.9174937903881073,0.22091787308454514,0.2392762452363968,0.21402671188116074,0.11077674105763435,0.19350692629814148,0.19441236555576324,0.18358658254146576,0.4974057376384735
raloxifene,12,-1.4068989810669814,CPFLOW/comparison_outputs/full44_imageft2_morphology_candidates/images/raloxifene/candidate_012_raw.png,CPFLOW/comparison_outputs/full44_imageft2_morphology_candidates/images/raloxifene/candidate_012_display.png,0.9013442993164062,0.07345806062221527,0.9042108058929443,0.3645405173301697,0.33907729387283325,0.39511430263519287,0.14285185933113098,0.17467543482780457,0.20151782035827637,0.19867384433746338,0.5050539970397949,0.6156730651855469,0.070564404129982,0.9174937903881073,0.22091787308454514,0.2392762452363968,0.21402671188116074,0.11077674105763435,0.19350692629814148,0.19441236555576324,0.18358658254146576,0.4974057376384735
raloxifene,13,-1.3170285160856474,CPFLOW/comparison_outputs/full44_imageft2_morphology_candidates/images/raloxifene/candidate_013_raw.png,CPFLOW/comparison_outputs/full44_imageft2_morphology_candidates/images/raloxifene/candidate_013_display.png,0.8797569274902344,0.0743897333741188,0.8920665979385376,0.3015875816345215,0.33737555146217346,0.364077627658844,0.18206511437892914,0.1700592041015625,0.19163209199905396,0.20047876238822937,0.4981979727745056,0.6156730651855469,0.070564404129982,0.9174937903881073,0.22091787308454514,0.2392762452363968,0.21402671188116074,0.11077674105763435,0.19350692629814148,0.19441236555576324,0.18358658254146576,0.4974057376384735
raloxifene,14,-1.1141219301372278,CPFLOW/comparison_outputs/full44_imageft2_morphology_candidates/images/raloxifene/candidate_014_raw.png,CPFLOW/comparison_outputs/full44_imageft2_morphology_candidates/images/raloxifene/candidate_014_display.png,0.8515777587890625,0.06948921084403992,0.8906177282333374,0.29754960536956787,0.3355456292629242,0.3132707476615906,0.15638887882232666,0.17665863037109375,0.19090257585048676,0.20118092000484467,0.5101724863052368,0.6156730651855469,0.070564404129982,0.9174937903881073,0.22091787308454514,0.2392762452363968,0.21402671188116074,0.11077674105763435,0.19350692629814148,0.19441236555576324,0.18358658254146576,0.4974057376384735
raloxifene,15,-0.593092271113264,CPFLOW/comparison_outputs/full44_imageft2_morphology_candidates/images/raloxifene/candidate_015_raw.png,CPFLOW/comparison_outputs/full44_imageft2_morphology_candidates/images/raloxifene/candidate_015_display.png,0.4905281066894531,0.057919248938560486,0.9046366214752197,0.19343769550323486,0.23315134644508362,0.20873665809631348,0.13335473835468292,0.23288613557815552,0.21146360039710999,0.17451578378677368,0.49279823899269104,0.6156730651855469,0.070564404129982,0.9174937903881073,0.22091787308454514,0.2392762452363968,0.21402671188116074,0.11077674105763435,0.19350692629814148,0.19441236555576324,0.18358658254146576,0.4974057376384735
raloxifene,16,-1.262613947563631,CPFLOW/comparison_outputs/full44_imageft2_morphology_candidates/images/raloxifene/candidate_016_raw.png,CPFLOW/comparison_outputs/full44_imageft2_morphology_candidates/images/raloxifene/candidate_016_display.png,0.8744049072265625,0.06336789578199387,0.882067859172821,0.26796430349349976,0.3111969828605652,0.32756736874580383,0.1886267066001892,0.16062031686306,0.1773032546043396,0.20598454773426056,0.5012905597686768,0.6156730651855469,0.070564404129982,0.9174937903881073,0.22091787308454514,0.2392762452363968,0.21402671188116074,0.11077674105763435,0.19350692629814148,0.19441236555576324,0.18358658254146576,0.4974057376384735
raloxifene,17,-1.016235425788803,CPFLOW/comparison_outputs/full44_imageft2_morphology_candidates/images/raloxifene/candidate_017_raw.png,CPFLOW/comparison_outputs/full44_imageft2_morphology_candidates/images/raloxifene/candidate_017_display.png,0.8396377563476562,0.0660623162984848,0.8524548411369324,0.26647698879241943,0.27866894006729126,0.2898304760456085,0.14599907398223877,0.15690858662128448,0.17771972715854645,0.19085216522216797,0.49509426951408386,0.6156730651855469,0.070564404129982,0.9174937903881073,0.22091787308454514,0.2392762452363968,0.21402671188116074,0.11077674105763435,0.19350692629814148,0.19441236555576324,0.18358658254146576,0.4974057376384735
raloxifene,18,-1.2606705795679984,CPFLOW/comparison_outputs/full44_imageft2_morphology_candidates/images/raloxifene/candidate_018_raw.png,CPFLOW/comparison_outputs/full44_imageft2_morphology_candidates/images/raloxifene/candidate_018_display.png,0.8780250549316406,0.06243976205587387,0.883083701133728,0.28834667801856995,0.3423275053501129,0.2991120219230652,0.16442105174064636,0.1709352284669876,0.1752658188343048,0.20020774006843567,0.5132362246513367,0.6156730651855469,0.070564404129982,0.9174937903881073,0.22091787308454514,0.2392762452363968,0.21402671188116074,0.11077674105763435,0.19350692629814148,0.19441236555576324,0.18358658254146576,0.4974057376384735
raloxifene,19,-1.1404458684716074,CPFLOW/comparison_outputs/full44_imageft2_morphology_candidates/images/raloxifene/candidate_019_raw.png,CPFLOW/comparison_outputs/full44_imageft2_morphology_candidates/images/raloxifene/candidate_019_display.png,0.8599052429199219,0.07523707300424576,0.9308704137802124,0.29953211545944214,0.3071999251842499,0.32320427894592285,0.1535274088382721,0.17091847956180573,0.18853969871997833,0.20981445908546448,0.5090811252593994,0.6156730651855469,0.070564404129982,0.9174937903881073,0.22091787308454514,0.2392762452363968,0.21402671188116074,0.11077674105763435,0.19350692629814148,0.19441236555576324,0.18358658254146576,0.4974057376384735
raloxifene,20,-0.6520099815431911,CPFLOW/comparison_outputs/full44_imageft2_morphology_candidates/images/raloxifene/candidate_020_raw.png,CPFLOW/comparison_outputs/full44_imageft2_morphology_candidates/images/raloxifene/candidate_020_display.png,0.7625617980957031,0.06308154761791229,0.9112264513969421,0.23876208066940308,0.28336331248283386,0.23892757296562195,0.1337508261203766,0.1873907893896103,0.17130747437477112,0.17617292702198029,0.5005282759666443,0.6156730651855469,0.070564404129982,0.9174937903881073,0.22091787308454514,0.2392762452363968,0.21402671188116074,0.11077674105763435,0.19350692629814148,0.19441236555576324,0.18358658254146576,0.4974057376384735
raloxifene,21,-0.48854871012057494,CPFLOW/comparison_outputs/full44_imageft2_morphology_candidates/images/raloxifene/candidate_021_raw.png,CPFLOW/comparison_outputs/full44_imageft2_morphology_candidates/images/raloxifene/candidate_021_display.png,0.7141876220703125,0.07212509214878082,0.8744784593582153,0.24119789898395538,0.2799079716205597,0.24490731954574585,0.1412310153245926,0.1928672194480896,0.1888364851474762,0.1768338531255722,0.4986327886581421,0.6156730651855469,0.070564404129982,0.9174937903881073,0.22091787308454514,0.2392762452363968,0.21402671188116074,0.11077674105763435,0.19350692629814148,0.19441236555576324,0.18358658254146576,0.4974057376384735
raloxifene,22,-1.3036762579246242,CPFLOW/comparison_outputs/full44_imageft2_morphology_candidates/images/raloxifene/candidate_022_raw.png,CPFLOW/comparison_outputs/full44_imageft2_morphology_candidates/images/raloxifene/candidate_022_display.png,0.9141654968261719,0.07481749355792999,0.8840165138244629,0.31318366527557373,0.2952020764350891,0.3188772201538086,0.13718025386333466,0.1504848450422287,0.17812855541706085,0.20104186236858368,0.5035762786865234,0.6156730651855469,0.070564404129982,0.9174937903881073,0.22091787308454514,0.2392762452363968,0.21402671188116074,0.11077674105763435,0.19350692629814148,0.19441236555576324,0.18358658254146576,0.4974057376384735
raloxifene,23,-1.4895655113108233,CPFLOW/comparison_outputs/full44_imageft2_morphology_candidates/images/raloxifene/candidate_023_raw.png,CPFLOW/comparison_outputs/full44_imageft2_morphology_candidates/images/raloxifene/candidate_023_display.png,0.9176673889160156,0.06837978959083557,0.8655756711959839,0.2978907525539398,0.36857637763023376,0.3567959666252136,0.1911899596452713,0.16405312716960907,0.178249329328537,0.19762584567070007,0.5041078925132751,0.6156730651855469,0.070564404129982,0.9174937903881073,0.22091787308454514,0.2392762452363968,0.21402671188116074,0.11077674105763435,0.19350692629814148,0.19441236555576324,0.18358658254146576,0.4974057376384735
raloxifene,24,-0.8092971863582069,CPFLOW/comparison_outputs/full44_imageft2_morphology_candidates/images/raloxifene/candidate_024_raw.png,CPFLOW/comparison_outputs/full44_imageft2_morphology_candidates/images/raloxifene/candidate_024_display.png,0.78826904296875,0.06888299435377121,0.9096421599388123,0.2955017387866974,0.301357239484787,0.2963868975639343,0.13042816519737244,0.18867598474025726,0.2083176225423813,0.18854238092899323,0.5058507323265076,0.6156730651855469,0.070564404129982,0.9174937903881073,0.22091787308454514,0.2392762452363968,0.21402671188116074,0.11077674105763435,0.19350692629814148,0.19441236555576324,0.18358658254146576,0.4974057376384735
raloxifene,25,-1.0177155133868223,CPFLOW/comparison_outputs/full44_imageft2_morphology_candidates/images/raloxifene/candidate_025_raw.png,CPFLOW/comparison_outputs/full44_imageft2_morphology_candidates/images/raloxifene/candidate_025_display.png,0.8137245178222656,0.07762430608272552,0.8922638297080994,0.3033539652824402,0.3491254150867462,0.3012094795703888,0.14629493653774261,0.1991826593875885,0.1938270777463913,0.19260820746421814,0.4969717860221863,0.6156730651855469,0.070564404129982,0.9174937903881073,0.22091787308454514,0.2392762452363968,0.21402671188116074,0.11077674105763435,0.19350692629814148,0.19441236555576324,0.18358658254146576,0.4974057376384735
raloxifene,26,-0.3033174107470402,CPFLOW/comparison_outputs/full44_imageft2_morphology_candidates/images/raloxifene/candidate_026_raw.png,CPFLOW/comparison_outputs/full44_imageft2_morphology_candidates/images/raloxifene/candidate_026_display.png,0.66876220703125,0.06709985435009003,0.9000254273414612,0.2444683164358139,0.2396673858165741,0.2531982660293579,0.09806112945079803,0.18582047522068024,0.20368969440460205,0.16723334789276123,0.5089886784553528,0.6156730651855469,0.070564404129982,0.9174937903881073,0.22091787308454514,0.2392762452363968,0.21402671188116074,0.11077674105763435,0.19350692629814148,0.19441236555576324,0.18358658254146576,0.4974057376384735
raloxifene,27,-0.9793530120384374,CPFLOW/comparison_outputs/full44_imageft2_morphology_candidates/images/raloxifene/candidate_027_raw.png,CPFLOW/comparison_outputs/full44_imageft2_morphology_candidates/images/raloxifene/candidate_027_display.png,0.8140449523925781,0.08166142553091049,0.9408578872680664,0.33047759532928467,0.3166407644748688,0.2945302426815033,0.1122565045952797,0.2000485211610794,0.19719159603118896,0.1937801092863083,0.4996107518672943,0.6156730651855469,0.070564404129982,0.9174937903881073,0.22091787308454514,0.2392762452363968,0.21402671188116074,0.11077674105763435,0.19350692629814148,0.19441236555576324,0.18358658254146576,0.4974057376384735
raloxifene,28,-0.1918622375588746,CPFLOW/comparison_outputs/full44_imageft2_morphology_candidates/images/raloxifene/candidate_028_raw.png,CPFLOW/comparison_outputs/full44_imageft2_morphology_candidates/images/raloxifene/candidate_028_display.png,0.6449508666992188,0.06533077359199524,0.8982816934585571,0.22612667083740234,0.2426362931728363,0.22637081146240234,0.12443245947360992,0.19080163538455963,0.19526124000549316,0.17182378470897675,0.48752766847610474,0.6156730651855469,0.070564404129982,0.9174937903881073,0.22091787308454514,0.2392762452363968,0.21402671188116074,0.11077674105763435,0.19350692629814148,0.19441236555576324,0.18358658254146576,0.4974057376384735
raloxifene,29,-1.1369122816557624,CPFLOW/comparison_outputs/full44_imageft2_morphology_candidates/images/raloxifene/candidate_029_raw.png,CPFLOW/comparison_outputs/full44_imageft2_morphology_candidates/images/raloxifene/candidate_029_display.png,0.8557586669921875,0.06405700743198395,0.8709868788719177,0.26709476113319397,0.293000191450119,0.32854586839675903,0.1651075929403305,0.16284042596817017,0.18766984343528748,0.18237216770648956,0.5058639645576477,0.6156730651855469,0.070564404129982,0.9174937903881073,0.22091787308454514,0.2392762452363968,0.21402671188116074,0.11077674105763435,0.19350692629814148,0.19441236555576324,0.18358658254146576,0.4974057376384735
raloxifene,30,-1.2320907520465638,CPFLOW/comparison_outputs/full44_imageft2_morphology_candidates/images/raloxifene/candidate_030_raw.png,CPFLOW/comparison_outputs/full44_imageft2_morphology_candidates/images/raloxifene/candidate_030_display.png,0.8625373840332031,0.07506634294986725,0.8997376561164856,0.31546705961227417,0.3238670229911804,0.3601822853088379,0.16236834228038788,0.17200055718421936,0.19873207807540894,0.20337742567062378,0.5089917182922363,0.6156730651855469,0.070564404129982,0.9174937903881073,0.22091787308454514,0.2392762452363968,0.21402671188116074,0.11077674105763435,0.19350692629814148,0.19441236555576324,0.18358658254146576,0.4974057376384735
raloxifene,31,-0.2695455219814045,CPFLOW/comparison_outputs/full44_imageft2_morphology_candidates/images/raloxifene/candidate_031_raw.png,CPFLOW/comparison_outputs/full44_imageft2_morphology_candidates/images/raloxifene/candidate_031_display.png,0.6569023132324219,0.0670982077717781,0.9137621521949768,0.2179984152317047,0.21820880472660065,0.1814751774072647,0.10015561431646347,0.1812690943479538,0.1635972261428833,0.17198605835437775,0.49675053358078003,0.6156730651855469,0.070564404129982,0.9174937903881073,0.22091787308454514,0.2392762452363968,0.21402671188116074,0.11077674105763435,0.19350692629814148,0.19441236555576324,0.18358658254146576,0.4974057376384735
calpeptin,0,-0.2156287705691647,CPFLOW/comparison_outputs/full44_imageft2_morphology_candidates/images/calpeptin/candidate_000_raw.png,CPFLOW/comparison_outputs/full44_imageft2_morphology_candidates/images/calpeptin/candidate_000_display.png,0.3860015869140625,0.056353405117988586,0.8931149244308472,0.16931399703025818,0.1898781806230545,0.17066213488578796,0.12554831802845,0.22163976728916168,0.20150649547576904,0.15188418328762054,0.490468293428421,0.4068794250488281,0.06083162873983383,0.9278842508792877,0.17905243486166,0.18482284992933273,0.18373870849609375,0.08912752941250801,0.21668007224798203,0.20435724407434464,0.16362230479717255,0.4988791346549988
calpeptin,1,-0.8517576124564611,CPFLOW/comparison_outputs/full44_imageft2_morphology_candidates/images/calpeptin/candidate_001_raw.png,CPFLOW/comparison_outputs/full44_imageft2_morphology_candidates/images/calpeptin/candidate_001_display.png,0.24650192260742188,0.04339399188756943,0.9146701097488403,0.12819337844848633,0.1400880068540573,0.14552126824855804,0.11248219013214111,0.20651674270629883,0.20566332340240479,0.14238376915454865,0.4845377802848816,0.4068794250488281,0.06083162873983383,0.9278842508792877,0.17905243486166,0.18482284992933273,0.18373870849609375,0.08912752941250801,0.21668007224798203,0.20435724407434464,0.16362230479717255,0.4988791346549988
calpeptin,2,-0.6968811512028134,CPFLOW/comparison_outputs/full44_imageft2_morphology_candidates/images/calpeptin/candidate_002_raw.png,CPFLOW/comparison_outputs/full44_imageft2_morphology_candidates/images/calpeptin/candidate_002_display.png,0.2627410888671875,0.05463699996471405,0.9088758826255798,0.12945732474327087,0.13363255560398102,0.13194461166858673,0.08919679373502731,0.21152156591415405,0.18930749595165253,0.13781416416168213,0.5012284517288208,0.4068794250488281,0.06083162873983383,0.9278842508792877,0.17905243486166,0.18482284992933273,0.18373870849609375,0.08912752941250801,0.21668007224798203,0.20435724407434464,0.16362230479717255,0.4988791346549988
calpeptin,3,-1.2523794523864682,CPFLOW/comparison_outputs/full44_imageft2_morphology_candidates/images/calpeptin/candidate_003_raw.png,CPFLOW/comparison_outputs/full44_imageft2_morphology_candidates/images/calpeptin/candidate_003_display.png,0.19780731201171875,0.03534207493066788,0.8997896313667297,0.10941033065319061,0.10979879647493362,0.11355266720056534,0.10943819582462311,0.17459790408611298,0.17431512475013733,0.1259997934103012,0.4869355261325836,0.4068794250488281,0.06083162873983383,0.9278842508792877,0.17905243486166,0.18482284992933273,0.18373870849609375,0.08912752941250801,0.21668007224798203,0.20435724407434464,0.16362230479717255,0.4988791346549988
calpeptin,4,-1.0165847135226727,CPFLOW/comparison_outputs/full44_imageft2_morphology_candidates/images/calpeptin/candidate_004_raw.png,CPFLOW/comparison_outputs/full44_imageft2_morphology_candidates/images/calpeptin/candidate_004_display.png,0.618560791015625,0.057381004095077515,0.8634938597679138,0.2061440795660019,0.25830093026161194,0.262113481760025,0.15624293684959412,0.20656171441078186,0.21219241619110107,0.16907817125320435,0.49485039710998535,0.4068794250488281,0.06083162873983383,0.9278842508792877,0.17905243486166,0.18482284992933273,0.18373870849609375,0.08912752941250801,0.21668007224798203,0.20435724407434464,0.16362230479717255,0.4988791346549988
calpeptin,5,-1.8381517018787537,CPFLOW/comparison_outputs/full44_imageft2_morphology_candidates/images/calpeptin/candidate_005_raw.png,CPFLOW/comparison_outputs/full44_imageft2_morphology_candidates/images/calpeptin/candidate_005_display.png,0.07543563842773438,0.03757970780134201,0.9340378642082214,0.07538558542728424,0.039562635123729706,0.05893111228942871,0.048791661858558655,0.15193192660808563,0.14094792306423187,0.08799617737531662,0.4726068377494812,0.4068794250488281,0.06083162873983383,0.9278842508792877,0.17905243486166,0.18482284992933273,0.18373870849609375,0.08912752941250801,0.21668007224798203,0.20435724407434464,0.16362230479717255,0.4988791346549988
calpeptin,6,-1.706734724737002,CPFLOW/comparison_outputs/full44_imageft2_morphology_candidates/images/calpeptin/candidate_006_raw.png,CPFLOW/comparison_outputs/full44_imageft2_morphology_candidates/images/calpeptin/candidate_006_display.png,0.1308441162109375,0.032003484666347504,0.9018920660018921,0.08456207811832428,0.059988636523485184,0.08388881385326385,0.02803359366953373,0.15794457495212555,0.15335360169410706,0.10454950481653214,0.4837214946746826,0.4068794250488281,0.06083162873983383,0.9278842508792877,0.17905243486166,0.18482284992933273,0.18373870849609375,0.08912752941250801,0.21668007224798203,0.20435724407434464,0.16362230479717255,0.4988791346549988
calpeptin,7,-0.4035980889095942,CPFLOW/comparison_outputs/full44_imageft2_morphology_candidates/images/calpeptin/candidate_007_raw.png,CPFLOW/comparison_outputs/full44_imageft2_morphology_candidates/images/calpeptin/candidate_007_display.png,0.35411834716796875,0.049141474068164825,0.9081084728240967,0.15091446042060852,0.15778259932994843,0.17315517365932465,0.11751574277877808,0.19619059562683105,0.21101610362529755,0.16068780422210693,0.5098486542701721,0.4068794250488281,0.06083162873983383,0.9278842508792877,0.17905243486166,0.18482284992933273,0.18373870849609375,0.08912752941250801,0.21668007224798203,0.20435724407434464,0.16362230479717255,0.4988791346549988
calpeptin,8,-1.0195109982278425,CPFLOW/comparison_outputs/full44_imageft2_morphology_candidates/images/calpeptin/candidate_008_raw.png,CPFLOW/comparison_outputs/full44_imageft2_morphology_candidates/images/calpeptin/candidate_008_display.png,0.24700927734375,0.045130327343940735,0.8875146508216858,0.10737117379903793,0.0946575254201889,0.11794564872980118,0.059862345457077026,0.16612692177295685,0.17506267130374908,0.13103336095809937,0.4870210587978363,0.4068794250488281,0.06083162873983383,0.9278842508792877,0.17905243486166,0.18482284992933273,0.18373870849609375,0.08912752941250801,0.21668007224798203,0.20435724407434464,0.16362230479717255,0.4988791346549988
calpeptin,9,-1.487550381622068,CPFLOW/comparison_outputs/full44_imageft2_morphology_candidates/images/calpeptin/candidate_009_raw.png,CPFLOW/comparison_outputs/full44_imageft2_morphology_candidates/images/calpeptin/candidate_009_display.png,0.14343643188476562,0.036619190126657486,0.9058064818382263,0.10724543780088425,0.06714052706956863,0.10670632123947144,0.06105940416455269,0.17182594537734985,0.16373056173324585,0.1048213317990303,0.49324074387550354,0.4068794250488281,0.06083162873983383,0.9278842508792877,0.17905243486166,0.18482284992933273,0.18373870849609375,0.08912752941250801,0.21668007224798203,0.20435724407434464,0.16362230479717255,0.4988791346549988
calpeptin,10,-1.4701680923520999,CPFLOW/comparison_outputs/full44_imageft2_morphology_candidates/images/calpeptin/candidate_010_raw.png,CPFLOW/comparison_outputs/full44_imageft2_morphology_candidates/images/calpeptin/candidate_010_display.png,0.15924835205078125,0.035079263150691986,0.9422993659973145,0.09434438496828079,0.08405444771051407,0.09734934568405151,0.03243439272046089,0.17682825028896332,0.1829405426979065,0.11046627163887024,0.49180707335472107,0.4068794250488281,0.06083162873983383,0.9278842508792877,0.17905243486166,0.18482284992933273,0.18373870849609375,0.08912752941250801,0.21668007224798203,0.20435724407434464,0.16362230479717255,0.4988791346549988
calpeptin,11,-1.3197290150656869,CPFLOW/comparison_outputs/full44_imageft2_morphology_candidates/images/calpeptin/candidate_011_raw.png,CPFLOW/comparison_outputs/full44_imageft2_morphology_candidates/images/calpeptin/candidate_011_display.png,0.23368072509765625,0.03326811268925667,0.8655247688293457,0.09744773805141449,0.08463874459266663,0.06858031451702118,0.08806769549846649,0.14877267181873322,0.12603363394737244,0.13340288400650024,0.49775341153144836,0.4068794250488281,0.06083162873983383,0.9278842508792877,0.17905243486166,0.18482284992933273,0.18373870849609375,0.08912752941250801,0.21668007224798203,0.20435724407434464,0.16362230479717255,0.4988791346549988
calpeptin,12,-0.9929504512177355,CPFLOW/comparison_outputs/full44_imageft2_morphology_candidates/images/calpeptin/candidate_012_raw.png,CPFLOW/comparison_outputs/full44_imageft2_morphology_candidates/images/calpeptin/candidate_012_display.png,0.22298812866210938,0.041047193109989166,0.9022428393363953,0.12849150598049164,0.12423748522996902,0.1396111249923706,0.09747996181249619,0.1977132260799408,0.20723815262317657,0.11699247360229492,0.49424663186073303,0.4068794250488281,0.06083162873983383,0.9278842508792877,0.17905243486166,0.18482284992933273,0.18373870849609375,0.08912752941250801,0.21668007224798203,0.20435724407434464,0.16362230479717255,0.4988791346549988
calpeptin,13,-0.5337254516140781,CPFLOW/comparison_outputs/full44_imageft2_morphology_candidates/images/calpeptin/candidate_013_raw.png,CPFLOW/comparison_outputs/full44_imageft2_morphology_candidates/images/calpeptin/candidate_013_display.png,0.3125114440917969,0.048818305134773254,0.8981804847717285,0.1451399028301239,0.1653548777103424,0.15359601378440857,0.09763354063034058,0.21904489398002625,0.19405628740787506,0.14774811267852783,0.49919044971466064,0.4068794250488281,0.06083162873983383,0.9278842508792877,0.17905243486166,0.18482284992933273,0.18373870849609375,0.08912752941250801,0.21668007224798203,0.20435724407434464,0.16362230479717255,0.4988791346549988
calpeptin,14,-0.9083015252207985,CPFLOW/comparison_outputs/full44_imageft2_morphology_candidates/images/calpeptin/candidate_014_raw.png,CPFLOW/comparison_outputs/full44_imageft2_morphology_candidates/images/calpeptin/candidate_014_display.png,0.2362518310546875,0.04823577031493187,0.9318943023681641,0.1166754737496376,0.12431314587593079,0.11221171170473099,0.07781428843736649,0.19902797043323517,0.1811317652463913,0.12553347647190094,0.5136209726333618,0.4068794250488281,0.06083162873983383,0.9278842508792877,0.17905243486166,0.18482284992933273,0.18373870849609375,0.08912752941250801,0.21668007224798203,0.20435724407434464,0.16362230479717255,0.4988791346549988
calpeptin,15,-0.9315858453311688,CPFLOW/comparison_outputs/full44_imageft2_morphology_candidates/images/calpeptin/candidate_015_raw.png,CPFLOW/comparison_outputs/full44_imageft2_morphology_candidates/images/calpeptin/candidate_015_display.png,0.236236572265625,0.045806363224983215,0.9100556969642639,0.13700871169567108,0.11711448431015015,0.13737410306930542,0.11691414564847946,0.1735142171382904,0.19435641169548035,0.13153710961341858,0.5107564926147461,0.4068794250488281,0.06083162873983383,0.9278842508792877,0.17905243486166,0.18482284992933273,0.18373870849609375,0.08912752941250801,0.21668007224798203,0.20435724407434464,0.16362230479717255,0.4988791346549988
calpeptin,16,-0.8079205305034107,CPFLOW/comparison_outputs/full44_imageft2_morphology_candidates/images/calpeptin/candidate_016_raw.png,CPFLOW/comparison_outputs/full44_imageft2_morphology_candidates/images/calpeptin/candidate_016_display.png,0.5504608154296875,0.06825755536556244,0.8668787479400635,0.21549692749977112,0.2540256977081299,0.23506104946136475,0.1595800369977951,0.21460391581058502,0.2183600813150406,0.16189813613891602,0.5121958255767822,0.4068794250488281,0.06083162873983383,0.9278842508792877,0.17905243486166,0.18482284992933273,0.18373870849609375,0.08912752941250801,0.21668007224798203,0.20435724407434464,0.16362230479717255,0.4988791346549988
calpeptin,17,-2.3568774720967443,CPFLOW/comparison_outputs/full44_imageft2_morphology_candidates/images/calpeptin/candidate_017_raw.png,CPFLOW/comparison_outputs/full44_imageft2_morphology_candidates/images/calpeptin/candidate_017_display.png,0.048870086669921875,0.022519323974847794,0.8600835800170898,0.040516555309295654,0.046570971608161926,0.036302600055933,0.0183604434132576,0.1149037554860115,0.11211628466844559,0.08169976621866226,0.48519662022590637,0.4068794250488281,0.06083162873983383,0.9278842508792877,0.17905243486166,0.18482284992933273,0.18373870849609375,0.08912752941250801,0.21668007224798203,0.20435724407434464,0.16362230479717255,0.4988791346549988
calpeptin,18,-1.7627133551140743,CPFLOW/comparison_outputs/full44_imageft2_morphology_candidates/images/calpeptin/candidate_018_raw.png,CPFLOW/comparison_outputs/full44_imageft2_morphology_candidates/images/calpeptin/candidate_018_display.png,0.11887359619140625,0.03142278641462326,0.8740702867507935,0.07126346230506897,0.07132693380117416,0.06897488981485367,0.06706151366233826,0.15183986723423004,0.13352438807487488,0.10111518949270248,0.483155220746994,0.4068794250488281,0.06083162873983383,0.9278842508792877,0.17905243486166,0.18482284992933273,0.18373870849609375,0.08912752941250801,0.21668007224798203,0.20435724407434464,0.16362230479717255,0.4988791346549988
calpeptin,19,-1.6501438111022555,CPFLOW/comparison_outputs/full44_imageft2_morphology_candidates/images/calpeptin/candidate_019_raw.png,CPFLOW/comparison_outputs/full44_imageft2_morphology_candidates/images/calpeptin/candidate_019_display.png,0.13457107543945312,0.030292728915810585,0.9371774792671204,0.0712052658200264,0.08355482667684555,0.07813804596662521,0.043503180146217346,0.17903278768062592,0.1662655621767044,0.11378197371959686,0.46993136405944824,0.4068794250488281,0.06083162873983383,0.9278842508792877,0.17905243486166,0.18482284992933273,0.18373870849609375,0.08912752941250801,0.21668007224798203,0.20435724407434464,0.16362230479717255,0.4988791346549988
calpeptin,20,-1.154164435637653,CPFLOW/comparison_outputs/full44_imageft2_morphology_candidates/images/calpeptin/candidate_020_raw.png,CPFLOW/comparison_outputs/full44_imageft2_morphology_candidates/images/calpeptin/candidate_020_display.png,0.19544219970703125,0.044447775930166245,0.8936874270439148,0.09258939325809479,0.12235324829816818,0.11035161465406418,0.06987057626247406,0.18205349147319794,0.1699821799993515,0.11793423444032669,0.479425311088562,0.4068794250488281,0.06083162873983383,0.9278842508792877,0.17905243486166,0.18482284992933273,0.18373870849609375,0.08912752941250801,0.21668007224798203,0.20435724407434464,0.16362230479717255,0.4988791346549988
calpeptin,21,-0.3206519595426653,CPFLOW/comparison_outputs/full44_imageft2_morphology_candidates/images/calpeptin/candidate_021_raw.png,CPFLOW/comparison_outputs/full44_imageft2_morphology_candidates/images/calpeptin/candidate_021_display.png,0.3880157470703125,0.046997491270303726,0.9232876896858215,0.15246857702732086,0.13992902636528015,0.1724119782447815,0.08407534658908844,0.1819915473461151,0.19961142539978027,0.1508091241121292,0.4976143538951874,0.4068794250488281,0.06083162873983383,0.9278842508792877,0.17905243486166,0.18482284992933273,0.18373870849609375,0.08912752941250801,0.21668007224798203,0.20435724407434464,0.16362230479717255,0.4988791346549988
calpeptin,22,-1.6073838337694974,CPFLOW/comparison_outputs/full44_imageft2_morphology_candidates/images/calpeptin/candidate_022_raw.png,CPFLOW/comparison_outputs/full44_imageft2_morphology_candidates/images/calpeptin/candidate_022_display.png,0.1497955322265625,0.03324820101261139,0.9286074638366699,0.07518409192562103,0.060972392559051514,0.07128866761922836,0.03114360384643078,0.16343985497951508,0.16517551243305206,0.11710885167121887,0.48253485560417175,0.4068794250488281,0.06083162873983383,0.9278842508792877,0.17905243486166,0.18482284992933273,0.18373870849609375,0.08912752941250801,0.21668007224798203,0.20435724407434464,0.16362230479717255,0.4988791346549988
calpeptin,23,-0.5125773581697501,CPFLOW/comparison_outputs/full44_imageft2_morphology_candidates/images/calpeptin/candidate_023_raw.png,CPFLOW/comparison_outputs/full44_imageft2_morphology_candidates/images/calpeptin/candidate_023_display.png,0.5134010314941406,0.06560585647821426,0.9209541082382202,0.19713370501995087,0.21167168021202087,0.21817904710769653,0.12081283330917358,0.20840021967887878,0.21807558834552765,0.17543083429336548,0.49718332290649414,0.4068794250488281,0.06083162873983383,0.9278842508792877,0.17905243486166,0.18482284992933273,0.18373870849609375,0.08912752941250801,0.21668007224798203,0.20435724407434464,0.16362230479717255,0.4988791346549988
calpeptin,24,-1.0161537804960514,CPFLOW/comparison_outputs/full44_imageft2_morphology_candidates/images/calpeptin/candidate_024_raw.png,CPFLOW/comparison_outputs/full44_imageft2_morphology_candidates/images/calpeptin/candidate_024_display.png,0.2577095031738281,0.038869284093379974,0.9468836188316345,0.11494938284158707,0.10681039839982986,0.11336585134267807,0.06535910815000534,0.1807401478290558,0.17306117713451385,0.12854884564876556,0.5120721459388733,0.4068794250488281,0.06083162873983383,0.9278842508792877,0.17905243486166,0.18482284992933273,0.18373870849609375,0.08912752941250801,0.21668007224798203,0.20435724407434464,0.16362230479717255,0.4988791346549988
calpeptin,25,-0.5244563628819983,CPFLOW/comparison_outputs/full44_imageft2_morphology_candidates/images/calpeptin/candidate_025_raw.png,CPFLOW/comparison_outputs/full44_imageft2_morphology_candidates/images/calpeptin/candidate_025_display.png,0.3018684387207031,0.054824985563755035,0.9313925504684448,0.1554877907037735,0.1300918459892273,0.14823482930660248,0.07855012267827988,0.2131936401128769,0.20538148283958435,0.1469898819923401,0.4935837686061859,0.4068794250488281,0.06083162873983383,0.9278842508792877,0.17905243486166,0.18482284992933273,0.18373870849609375,0.08912752941250801,0.21668007224798203,0.20435724407434464,0.16362230479717255,0.4988791346549988
calpeptin,26,-0.33370901428814437,CPFLOW/comparison_outputs/full44_imageft2_morphology_candidates/images/calpeptin/candidate_026_raw.png,CPFLOW/comparison_outputs/full44_imageft2_morphology_candidates/images/calpeptin/candidate_026_display.png,0.3509178161621094,0.05726124346256256,0.8953117728233337,0.15718959271907806,0.17043082416057587,0.16712166368961334,0.1113574281334877,0.20458835363388062,0.21090343594551086,0.14206303656101227,0.5106211304664612,0.4068794250488281,0.06083162873983383,0.9278842508792877,0.17905243486166,0.18482284992933273,0.18373870849609375,0.08912752941250801,0.21668007224798203,0.20435724407434464,0.16362230479717255,0.4988791346549988
calpeptin,27,-0.8403738241150817,CPFLOW/comparison_outputs/full44_imageft2_morphology_candidates/images/calpeptin/candidate_027_raw.png,CPFLOW/comparison_outputs/full44_imageft2_morphology_candidates/images/calpeptin/candidate_027_display.png,0.26161956787109375,0.04774485528469086,0.8979150652885437,0.11512597650289536,0.13014844059944153,0.12460123002529144,0.09677739441394806,0.1840893030166626,0.175850972533226,0.1352962851524353,0.5024771094322205,0.4068794250488281,0.06083162873983383,0.9278842508792877,0.17905243486166,0.18482284992933273,0.18373870849609375,0.08912752941250801,0.21668007224798203,0.20435724407434464,0.16362230479717255,0.4988791346549988
calpeptin,28,-0.6839312993217006,CPFLOW/comparison_outputs/full44_imageft2_morphology_candidates/images/calpeptin/candidate_028_raw.png,CPFLOW/comparison_outputs/full44_imageft2_morphology_candidates/images/calpeptin/candidate_028_display.png,0.29128265380859375,0.04447392001748085,0.9175436496734619,0.14127948880195618,0.14090299606323242,0.16271167993545532,0.11245274543762207,0.19596825540065765,0.21834738552570343,0.1467357575893402,0.4985986351966858,0.4068794250488281,0.06083162873983383,0.9278842508792877,0.17905243486166,0.18482284992933273,0.18373870849609375,0.08912752941250801,0.21668007224798203,0.20435724407434464,0.16362230479717255,0.4988791346549988
calpeptin,29,-1.0795050193071347,CPFLOW/comparison_outputs/full44_imageft2_morphology_candidates/images/calpeptin/candidate_029_raw.png,CPFLOW/comparison_outputs/full44_imageft2_morphology_candidates/images/calpeptin/candidate_029_display.png,0.24533843994140625,0.04002244770526886,0.8841496706008911,0.1083226203918457,0.10477130115032196,0.11108101904392242,0.053305964916944504,0.18053478002548218,0.17094917595386505,0.13641755282878876,0.48180288076400757,0.4068794250488281,0.06083162873983383,0.9278842508792877,0.17905243486166,0.18482284992933273,0.18373870849609375,0.08912752941250801,0.21668007224798203,0.20435724407434464,0.16362230479717255,0.4988791346549988
calpeptin,30,-1.2466095123531054,CPFLOW/comparison_outputs/full44_imageft2_morphology_candidates/images/calpeptin/candidate_030_raw.png,CPFLOW/comparison_outputs/full44_imageft2_morphology_candidates/images/calpeptin/candidate_030_display.png,0.19199752807617188,0.03792841359972954,0.9284058809280396,0.09267394244670868,0.10086984932422638,0.10571417957544327,0.06920244544744492,0.17743687331676483,0.17468440532684326,0.12118448317050934,0.4892088770866394,0.4068794250488281,0.06083162873983383,0.9278842508792877,0.17905243486166,0.18482284992933273,0.18373870849609375,0.08912752941250801,0.21668007224798203,0.20435724407434464,0.16362230479717255,0.4988791346549988
calpeptin,31,-0.33627750986349964,CPFLOW/comparison_outputs/full44_imageft2_morphology_candidates/images/calpeptin/candidate_031_raw.png,CPFLOW/comparison_outputs/full44_imageft2_morphology_candidates/images/calpeptin/candidate_031_display.png,0.344329833984375,0.05808322876691818,0.924187183380127,0.14390549063682556,0.16267666220664978,0.1640527844429016,0.0922253280878067,0.18616671860218048,0.18833324313163757,0.15228399634361267,0.497385174036026,0.4068794250488281,0.06083162873983383,0.9278842508792877,0.17905243486166,0.18482284992933273,0.18373870849609375,0.08912752941250801,0.21668007224798203,0.20435724407434464,0.16362230479717255,0.4988791346549988
genistein,0,-0.268927039922742,CPFLOW/comparison_outputs/full44_imageft2_morphology_candidates/images/genistein/candidate_000_raw.png,CPFLOW/comparison_outputs/full44_imageft2_morphology_candidates/images/genistein/candidate_000_display.png,0.5022850036621094,0.05222146585583687,0.9198275804519653,0.20542369782924652,0.2184254378080368,0.18759673833847046,0.13077521324157715,0.2191886305809021,0.21922077238559723,0.17548170685768127,0.4791801869869232,0.5242252349853516,0.06457152962684631,0.9368724822998047,0.19522596895694733,0.22225389629602432,0.17743197828531265,0.10689624398946762,0.2054837867617607,0.19762010127305984,0.18263032287359238,0.4971952885389328
genistein,1,-0.4230285550999262,CPFLOW/comparison_outputs/full44_imageft2_morphology_candidates/images/genistein/candidate_001_raw.png,CPFLOW/comparison_outputs/full44_imageft2_morphology_candidates/images/genistein/candidate_001_display.png,0.4776763916015625,0.047531068325042725,0.8889230489730835,0.17385539412498474,0.2238369882106781,0.17829018831253052,0.14164094626903534,0.22743378579616547,0.19830048084259033,0.16226062178611755,0.48869362473487854,0.5242252349853516,0.06457152962684631,0.9368724822998047,0.19522596895694733,0.22225389629602432,0.17743197828531265,0.10689624398946762,0.2054837867617607,0.19762010127305984,0.18263032287359238,0.4971952885389328
genistein,2,-0.463420626687987,CPFLOW/comparison_outputs/full44_imageft2_morphology_candidates/images/genistein/candidate_002_raw.png,CPFLOW/comparison_outputs/full44_imageft2_morphology_candidates/images/genistein/candidate_002_display.png,0.5608978271484375,0.04862924665212631,0.855059802532196,0.16801391541957855,0.20165839791297913,0.1688322126865387,0.13514259457588196,0.17914371192455292,0.16673685610294342,0.1606091409921646,0.5085449814796448,0.5242252349853516,0.06457152962684631,0.9368724822998047,0.19522596895694733,0.22225389629602432,0.17743197828531265,0.10689624398946762,0.2054837867617607,0.19762010127305984,0.18263032287359238,0.4971952885389328
genistein,3,-0.7134631509337592,CPFLOW/comparison_outputs/full44_imageft2_morphology_candidates/images/genistein/candidate_003_raw.png,CPFLOW/comparison_outputs/full44_imageft2_morphology_candidates/images/genistein/candidate_003_display.png,0.4070472717285156,0.051677487790584564,0.8385297060012817,0.16884447634220123,0.18261298537254333,0.1493566781282425,0.13006512820720673,0.20762163400650024,0.1820727288722992,0.14073795080184937,0.4890499711036682,0.5242252349853516,0.06457152962684631,0.9368724822998047,0.19522596895694733,0.22225389629602432,0.17743197828531265,0.10689624398946762,0.2054837867617607,0.19762010127305984,0.18263032287359238,0.4971952885389328
genistein,4,-0.24434071242252672,CPFLOW/comparison_outputs/full44_imageft2_morphology_candidates/images/genistein/candidate_004_raw.png,CPFLOW/comparison_outputs/full44_imageft2_morphology_candidates/images/genistein/candidate_004_display.png,0.5306358337402344,0.057503100484609604,0.9213821887969971,0.21101702749729156,0.2350575178861618,0.21717943251132965,0.13983634114265442,0.22499850392341614,0.23136943578720093,0.17943820357322693,0.4801543056964874,0.5242252349853516,0.06457152962684631,0.9368724822998047,0.19522596895694733,0.22225389629602432,0.17743197828531265,0.10689624398946762,0.2054837867617607,0.19762010127305984,0.18263032287359238,0.4971952885389328
genistein,5,-0.27035759721477387,CPFLOW/comparison_outputs/full44_imageft2_morphology_candidates/images/genistein/candidate_005_raw.png,CPFLOW/comparison_outputs/full44_imageft2_morphology_candidates/images/genistein/candidate_005_display.png,0.5151176452636719,0.05586392432451248,0.8875168561935425,0.2142736166715622,0.22808541357517242,0.13145658373832703,0.10982799530029297,0.2319522500038147,0.1736849695444107,0.16133294999599457,0.5096606016159058,0.5242252349853516,0.06457152962684631,0.9368724822998047,0.19522596895694733,0.22225389629602432,0.17743197828531265,0.10689624398946762,0.2054837867617607,0.19762010127305984,0.18263032287359238,0.4971952885389328
genistein,6,-0.2258805310695622,CPFLOW/comparison_outputs/full44_imageft2_morphology_candidates/images/genistein/candidate_006_raw.png,CPFLOW/comparison_outputs/full44_imageft2_morphology_candidates/images/genistein/candidate_006_display.png,0.5261650085449219,0.05412398651242256,0.8946893215179443,0.18700546026229858,0.1847783476114273,0.16516417264938354,0.10026197135448456,0.19775345921516418,0.19350668787956238,0.16043218970298767,0.5138732194900513,0.5242252349853516,0.06457152962684631,0.9368724822998047,0.19522596895694733,0.22225389629602432,0.17743197828531265,0.10689624398946762,0.2054837867617607,0.19762010127305984,0.18263032287359238,0.4971952885389328
genistein,7,-0.27902738728223164,CPFLOW/comparison_outputs/full44_imageft2_morphology_candidates/images/genistein/candidate_007_raw.png,CPFLOW/comparison_outputs/full44_imageft2_morphology_candidates/images/genistein/candidate_007_display.png,0.4824371337890625,0.06644047796726227,0.9329821467399597,0.2241005301475525,0.2221449464559555,0.20797786116600037,0.11739063262939453,0.24069643020629883,0.22542411088943481,0.15448497235774994,0.4974398910999298,0.5242252349853516,0.06457152962684631,0.9368724822998047,0.19522596895694733,0.22225389629602432,0.17743197828531265,0.10689624398946762,0.2054837867617607,0.19762010127305984,0.18263032287359238,0.4971952885389328
genistein,8,-0.5324085037749229,CPFLOW/comparison_outputs/full44_imageft2_morphology_candidates/images/genistein/candidate_008_raw.png,CPFLOW/comparison_outputs/full44_imageft2_morphology_candidates/images/genistein/candidate_008_display.png,0.6331405639648438,0.057634174823760986,0.8961248993873596,0.2321837842464447,0.24654287099838257,0.19823066890239716,0.1286356896162033,0.20448637008666992,0.1929859071969986,0.17902053892612457,0.5066761374473572,0.5242252349853516,0.06457152962684631,0.9368724822998047,0.19522596895694733,0.22225389629602432,0.17743197828531265,0.10689624398946762,0.2054837867617607,0.19762010127305984,0.18263032287359238,0.4971952885389328
genistein,9,-1.9305518351351858,CPFLOW/comparison_outputs/full44_imageft2_morphology_candidates/images/genistein/candidate_009_raw.png,CPFLOW/comparison_outputs/full44_imageft2_morphology_candidates/images/genistein/candidate_009_display.png,0.16483688354492188,0.03155319392681122,0.8868493437767029,0.0978914275765419,0.09491149336099625,0.08218389749526978,0.09472507238388062,0.17189618945121765,0.16453534364700317,0.11397479474544525,0.5018265247344971,0.5242252349853516,0.06457152962684631,0.9368724822998047,0.19522596895694733,0.22225389629602432,0.17743197828531265,0.10689624398946762,0.2054837867617607,0.19762010127305984,0.18263032287359238,0.4971952885389328
genistein,10,-0.7461045705100909,CPFLOW/comparison_outputs/full44_imageft2_morphology_candidates/images/genistein/candidate_010_raw.png,CPFLOW/comparison_outputs/full44_imageft2_morphology_candidates/images/genistein/candidate_010_display.png,0.3740501403808594,0.048523180186748505,0.9224019646644592,0.18325084447860718,0.17347504198551178,0.16563037037849426,0.11360339820384979,0.23603959381580353,0.2141532301902771,0.1571422517299652,0.4745883643627167,0.5242252349853516,0.06457152962684631,0.9368724822998047,0.19522596895694733,0.22225389629602432,0.17743197828531265,0.10689624398946762,0.2054837867617607,0.19762010127305984,0.18263032287359238,0.4971952885389328
genistein,11,-0.1701733430724771,CPFLOW/comparison_outputs/full44_imageft2_morphology_candidates/images/genistein/candidate_011_raw.png,CPFLOW/comparison_outputs/full44_imageft2_morphology_candidates/images/genistein/candidate_011_display.png,0.5156211853027344,0.0591779500246048,0.9420047402381897,0.22457072138786316,0.21023692190647125,0.18210293352603912,0.09632951021194458,0.224204882979393,0.2169255018234253,0.16286545991897583,0.49391019344329834,0.5242252349853516,0.06457152962684631,0.9368724822998047,0.19522596895694733,0.22225389629602432,0.17743197828531265,0.10689624398946762,0.2054837867617607,0.19762010127305984,0.18263032287359238,0.4971952885389328
genistein,12,-0.18856964414722094,CPFLOW/comparison_outputs/full44_imageft2_morphology_candidates/images/genistein/candidate_012_raw.png,CPFLOW/comparison_outputs/full44_imageft2_morphology_candidates/images/genistein/candidate_012_display.png,0.5142173767089844,0.05623362585902214,0.9163491129875183,0.20443356037139893,0.19031387567520142,0.17159481346607208,0.1116752177476883,0.20578667521476746,0.2103584110736847,0.17487606406211853,0.5055551528930664,0.5242252349853516,0.06457152962684631,0.9368724822998047,0.19522596895694733,0.22225389629602432,0.17743197828531265,0.10689624398946762,0.2054837867617607,0.19762010127305984,0.18263032287359238,0.4971952885389328
genistein,13,-0.2410345548668627,CPFLOW/comparison_outputs/full44_imageft2_morphology_candidates/images/genistein/candidate_013_raw.png,CPFLOW/comparison_outputs/full44_imageft2_morphology_candidates/images/genistein/candidate_013_display.png,0.5224456787109375,0.054017581045627594,0.8656401038169861,0.2030317485332489,0.19804279506206512,0.1841937154531479,0.1384052336215973,0.20687025785446167,0.19310332834720612,0.17675155401229858,0.49187177419662476,0.5242252349853516,0.06457152962684631,0.9368724822998047,0.19522596895694733,0.22225389629602432,0.17743197828531265,0.10689624398946762,0.2054837867617607,0.19762010127305984,0.18263032287359238,0.4971952885389328
genistein,14,-1.2869813791023943,CPFLOW/comparison_outputs/full44_imageft2_morphology_candidates/images/genistein/candidate_014_raw.png,CPFLOW/comparison_outputs/full44_imageft2_morphology_candidates/images/genistein/candidate_014_display.png,0.2779197692871094,0.04322195425629616,0.8965357542037964,0.1475113034248352,0.12163300812244415,0.0944666862487793,0.09871593117713928,0.21013066172599792,0.1857094019651413,0.13235387206077576,0.476001113653183,0.5242252349853516,0.06457152962684631,0.9368724822998047,0.19522596895694733,0.22225389629602432,0.17743197828531265,0.10689624398946762,0.2054837867617607,0.19762010127305984,0.18263032287359238,0.4971952885389328
genistein,15,-0.8703730206879505,CPFLOW/comparison_outputs/full44_imageft2_morphology_candidates/images/genistein/candidate_015_raw.png,CPFLOW/comparison_outputs/full44_imageft2_morphology_candidates/images/genistein/candidate_015_display.png,0.4356956481933594,0.041443753987550735,0.8578183650970459,0.1318664699792862,0.13236325979232788,0.127977654337883,0.08989451825618744,0.15915198624134064,0.1666020303964615,0.14353534579277039,0.5047242641448975,0.5242252349853516,0.06457152962684631,0.9368724822998047,0.19522596895694733,0.22225389629602432,0.17743197828531265,0.10689624398946762,0.2054837867617607,0.19762010127305984,0.18263032287359238,0.4971952885389328
genistein,16,-0.801518521913325,CPFLOW/comparison_outputs/full44_imageft2_morphology_candidates/images/genistein/candidate_016_raw.png,CPFLOW/comparison_outputs/full44_imageft2_morphology_candidates/images/genistein/candidate_016_display.png,0.3790473937988281,0.04674023389816284,0.9187582731246948,0.16020667552947998,0.1645040363073349,0.142592653632164,0.09637943655252457,0.21709293127059937,0.20178291201591492,0.14388923346996307,0.4808720350265503,0.5242252349853516,0.06457152962684631,0.9368724822998047,0.19522596895694733,0.22225389629602432,0.17743197828531265,0.10689624398946762,0.2054837867617607,0.19762010127305984,0.18263032287359238,0.4971952885389328
genistein,17,-0.7837080719793126,CPFLOW/comparison_outputs/full44_imageft2_morphology_candidates/images/genistein/candidate_017_raw.png,CPFLOW/comparison_outputs/full44_imageft2_morphology_candidates/images/genistein/candidate_017_display.png,0.3866310119628906,0.04601100832223892,0.9049327969551086,0.18137748539447784,0.18906307220458984,0.14231057465076447,0.12827126681804657,0.23259496688842773,0.18345612287521362,0.14216838777065277,0.49726003408432007,0.5242252349853516,0.06457152962684631,0.9368724822998047,0.19522596895694733,0.22225389629602432,0.17743197828531265,0.10689624398946762,0.2054837867617607,0.19762010127305984,0.18263032287359238,0.4971952885389328
genistein,18,-1.0734015899085363,CPFLOW/comparison_outputs/full44_imageft2_morphology_candidates/images/genistein/candidate_018_raw.png,CPFLOW/comparison_outputs/full44_imageft2_morphology_candidates/images/genistein/candidate_018_display.png,0.3353233337402344,0.04140462726354599,0.8967351913452148,0.13797970116138458,0.14079339802265167,0.1387297511100769,0.13129575550556183,0.19618287682533264,0.19868747889995575,0.14568984508514404,0.4984683096408844,0.5242252349853516,0.06457152962684631,0.9368724822998047,0.19522596895694733,0.22225389629602432,0.17743197828531265,0.10689624398946762,0.2054837867617607,0.19762010127305984,0.18263032287359238,0.4971952885389328
genistein,19,-0.48662681595593754,CPFLOW/comparison_outputs/full44_imageft2_morphology_candidates/images/genistein/candidate_019_raw.png,CPFLOW/comparison_outputs/full44_imageft2_morphology_candidates/images/genistein/candidate_019_display.png,0.4636077880859375,0.05064636841416359,0.8940175771713257,0.20325186848640442,0.2045200616121292,0.19760236144065857,0.1535123884677887,0.21995723247528076,0.22121328115463257,0.16186177730560303,0.47111329436302185,0.5242252349853516,0.06457152962684631,0.9368724822998047,0.19522596895694733,0.22225389629602432,0.17743197828531265,0.10689624398946762,0.2054837867617607,0.19762010127305984,0.18263032287359238,0.4971952885389328
genistein,20,-0.42307184667050024,CPFLOW/comparison_outputs/full44_imageft2_morphology_candidates/images/genistein/candidate_020_raw.png,CPFLOW/comparison_outputs/full44_imageft2_morphology_candidates/images/genistein/candidate_020_display.png,0.5696487426757812,0.051878854632377625,0.8639898896217346,0.21789602935314178,0.23799453675746918,0.18654125928878784,0.13417065143585205,0.21593689918518066,0.18465635180473328,0.1512313187122345,0.4926520884037018,0.5242252349853516,0.06457152962684631,0.9368724822998047,0.19522596895694733,0.22225389629602432,0.17743197828531265,0.10689624398946762,0.2054837867617607,0.19762010127305984,0.18263032287359238,0.4971952885389328
genistein,21,-0.39748907661532074,CPFLOW/comparison_outputs/full44_imageft2_morphology_candidates/images/genistein/candidate_021_raw.png,CPFLOW/comparison_outputs/full44_imageft2_morphology_candidates/images/genistein/candidate_021_display.png,0.5770111083984375,0.05381673574447632,0.9067059755325317,0.23313885927200317,0.2567761242389679,0.16772951185703278,0.11333303898572922,0.23094169795513153,0.1874982714653015,0.17139312624931335,0.5135666131973267,0.5242252349853516,0.06457152962684631,0.9368724822998047,0.19522596895694733,0.22225389629602432,0.17743197828531265,0.10689624398946762,0.2054837867617607,0.19762010127305984,0.18263032287359238,0.4971952885389328
genistein,22,-0.6613162718057154,CPFLOW/comparison_outputs/full44_imageft2_morphology_candidates/images/genistein/candidate_022_raw.png,CPFLOW/comparison_outputs/full44_imageft2_morphology_candidates/images/genistein/candidate_022_display.png,0.4628181457519531,0.04542236775159836,0.8515769839286804,0.14488734304904938,0.16378620266914368,0.13657546043395996,0.11668270081281662,0.17775049805641174,0.1660390943288803,0.153712198138237,0.4712984561920166,0.5242252349853516,0.06457152962684631,0.9368724822998047,0.19522596895694733,0.22225389629602432,0.17743197828531265,0.10689624398946762,0.2054837867617607,0.19762010127305984,0.18263032287359238,0.4971952885389328
genistein,23,-0.6352917902161763,CPFLOW/comparison_outputs/full44_imageft2_morphology_candidates/images/genistein/candidate_023_raw.png,CPFLOW/comparison_outputs/full44_imageft2_morphology_candidates/images/genistein/candidate_023_display.png,0.42449951171875,0.04976286739110947,0.8849602937698364,0.16237609088420868,0.14876118302345276,0.1638786494731903,0.10701601207256317,0.18599975109100342,0.19034478068351746,0.1616096943616867,0.48936858773231506,0.5242252349853516,0.06457152962684631,0.9368724822998047,0.19522596895694733,0.22225389629602432,0.17743197828531265,0.10689624398946762,0.2054837867617607,0.19762010127305984,0.18263032287359238,0.4971952885389328
genistein,24,-0.31239487613090466,CPFLOW/comparison_outputs/full44_imageft2_morphology_candidates/images/genistein/candidate_024_raw.png,CPFLOW/comparison_outputs/full44_imageft2_morphology_candidates/images/genistein/candidate_024_display.png,0.5666580200195312,0.059369366616010666,0.8772749304771423,0.20952744781970978,0.2243002951145172,0.2069624364376068,0.137409970164299,0.20636460185050964,0.20219464600086212,0.17456676065921783,0.47779902815818787,0.5242252349853516,0.06457152962684631,0.9368724822998047,0.19522596895694733,0.22225389629602432,0.17743197828531265,0.10689624398946762,0.2054837867617607,0.19762010127305984,0.18263032287359238,0.4971952885389328
genistein,25,-0.5203734296487884,CPFLOW/comparison_outputs/full44_imageft2_morphology_candidates/images/genistein/candidate_025_raw.png,CPFLOW/comparison_outputs/full44_imageft2_morphology_candidates/images/genistein/candidate_025_display.png,0.45697784423828125,0.047958895564079285,0.8936384320259094,0.18333695828914642,0.20109610259532928,0.150332510471344,0.12640568614006042,0.2174026519060135,0.18571695685386658,0.1428946554660797,0.4882119596004486,0.5242252349853516,0.06457152962684631,0.9368724822998047,0.19522596895694733,0.22225389629602432,0.17743197828531265,0.10689624398946762,0.2054837867617607,0.19762010127305984,0.18263032287359238,0.4971952885389328
genistein,26,-0.4163977068402408,CPFLOW/comparison_outputs/full44_imageft2_morphology_candidates/images/genistein/candidate_026_raw.png,CPFLOW/comparison_outputs/full44_imageft2_morphology_candidates/images/genistein/candidate_026_display.png,0.4949493408203125,0.043296609073877335,0.9016904830932617,0.1730811595916748,0.19193018972873688,0.15777023136615753,0.10599276423454285,0.2122872769832611,0.18946558237075806,0.16646765172481537,0.495991051197052,0.5242252349853516,0.06457152962684631,0.9368724822998047,0.19522596895694733,0.22225389629602432,0.17743197828531265,0.10689624398946762,0.2054837867617607,0.19762010127305984,0.18263032287359238,0.4971952885389328
genistein,27,-1.0838358414731935,CPFLOW/comparison_outputs/full44_imageft2_morphology_candidates/images/genistein/candidate_027_raw.png,CPFLOW/comparison_outputs/full44_imageft2_morphology_candidates/images/genistein/candidate_027_display.png,0.3233375549316406,0.04149600863456726,0.8984911441802979,0.17194592952728271,0.1630643606185913,0.13906948268413544,0.13200289011001587,0.23056411743164062,0.20323999226093292,0.12253430485725403,0.5161134600639343,0.5242252349853516,0.06457152962684631,0.9368724822998047,0.19522596895694733,0.22225389629602432,0.17743197828531265,0.10689624398946762,0.2054837867617607,0.19762010127305984,0.18263032287359238,0.4971952885389328
genistein,28,-0.42087921600491573,CPFLOW/comparison_outputs/full44_imageft2_morphology_candidates/images/genistein/candidate_028_raw.png,CPFLOW/comparison_outputs/full44_imageft2_morphology_candidates/images/genistein/candidate_028_display.png,0.5867195129394531,0.06319663673639297,0.915522575378418,0.24777470529079437,0.25730717182159424,0.2113320380449295,0.13851630687713623,0.24058356881141663,0.21431897580623627,0.1732569932937622,0.5026506781578064,0.5242252349853516,0.06457152962684631,0.9368724822998047,0.19522596895694733,0.22225389629602432,0.17743197828531265,0.10689624398946762,0.2054837867617607,0.19762010127305984,0.18263032287359238,0.4971952885389328
genistein,29,-0.7598115484880404,CPFLOW/comparison_outputs/full44_imageft2_morphology_candidates/images/genistein/candidate_029_raw.png,CPFLOW/comparison_outputs/full44_imageft2_morphology_candidates/images/genistein/candidate_029_display.png,0.43878936767578125,0.04210381582379341,0.8618561029434204,0.14423438906669617,0.13960571587085724,0.1530706137418747,0.107466921210289,0.1593371331691742,0.18472886085510254,0.1562739908695221,0.501394510269165,0.5242252349853516,0.06457152962684631,0.9368724822998047,0.19522596895694733,0.22225389629602432,0.17743197828531265,0.10689624398946762,0.2054837867617607,0.19762010127305984,0.18263032287359238,0.4971952885389328
genistein,30,-0.2622552585144848,CPFLOW/comparison_outputs/full44_imageft2_morphology_candidates/images/genistein/candidate_030_raw.png,CPFLOW/comparison_outputs/full44_imageft2_morphology_candidates/images/genistein/candidate_030_display.png,0.5080909729003906,0.051056213676929474,0.8957491517066956,0.19169780611991882,0.2068842053413391,0.18137027323246002,0.12371096760034561,0.20965883135795593,0.1964414119720459,0.16319389641284943,0.49493861198425293,0.5242252349853516,0.06457152962684631,0.9368724822998047,0.19522596895694733,0.22225389629602432,0.17743197828531265,0.10689624398946762,0.2054837867617607,0.19762010127305984,0.18263032287359238,0.4971952885389328
genistein,31,-0.26175505380587827,CPFLOW/comparison_outputs/full44_imageft2_morphology_candidates/images/genistein/candidate_031_raw.png,CPFLOW/comparison_outputs/full44_imageft2_morphology_candidates/images/genistein/candidate_031_display.png,0.5344390869140625,0.053279563784599304,0.9047001600265503,0.19124983251094818,0.20496588945388794,0.20747646689414978,0.13174057006835938,0.19980281591415405,0.20712345838546753,0.1700083315372467,0.48231589794158936,0.5242252349853516,0.06457152962684631,0.9368724822998047,0.19522596895694733,0.22225389629602432,0.17743197828531265,0.10689624398946762,0.2054837867617607,0.19762010127305984,0.18263032287359238,0.4971952885389328
colchicine,0,-0.7093259017028115,CPFLOW/comparison_outputs/full44_imageft2_morphology_candidates/images/colchicine/candidate_000_raw.png,CPFLOW/comparison_outputs/full44_imageft2_morphology_candidates/images/colchicine/candidate_000_display.png,0.8979682922363281,0.07143986970186234,0.8654187321662903,0.2871396541595459,0.32678335905075073,0.2796512842178345,0.16400592029094696,0.15790487825870514,0.194341778755188,0.18612085282802582,0.49911755323410034,0.7587394714355469,0.08473660051822662,0.9157286882400513,0.2594502717256546,0.2953691631555557,0.23464612662792206,0.13862287998199463,0.18327003717422485,0.19975902140140533,0.18637479096651077,0.4985696077346802
colchicine,1,-0.847283794751252,CPFLOW/comparison_outputs/full44_imageft2_morphology_candidates/images/colchicine/candidate_001_raw.png,CPFLOW/comparison_outputs/full44_imageft2_morphology_candidates/images/colchicine/candidate_001_display.png,0.8926353454589844,0.08106206357479095,0.869414210319519,0.31339725852012634,0.3879621624946594,0.32189512252807617,0.21877102553844452,0.1925617903470993,0.21552030742168427,0.20593126118183136,0.5083909034729004,0.7587394714355469,0.08473660051822662,0.9157286882400513,0.2594502717256546,0.2953691631555557,0.23464612662792206,0.13862287998199463,0.18327003717422485,0.19975902140140533,0.18637479096651077,0.4985696077346802
colchicine,2,-4.141572765425041,CPFLOW/comparison_outputs/full44_imageft2_morphology_candidates/images/colchicine/candidate_002_raw.png,CPFLOW/comparison_outputs/full44_imageft2_morphology_candidates/images/colchicine/candidate_002_display.png,0.9576606750488281,0.06559596210718155,0.7934343218803406,0.24824276566505432,0.35980024933815,0.29002976417541504,0.2524462938308716,0.16751180589199066,0.17472749948501587,0.18789824843406677,0.5005064606666565,0.7587394714355469,0.08473660051822662,0.9157286882400513,0.2594502717256546,0.2953691631555557,0.23464612662792206,0.13862287998199463,0.18327003717422485,0.19975902140140533,0.18637479096651077,0.4985696077346802
colchicine,3,-3.982672532122338,CPFLOW/comparison_outputs/full44_imageft2_morphology_candidates/images/colchicine/candidate_003_raw.png,CPFLOW/comparison_outputs/full44_imageft2_morphology_candidates/images/colchicine/candidate_003_display.png,0.9461135864257812,0.08910351991653442,0.8396873474121094,0.32260966300964355,0.378233402967453,0.30135098099708557,0.20012325048446655,0.17002108693122864,0.19485561549663544,0.21220320463180542,0.5114108324050903,0.7587394714355469,0.08473660051822662,0.9157286882400513,0.2594502717256546,0.2953691631555557,0.23464612662792206,0.13862287998199463,0.18327003717422485,0.19975902140140533,0.18637479096651077,0.4985696077346802
colchicine,4,-4.004535996745537,CPFLOW/comparison_outputs/full44_imageft2_morphology_candidates/images/colchicine/candidate_004_raw.png,CPFLOW/comparison_outputs/full44_imageft2_morphology_candidates/images/colchicine/candidate_004_display.png,0.9497909545898438,0.07324504852294922,0.8219740390777588,0.2436237931251526,0.33098623156547546,0.3002825081348419,0.2552301585674286,0.17526152729988098,0.1984102874994278,0.19045951962471008,0.5025001168251038,0.7587394714355469,0.08473660051822662,0.9157286882400513,0.2594502717256546,0.2953691631555557,0.23464612662792206,0.13862287998199463,0.18327003717422485,0.19975902140140533,0.18637479096651077,0.4985696077346802
colchicine,5,-0.5461027909741784,CPFLOW/comparison_outputs/full44_imageft2_morphology_candidates/images/colchicine/candidate_005_raw.png,CPFLOW/comparison_outputs/full44_imageft2_morphology_candidates/images/colchicine/candidate_005_display.png,0.8264579772949219,0.06371070444583893,0.8589492440223694,0.2278011590242386,0.2783711850643158,0.25242727994918823,0.18747231364250183,0.16238933801651,0.18088603019714355,0.18840214610099792,0.5070316791534424,0.7587394714355469,0.08473660051822662,0.9157286882400513,0.2594502717256546,0.2953691631555557,0.23464612662792206,0.13862287998199463,0.18327003717422485,0.19975902140140533,0.18637479096651077,0.4985696077346802
colchicine,6,-0.3466524632585504,CPFLOW/comparison_outputs/full44_imageft2_morphology_candidates/images/colchicine/candidate_006_raw.png,CPFLOW/comparison_outputs/full44_imageft2_morphology_candidates/images/colchicine/candidate_006_display.png,0.7879371643066406,0.07561984658241272,0.8762819766998291,0.291402667760849,0.33628785610198975,0.22945642471313477,0.18692854046821594,0.20715168118476868,0.21205994486808777,0.1955106556415558,0.497501403093338,0.7587394714355469,0.08473660051822662,0.9157286882400513,0.2594502717256546,0.2953691631555557,0.23464612662792206,0.13862287998199463,0.18327003717422485,0.19975902140140533,0.18637479096651077,0.4985696077346802
colchicine,7,-4.012631705364762,CPFLOW/comparison_outputs/full44_imageft2_morphology_candidates/images/colchicine/candidate_007_raw.png,CPFLOW/comparison_outputs/full44_imageft2_morphology_candidates/images/colchicine/candidate_007_display.png,0.9364967346191406,0.06850697100162506,0.8152576684951782,0.28060513734817505,0.33983147144317627,0.3077967166900635,0.20815861225128174,0.1478191763162613,0.18187209963798523,0.20613542199134827,0.5073824524879456,0.7587394714355469,0.08473660051822662,0.9157286882400513,0.2594502717256546,0.2953691631555557,0.23464612662792206,0.13862287998199463,0.18327003717422485,0.19975902140140533,0.18637479096651077,0.4985696077346802
colchicine,8,-0.5832941151443181,CPFLOW/comparison_outputs/full44_imageft2_morphology_candidates/images/colchicine/candidate_008_raw.png,CPFLOW/comparison_outputs/full44_imageft2_morphology_candidates/images/colchicine/candidate_008_display.png,0.8785972595214844,0.0720849484205246,0.8596402406692505,0.2644222378730774,0.29722294211387634,0.25024712085723877,0.17748476564884186,0.157364621758461,0.19035875797271729,0.18883389234542847,0.5076427459716797,0.7587394714355469,0.08473660051822662,0.9157286882400513,0.2594502717256546,0.2953691631555557,0.23464612662792206,0.13862287998199463,0.18327003717422485,0.19975902140140533,0.18637479096651077,0.4985696077346802
colchicine,9,-0.4600322193281285,CPFLOW/comparison_outputs/full44_imageft2_morphology_candidates/images/colchicine/candidate_009_raw.png,CPFLOW/comparison_outputs/full44_imageft2_morphology_candidates/images/colchicine/candidate_009_display.png,0.740692138671875,0.06820720434188843,0.7984660267829895,0.23039592802524567,0.31819620728492737,0.20889616012573242,0.2023218721151352,0.20633606612682343,0.1668873280286789,0.17716851830482483,0.5053428411483765,0.7587394714355469,0.08473660051822662,0.9157286882400513,0.2594502717256546,0.2953691631555557,0.23464612662792206,0.13862287998199463,0.18327003717422485,0.19975902140140533,0.18637479096651077,0.4985696077346802
colchicine,10,-3.8831016340913287,CPFLOW/comparison_outputs/full44_imageft2_morphology_candidates/images/colchicine/candidate_010_raw.png,CPFLOW/comparison_outputs/full44_imageft2_morphology_candidates/images/colchicine/candidate_010_display.png,0.9330024719238281,0.06976659595966339,0.8281569480895996,0.2462131232023239,0.3166596591472626,0.2674141228199005,0.2291068732738495,0.17995931208133698,0.19261924922466278,0.18879927694797516,0.515475332736969,0.7587394714355469,0.08473660051822662,0.9157286882400513,0.2594502717256546,0.2953691631555557,0.23464612662792206,0.13862287998199463,0.18327003717422485,0.19975902140140533,0.18637479096651077,0.4985696077346802
colchicine,11,-4.182307333095047,CPFLOW/comparison_outputs/full44_imageft2_morphology_candidates/images/colchicine/candidate_011_raw.png,CPFLOW/comparison_outputs/full44_imageft2_morphology_candidates/images/colchicine/candidate_011_display.png,0.9586639404296875,0.07173143327236176,0.815036416053772,0.2691279649734497,0.3840508460998535,0.34594500064849854,0.25816288590431213,0.15832366049289703,0.1950046569108963,0.1959570348262787,0.4960387349128723,0.7587394714355469,0.08473660051822662,0.9157286882400513,0.2594502717256546,0.2953691631555557,0.23464612662792206,0.13862287998199463,0.18327003717422485,0.19975902140140533,0.18637479096651077,0.4985696077346802
colchicine,12,-0.8033919999389095,CPFLOW/comparison_outputs/full44_imageft2_morphology_candidates/images/colchicine/candidate_012_raw.png,CPFLOW/comparison_outputs/full44_imageft2_morphology_candidates/images/colchicine/candidate_012_display.png,0.8976287841796875,0.06777514517307281,0.8696230053901672,0.284405380487442,0.33817824721336365,0.28497549891471863,0.19492436945438385,0.16546830534934998,0.18422089517116547,0.2085571438074112,0.5087685585021973,0.7587394714355469,0.08473660051822662,0.9157286882400513,0.2594502717256546,0.2953691631555557,0.23464612662792206,0.13862287998199463,0.18327003717422485,0.19975902140140533,0.18637479096651077,0.4985696077346802
colchicine,13,-0.44265545936548395,CPFLOW/comparison_outputs/full44_imageft2_morphology_candidates/images/colchicine/candidate_013_raw.png,CPFLOW/comparison_outputs/full44_imageft2_morphology_candidates/images/colchicine/candidate_013_display.png,0.8483810424804688,0.07797066867351532,0.8565367460250854,0.28457197546958923,0.31533291935920715,0.23185119032859802,0.1653265506029129,0.18007676303386688,0.1968594640493393,0.18787001073360443,0.5020496249198914,0.7587394714355469,0.08473660051822662,0.9157286882400513,0.2594502717256546,0.2953691631555557,0.23464612662792206,0.13862287998199463,0.18327003717422485,0.19975902140140533,0.18637479096651077,0.4985696077346802
colchicine,14,-0.7031735659665195,CPFLOW/comparison_outputs/full44_imageft2_morphology_candidates/images/colchicine/candidate_014_raw.png,CPFLOW/comparison_outputs/full44_imageft2_morphology_candidates/images/colchicine/candidate_014_display.png,0.8651084899902344,0.0706912949681282,0.8427993655204773,0.30082955956459045,0.3641454875469208,0.28551602363586426,0.18140317499637604,0.1846916675567627,0.20449960231781006,0.19034016132354736,0.5015740394592285,0.7587394714355469,0.08473660051822662,0.9157286882400513,0.2594502717256546,0.2953691631555557,0.23464612662792206,0.13862287998199463,0.18327003717422485,0.19975902140140533,0.18637479096651077,0.4985696077346802
colchicine,15,-4.042625231363,CPFLOW/comparison_outputs/full44_imageft2_morphology_candidates/images/colchicine/candidate_015_raw.png,CPFLOW/comparison_outputs/full44_imageft2_morphology_candidates/images/colchicine/candidate_015_display.png,0.9366493225097656,0.07258636504411697,0.8291508555412292,0.2725648880004883,0.3879299461841583,0.31590506434440613,0.2432335466146469,0.17608141899108887,0.19115759432315826,0.1957762986421585,0.49603208899497986,0.7587394714355469,0.08473660051822662,0.9157286882400513,0.2594502717256546,0.2953691631555557,0.23464612662792206,0.13862287998199463,0.18327003717422485,0.19975902140140533,0.18637479096651077,0.4985696077346802
colchicine,16,-0.9230483715153623,CPFLOW/comparison_outputs/full44_imageft2_morphology_candidates/images/colchicine/candidate_016_raw.png,CPFLOW/comparison_outputs/full44_imageft2_morphology_candidates/images/colchicine/candidate_016_display.png,0.6396636962890625,0.058327145874500275,0.8274439573287964,0.19206464290618896,0.2152819186449051,0.17204564809799194,0.17906031012535095,0.18138617277145386,0.18422172963619232,0.15409785509109497,0.5070438981056213,0.7587394714355469,0.08473660051822662,0.9157286882400513,0.2594502717256546,0.2953691631555557,0.23464612662792206,0.13862287998199463,0.18327003717422485,0.19975902140140533,0.18637479096651077,0.4985696077346802
colchicine,17,-4.320156417596838,CPFLOW/comparison_outputs/full44_imageft2_morphology_candidates/images/colchicine/candidate_017_raw.png,CPFLOW/comparison_outputs/full44_imageft2_morphology_candidates/images/colchicine/candidate_017_display.png,0.9834060668945312,0.07951921224594116,0.7306081056594849,0.3002363443374634,0.3660401999950409,0.369510680437088,0.24948659539222717,0.1572318822145462,0.17158140242099762,0.20926152169704437,0.513449490070343,0.7587394714355469,0.08473660051822662,0.9157286882400513,0.2594502717256546,0.2953691631555557,0.23464612662792206,0.13862287998199463,0.18327003717422485,0.19975902140140533,0.18637479096651077,0.4985696077346802
colchicine,18,-0.7483916601503391,CPFLOW/comparison_outputs/full44_imageft2_morphology_candidates/images/colchicine/candidate_018_raw.png,CPFLOW/comparison_outputs/full44_imageft2_morphology_candidates/images/colchicine/candidate_018_display.png,0.8848037719726562,0.06956465542316437,0.8294433951377869,0.25486430525779724,0.3226191997528076,0.28063756227493286,0.2075320929288864,0.15922121703624725,0.1895786076784134,0.1925305873155594,0.5052316188812256,0.7587394714355469,0.08473660051822662,0.9157286882400513,0.2594502717256546,0.2953691631555557,0.23464612662792206,0.13862287998199463,0.18327003717422485,0.19975902140140533,0.18637479096651077,0.4985696077346802
colchicine,19,-3.9265402959019498,CPFLOW/comparison_outputs/full44_imageft2_morphology_candidates/images/colchicine/candidate_019_raw.png,CPFLOW/comparison_outputs/full44_imageft2_morphology_candidates/images/colchicine/candidate_019_display.png,0.9256706237792969,0.06702549010515213,0.8005621433258057,0.26230356097221375,0.3359817564487457,0.2817118465900421,0.19204039871692657,0.14887605607509613,0.17391887307167053,0.1901017427444458,0.5032961368560791,0.7587394714355469,0.08473660051822662,0.9157286882400513,0.2594502717256546,0.2953691631555557,0.23464612662792206,0.13862287998199463,0.18327003717422485,0.19975902140140533,0.18637479096651077,0.4985696077346802
colchicine,20,-4.000770458487642,CPFLOW/comparison_outputs/full44_imageft2_morphology_candidates/images/colchicine/candidate_020_raw.png,CPFLOW/comparison_outputs/full44_imageft2_morphology_candidates/images/colchicine/candidate_020_display.png,0.9323959350585938,0.06676911562681198,0.8261801600456238,0.2588465213775635,0.3753928244113922,0.2869524657726288,0.24272294342517853,0.1844656765460968,0.19875302910804749,0.1910356879234314,0.4994584321975708,0.7587394714355469,0.08473660051822662,0.9157286882400513,0.2594502717256546,0.2953691631555557,0.23464612662792206,0.13862287998199463,0.18327003717422485,0.19975902140140533,0.18637479096651077,0.4985696077346802
colchicine,21,-0.5899302392368978,CPFLOW/comparison_outputs/full44_imageft2_morphology_candidates/images/colchicine/candidate_021_raw.png,CPFLOW/comparison_outputs/full44_imageft2_morphology_candidates/images/colchicine/candidate_021_display.png,0.8356208801269531,0.0662958025932312,0.8434923887252808,0.24027295410633087,0.2516152858734131,0.1953512579202652,0.1532597541809082,0.15131786465644836,0.1676667183637619,0.18439647555351257,0.5001016855239868,0.7587394714355469,0.08473660051822662,0.9157286882400513,0.2594502717256546,0.2953691631555557,0.23464612662792206,0.13862287998199463,0.18327003717422485,0.19975902140140533,0.18637479096651077,0.4985696077346802
colchicine,22,-0.812240660475442,CPFLOW/comparison_outputs/full44_imageft2_morphology_candidates/images/colchicine/candidate_022_raw.png,CPFLOW/comparison_outputs/full44_imageft2_morphology_candidates/images/colchicine/candidate_022_display.png,0.9097976684570312,0.06915311515331268,0.8587931990623474,0.26911360025405884,0.31412360072135925,0.2884557247161865,0.2039586305618286,0.16082219779491425,0.18438124656677246,0.20381933450698853,0.5001011490821838,0.7587394714355469,0.08473660051822662,0.9157286882400513,0.2594502717256546,0.2953691631555557,0.23464612662792206,0.13862287998199463,0.18327003717422485,0.19975902140140533,0.18637479096651077,0.4985696077346802
colchicine,23,-0.6001815752631164,CPFLOW/comparison_outputs/full44_imageft2_morphology_candidates/images/colchicine/candidate_023_raw.png,CPFLOW/comparison_outputs/full44_imageft2_morphology_candidates/images/colchicine/candidate_023_display.png,0.8441734313964844,0.07010987401008606,0.8684709072113037,0.27914339303970337,0.3430718183517456,0.26909828186035156,0.19696064293384552,0.19006149470806122,0.21525201201438904,0.20263318717479706,0.5034831762313843,0.7587394714355469,0.08473660051822662,0.9157286882400513,0.2594502717256546,0.2953691631555557,0.23464612662792206,0.13862287998199463,0.18327003717422485,0.19975902140140533,0.18637479096651077,0.4985696077346802
colchicine,24,-0.8343229525567949,CPFLOW/comparison_outputs/full44_imageft2_morphology_candidates/images/colchicine/candidate_024_raw.png,CPFLOW/comparison_outputs/full44_imageft2_morphology_candidates/images/colchicine/candidate_024_display.png,0.9153709411621094,0.07177987694740295,0.8327752947807312,0.251943975687027,0.32063212990760803,0.259683758020401,0.2115689218044281,0.15389594435691833,0.15751837193965912,0.20217032730579376,0.49940723180770874,0.7587394714355469,0.08473660051822662,0.9157286882400513,0.2594502717256546,0.2953691631555557,0.23464612662792206,0.13862287998199463,0.18327003717422485,0.19975902140140533,0.18637479096651077,0.4985696077346802
colchicine,25,-0.70128183847262,CPFLOW/comparison_outputs/full44_imageft2_morphology_candidates/images/colchicine/candidate_025_raw.png,CPFLOW/comparison_outputs/full44_imageft2_morphology_candidates/images/colchicine/candidate_025_display.png,0.8722000122070312,0.07728266716003418,0.8670229315757751,0.30983537435531616,0.36190906167030334,0.28215596079826355,0.19648770987987518,0.19011671841144562,0.21793732047080994,0.2031857967376709,0.5053354501724243,0.7587394714355469,0.08473660051822662,0.9157286882400513,0.2594502717256546,0.2953691631555557,0.23464612662792206,0.13862287998199463,0.18327003717422485,0.19975902140140533,0.18637479096651077,0.4985696077346802
colchicine,26,-0.4534849777472739,CPFLOW/comparison_outputs/full44_imageft2_morphology_candidates/images/colchicine/candidate_026_raw.png,CPFLOW/comparison_outputs/full44_imageft2_morphology_candidates/images/colchicine/candidate_026_display.png,0.8390312194824219,0.08442169427871704,0.8657309412956238,0.2682376503944397,0.33641061186790466,0.22201943397521973,0.19567303359508514,0.19088231027126312,0.17502613365650177,0.1981041580438614,0.5052708387374878,0.7587394714355469,0.08473660051822662,0.9157286882400513,0.2594502717256546,0.2953691631555557,0.23464612662792206,0.13862287998199463,0.18327003717422485,0.19975902140140533,0.18637479096651077,0.4985696077346802
colchicine,27,-0.5755342513175952,CPFLOW/comparison_outputs/full44_imageft2_morphology_candidates/images/colchicine/candidate_027_raw.png,CPFLOW/comparison_outputs/full44_imageft2_morphology_candidates/images/colchicine/candidate_027_display.png,0.8623542785644531,0.08002239465713501,0.8632129430770874,0.2935330867767334,0.35552918910980225,0.24975739419460297,0.19650429487228394,0.19227108359336853,0.1990792453289032,0.18669579923152924,0.4896899163722992,0.7587394714355469,0.08473660051822662,0.9157286882400513,0.2594502717256546,0.2953691631555557,0.23464612662792206,0.13862287998199463,0.18327003717422485,0.19975902140140533,0.18637479096651077,0.4985696077346802
colchicine,28,-0.7286381351366438,CPFLOW/comparison_outputs/full44_imageft2_morphology_candidates/images/colchicine/candidate_028_raw.png,CPFLOW/comparison_outputs/full44_imageft2_morphology_candidates/images/colchicine/candidate_028_display.png,0.8999900817871094,0.08623473346233368,0.8715587258338928,0.31726473569869995,0.36932361125946045,0.27358582615852356,0.18657273054122925,0.1883295178413391,0.20995868742465973,0.2018715888261795,0.5107771158218384,0.7587394714355469,0.08473660051822662,0.9157286882400513,0.2594502717256546,0.2953691631555557,0.23464612662792206,0.13862287998199463,0.18327003717422485,0.19975902140140533,0.18637479096651077,0.4985696077346802
colchicine,29,-0.5728369528044226,CPFLOW/comparison_outputs/full44_imageft2_morphology_candidates/images/colchicine/candidate_029_raw.png,CPFLOW/comparison_outputs/full44_imageft2_morphology_candidates/images/colchicine/candidate_029_display.png,0.8745040893554688,0.07589860260486603,0.8876573443412781,0.27512162923812866,0.3226673901081085,0.26969513297080994,0.17417284846305847,0.1723281443119049,0.1934472918510437,0.19482362270355225,0.5036489367485046,0.7587394714355469,0.08473660051822662,0.9157286882400513,0.2594502717256546,0.2953691631555557,0.23464612662792206,0.13862287998199463,0.18327003717422485,0.19975902140140533,0.18637479096651077,0.4985696077346802
colchicine,30,-0.6964752529690976,CPFLOW/comparison_outputs/full44_imageft2_morphology_candidates/images/colchicine/candidate_030_raw.png,CPFLOW/comparison_outputs/full44_imageft2_morphology_candidates/images/colchicine/candidate_030_display.png,0.8765907287597656,0.07192802429199219,0.8369073867797852,0.2763601243495941,0.3569236993789673,0.2629087269306183,0.19304735958576202,0.17618034780025482,0.19339434802532196,0.18906311690807343,0.5035691261291504,0.7587394714355469,0.08473660051822662,0.9157286882400513,0.2594502717256546,0.2953691631555557,0.23464612662792206,0.13862287998199463,0.18327003717422485,0.19975902140140533,0.18637479096651077,0.4985696077346802
colchicine,31,-4.072558481895093,CPFLOW/comparison_outputs/full44_imageft2_morphology_candidates/images/colchicine/candidate_031_raw.png,CPFLOW/comparison_outputs/full44_imageft2_morphology_candidates/images/colchicine/candidate_031_display.png,0.9462966918945312,0.06459538638591766,0.7639089226722717,0.23337945342063904,0.30304402112960815,0.2894831895828247,0.2086205780506134,0.12914985418319702,0.1548117995262146,0.19138537347316742,0.5068409442901611,0.7587394714355469,0.08473660051822662,0.9157286882400513,0.2594502717256546,0.2953691631555557,0.23464612662792206,0.13862287998199463,0.18327003717422485,0.19975902140140533,0.18637479096651077,0.4985696077346802
